2026-09-24 16:28:20 DEBUG:busco.run_BUSCO	Command line: /usr/local/bin/busco -i outputs/medaka_round2/consensus.fasta -o outputs/busco_output -l saccharomycetaceae_odb12 -m genome -c 8
2026-09-24 16:28:20 INFO:busco.run_BUSCO	***** Start a BUSCO v6.0.0 analysis, current time: 09/24/2026 16:28:20 *****
2026-09-24 16:28:20 DEBUG:busco.ConfigManager	Getting config file
2026-09-24 16:28:20 INFO:busco.ConfigManager	Configuring BUSCO with local environment
2026-09-24 16:28:20 INFO:busco.BuscoConfig	Running genome mode
2026-09-24 16:28:20 INFO:busco.BuscoDownloadManager	Downloading information on latest versions of BUSCO data...
2026-09-24 16:28:25 DEBUG:busco.BuscoConfig	State of BUSCO config before run:
2026-09-24 16:28:25 DEBUG:busco.BuscoConfig	{'_allow_no_value': False,
 '_comment_prefixes': ('#', ';'),
 '_converters': <configparser.ConverterMapping object at 0x7fffb4e3d8b0>,
 '_defaults': {},
 '_delimiters': ('=', ':'),
 '_dict': <class 'dict'>,
 '_empty_lines_in_values': True,
 '_inline_comment_prefixes': (),
 '_input_filepath': 'outputs/medaka_round2/consensus.fasta',
 '_interpolation': <configparser.BasicInterpolation object at 0x7fffff02ff80>,
 '_mode': 'genome',
 '_optcre': re.compile('\n        (?P<option>.*?)                    # very permissive!\n        \\s*(?P<vi>=|:)\\s*              # any number of space/tab,\n                                           # followed by any of t, re.VERBOSE),
 '_proxies': {'DEFAULT': <Section: DEFAULT>,
              'augustus': <Section: augustus>,
              'bbtools': <Section: bbtools>,
              'busco_run': <Section: busco_run>,
              'etraining': <Section: etraining>,
              'gff2gbSmallDNA.pl': <Section: gff2gbSmallDNA.pl>,
              'hmmsearch': <Section: hmmsearch>,
              'makeblastdb': <Section: makeblastdb>,
              'metaeuk': <Section: metaeuk>,
              'miniprot': <Section: miniprot>,
              'new_species.pl': <Section: new_species.pl>,
              'optimize_augustus.pl': <Section: optimize_augustus.pl>,
              'prodigal': <Section: prodigal>,
              'sepp': <Section: sepp>,
              'tblastn': <Section: tblastn>},
 '_sections': {'augustus': {'command': '', 'path': ''},
               'bbtools': {'command': '', 'path': ''},
               'busco_run': {'auto-lineage': 'False',
                             'auto-lineage-euk': 'False',
                             'auto-lineage-prok': 'False',
                             'batch_mode': 'False',
                             'cpu': '8',
                             'datasets_version': 'odb12',
                             'download_base_url': 'https://busco-data.ezlab.org/v5/data/',
                             'download_path': '/data/busco_downloads',
                             'force': 'False',
                             'in': '/data/outputs/medaka_round2/consensus.fasta',
                             'lineage_dataset': 'saccharomycetaceae_odb12',
                             'main_out': 'outputs/busco_output',
                             'mode': 'genome',
                             'offline': 'False',
                             'opt-out-run-stats': 'False',
                             'out': 'outputs/busco_output',
                             'out_path': '/data',
                             'plot_percentages': 'False',
                             'quiet': 'False',
                             'restart': 'False',
                             'skip_bbtools': 'False',
                             'tar': 'False',
                             'use_augustus': 'False',
                             'use_metaeuk': 'False',
                             'use_miniprot': 'False'},
               'etraining': {'command': '', 'path': ''},
               'gff2gbSmallDNA.pl': {'command': '', 'path': ''},
               'hmmsearch': {'command': '', 'path': ''},
               'makeblastdb': {'command': '', 'path': ''},
               'metaeuk': {'command': '', 'path': ''},
               'miniprot': {'command': '', 'path': ''},
               'new_species.pl': {'command': '', 'path': ''},
               'optimize_augustus.pl': {'command': '', 'path': ''},
               'prodigal': {'command': '', 'path': ''},
               'sepp': {'command': '', 'path': ''},
               'tblastn': {'command': '', 'path': ''}},
 '_strict': True,
 'conf_file': 'local environment',
 'default_section': 'DEFAULT',
 'downloader': <busco.BuscoDownloadManager.BuscoDownloadManager object at 0x7fffb4473560>,
 'main_out': 'outputs/busco_output',
 'params': {'augustus_parameters': None,
            'augustus_species': None,
            'auto-lineage': False,
            'auto-lineage-euk': False,
            'auto-lineage-prok': False,
            'config_file': None,
            'contig_break': None,
            'cpu': 8,
            'datasets_version': None,
            'download': '==SUPPRESS==',
            'download_base_url': None,
            'download_path': None,
            'evalue': None,
            'force': False,
            'help': '==SUPPRESS==',
            'in': 'outputs/medaka_round2/consensus.fasta',
            'limit': None,
            'lineage_dataset': 'saccharomycetaceae_odb12',
            'list_datasets': '==SUPPRESS==',
            'long': False,
            'metaeuk_parameters': None,
            'metaeuk_rerun_parameters': None,
            'mode': 'genome',
            'offline': False,
            'opt-out-run-stats': False,
            'out': 'outputs/busco_output',
            'out_path': None,
            'plot': '==SUPPRESS==',
            'plot_percentages': False,
            'quiet': False,
            'restart': False,
            'scaffold_composition': False,
            'skip_bbtools': False,
            'tar': False,
            'use_augustus': False,
            'use_metaeuk': False,
            'use_miniprot': False,
            'version': '==SUPPRESS=='},
 'run_stats': {'cpu': 8,
               'lineage_dataset': ['saccharomycetaceae_odb12'],
               'mode': 'genome'}}
2026-09-24 16:28:25 INFO:busco.BuscoRunner	Input file is /data/outputs/medaka_round2/consensus.fasta
2026-09-24 16:28:25 INFO:busco.BuscoDownloadManager	Downloading file 'https://busco-data.ezlab.org/v5/data/lineages/saccharomycetaceae_odb12.2026-05-22.tar.gz'
2026-09-24 16:28:34 DEBUG:busco.BuscoDownloadManager	md5 hash is 91165eede68bfc60ec5a8681864dd137
2026-09-24 16:28:34 INFO:busco.BuscoDownloadManager	Decompressing file '/data/busco_downloads/lineages/saccharomycetaceae_odb12.tar.gz'
2026-09-24 16:28:54 DEBUG:busco.analysis.BuscoAnalysis	Check all required tools are accessible...
2026-09-24 16:28:55 DEBUG:busco.analysis.BuscoAnalysis	Checking dataset for HMM profiles
2026-09-24 16:28:55 INFO:busco.analysis.BuscoAnalysis	Running BUSCO using lineage dataset saccharomycetaceae_odb12 (eukaryota, 2026-05-22)
2026-09-24 16:28:55 INFO:busco.busco_tools.Toolset	Running 1 job(s) on bbtools, starting at 09/24/2026 16:28:55
2026-09-24 16:29:02 DEBUG:busco.busco_tools.Toolset	cmd call: stats.sh format=2 in=/data/outputs/medaka_round2/consensus.fasta n=10
2026-09-24 16:29:03 INFO:busco.busco_tools.Toolset	[bbtools]	1 of 1 task(s) completed
2026-09-24 16:29:03 DEBUG:busco.busco_tools.base	Tool: miniprot_index
2026-09-24 16:29:03 DEBUG:busco.busco_tools.base	Version: 0.17-r279
2026-09-24 16:29:03 INFO:busco.busco_tools.Toolset	Running 1 job(s) on miniprot_index, starting at 09/24/2026 16:29:03
2026-09-24 16:29:05 DEBUG:busco.busco_tools.Toolset	cmd call: miniprot -t 8 -d outputs/busco_output/run_saccharomycetaceae_odb12/miniprot_output/ref.mpi /data/outputs/medaka_round2/consensus.fasta
2026-09-24 16:29:06 INFO:busco.busco_tools.Toolset	[miniprot_index]	1 of 1 task(s) completed
2026-09-24 16:29:07 DEBUG:busco.busco_tools.base	Tool: miniprot_align
2026-09-24 16:29:07 DEBUG:busco.busco_tools.base	Version: 0.17-r279
2026-09-24 16:29:07 INFO:busco.busco_tools.Toolset	Running 1 job(s) on miniprot_align, starting at 09/24/2026 16:29:07
2026-09-24 16:29:09 DEBUG:busco.busco_tools.Toolset	cmd call: miniprot --trans -u -I --outs 0.95 -t 8 --gff outputs/busco_output/run_saccharomycetaceae_odb12/miniprot_output/ref.mpi outputs/busco_output/tmp/refseq_db.faa
2026-09-24 16:31:36 INFO:busco.busco_tools.Toolset	[miniprot_align]	1 of 1 task(s) completed
2026-09-24 16:31:39 INFO:busco.analysis.BuscoAnalysis	***** Run HMMER on gene sequences *****
2026-09-24 16:31:39 DEBUG:busco.busco_tools.base	Tool: hmmsearch
2026-09-24 16:31:39 DEBUG:busco.busco_tools.base	Version: 3.4
2026-09-24 16:31:42 INFO:busco.busco_tools.Toolset	Running 2129 job(s) on hmmsearch, starting at 09/24/2026 16:31:42
2026-09-24 16:31:46 DEBUG:busco.busco_tools.Toolset	cmd call: hmmsearch --domtblout outputs/busco_output/run_saccharomycetaceae_odb12/hmmer_output/10064at4893.out --cpu 1 /data/busco_downloads/lineages/saccharomycetaceae_odb12/hmms/10064at4893.hmm outputs/busco_output/run_saccharomycetaceae_odb12/miniprot_output/translated_proteins/10064at4893.faa
2026-09-24 16:31:46 DEBUG:busco.busco_tools.Toolset	cmd call: hmmsearch --domtblout outputs/busco_output/run_saccharomycetaceae_odb12/hmmer_output/12397at4893.out --cpu 1 /data/busco_downloads/lineages/saccharomycetaceae_odb12/hmms/12397at4893.hmm outputs/busco_output/run_saccharomycetaceae_odb12/miniprot_output/translated_proteins/12397at4893.faa
2026-09-24 16:31:46 DEBUG:busco.busco_tools.Toolset	cmd call: hmmsearch --domtblout outputs/busco_output/run_saccharomycetaceae_odb12/hmmer_output/1473at4893.out --cpu 1 /data/busco_downloads/lineages/saccharomycetaceae_odb12/hmms/1473at4893.hmm outputs/busco_output/run_saccharomycetaceae_odb12/miniprot_output/translated_proteins/1473at4893.faa
2026-09-24 16:31:46 DEBUG:busco.busco_tools.Toolset	cmd call: hmmsearch --domtblout outputs/busco_output/run_saccharomycetaceae_odb12/hmmer_output/10072at4893.out --cpu 1 /data/busco_downloads/lineages/saccharomycetaceae_odb12/hmms/10072at4893.hmm outputs/busco_output/run_saccharomycetaceae_odb12/miniprot_output/translated_proteins/10072at4893.faa
2026-09-24 16:31:46 DEBUG:busco.busco_tools.Toolset	cmd call: hmmsearch --domtblout outputs/busco_output/run_saccharomycetaceae_odb12/hmmer_output/16408at4893.out --cpu 1 /data/busco_downloads/lineages/saccharomycetaceae_odb12/hmms/16408at4893.hmm outputs/busco_output/run_saccharomycetaceae_odb12/miniprot_output/translated_proteins/16408at4893.faa
2026-09-24 16:31:46 DEBUG:busco.busco_tools.Toolset	cmd call: hmmsearch --domtblout outputs/busco_output/run_saccharomycetaceae_odb12/hmmer_output/17997at4893.out --cpu 1 /data/busco_downloads/lineages/saccharomycetaceae_odb12/hmms/17997at4893.hmm outputs/busco_output/run_saccharomycetaceae_odb12/miniprot_output/translated_proteins/17997at4893.faa
2026-09-24 16:31:46 DEBUG:busco.busco_tools.Toolset	cmd call: hmmsearch --domtblout outputs/busco_output/run_saccharomycetaceae_odb12/hmmer_output/12434at4893.out --cpu 1 /data/busco_downloads/lineages/saccharomycetaceae_odb12/hmms/12434at4893.hmm outputs/busco_output/run_saccharomycetaceae_odb12/miniprot_output/translated_proteins/12434at4893.faa
2026-09-24 16:31:46 DEBUG:busco.busco_tools.Toolset	cmd call: hmmsearch --domtblout outputs/busco_output/run_saccharomycetaceae_odb12/hmmer_output/19517at4893.out --cpu 1 /data/busco_downloads/lineages/saccharomycetaceae_odb12/hmms/19517at4893.hmm outputs/busco_output/run_saccharomycetaceae_odb12/miniprot_output/translated_proteins/19517at4893.faa
2026-09-24 16:31:46 DEBUG:busco.busco_tools.Toolset	cmd call: hmmsearch --domtblout outputs/busco_output/run_saccharomycetaceae_odb12/hmmer_output/10090at4893.out --cpu 1 /data/busco_downloads/lineages/saccharomycetaceae_odb12/hmms/10090at4893.hmm outputs/busco_output/run_saccharomycetaceae_odb12/miniprot_output/translated_proteins/10090at4893.faa
2026-09-24 16:31:46 DEBUG:busco.busco_tools.Toolset	cmd call: hmmsearch --domtblout outputs/busco_output/run_saccharomycetaceae_odb12/hmmer_output/20936at4893.out --cpu 1 /data/busco_downloads/lineages/saccharomycetaceae_odb12/hmms/20936at4893.hmm outputs/busco_output/run_saccharomycetaceae_odb12/miniprot_output/translated_proteins/20936at4893.faa
2026-09-24 16:31:46 DEBUG:busco.busco_tools.Toolset	cmd call: hmmsearch --domtblout outputs/busco_output/run_saccharomycetaceae_odb12/hmmer_output/14818at4893.out --cpu 1 /data/busco_downloads/lineages/saccharomycetaceae_odb12/hmms/14818at4893.hmm outputs/busco_output/run_saccharomycetaceae_odb12/miniprot_output/translated_proteins/14818at4893.faa
2026-09-24 16:31:46 DEBUG:busco.busco_tools.Toolset	cmd call: hmmsearch --domtblout outputs/busco_output/run_saccharomycetaceae_odb12/hmmer_output/22278at4893.out --cpu 1 /data/busco_downloads/lineages/saccharomycetaceae_odb12/hmms/22278at4893.hmm outputs/busco_output/run_saccharomycetaceae_odb12/miniprot_output/translated_proteins/22278at4893.faa
2026-09-24 16:31:46 DEBUG:busco.busco_tools.Toolset	cmd call: hmmsearch --domtblout outputs/busco_output/run_saccharomycetaceae_odb12/hmmer_output/16439at4893.out --cpu 1 /data/busco_downloads/lineages/saccharomycetaceae_odb12/hmms/16439at4893.hmm outputs/busco_output/run_saccharomycetaceae_odb12/miniprot_output/translated_proteins/16439at4893.faa
2026-09-24 16:31:46 DEBUG:busco.busco_tools.Toolset	cmd call: hmmsearch --domtblout outputs/busco_output/run_saccharomycetaceae_odb12/hmmer_output/12472at4893.out --cpu 1 /data/busco_downloads/lineages/saccharomycetaceae_odb12/hmms/12472at4893.hmm outputs/busco_output/run_saccharomycetaceae_odb12/miniprot_output/translated_proteins/12472at4893.faa
2026-09-24 16:31:46 DEBUG:busco.busco_tools.Toolset	cmd call: hmmsearch --domtblout outputs/busco_output/run_saccharomycetaceae_odb12/hmmer_output/1799at4893.out --cpu 1 /data/busco_downloads/lineages/saccharomycetaceae_odb12/hmms/1799at4893.hmm outputs/busco_output/run_saccharomycetaceae_odb12/miniprot_output/translated_proteins/1799at4893.faa
2026-09-24 16:31:46 DEBUG:busco.busco_tools.Toolset	cmd call: hmmsearch --domtblout outputs/busco_output/run_saccharomycetaceae_odb12/hmmer_output/19521at4893.out --cpu 1 /data/busco_downloads/lineages/saccharomycetaceae_odb12/hmms/19521at4893.hmm outputs/busco_output/run_saccharomycetaceae_odb12/miniprot_output/translated_proteins/19521at4893.faa
2026-09-24 16:31:46 DEBUG:busco.busco_tools.Toolset	cmd call: hmmsearch --domtblout outputs/busco_output/run_saccharomycetaceae_odb12/hmmer_output/1013at4893.out --cpu 1 /data/busco_downloads/lineages/saccharomycetaceae_odb12/hmms/1013at4893.hmm outputs/busco_output/run_saccharomycetaceae_odb12/miniprot_output/translated_proteins/1013at4893.faa
2026-09-24 16:31:46 DEBUG:busco.busco_tools.Toolset	cmd call: hmmsearch --domtblout outputs/busco_output/run_saccharomycetaceae_odb12/hmmer_output/1644at4893.out --cpu 1 /data/busco_downloads/lineages/saccharomycetaceae_odb12/hmms/1644at4893.hmm outputs/busco_output/run_saccharomycetaceae_odb12/miniprot_output/translated_proteins/1644at4893.faa
2026-09-24 16:31:46 DEBUG:busco.busco_tools.Toolset	cmd call: hmmsearch --domtblout outputs/busco_output/run_saccharomycetaceae_odb12/hmmer_output/22281at4893.out --cpu 1 /data/busco_downloads/lineages/saccharomycetaceae_odb12/hmms/22281at4893.hmm outputs/busco_output/run_saccharomycetaceae_odb12/miniprot_output/translated_proteins/22281at4893.faa
2026-09-24 16:31:46 DEBUG:busco.busco_tools.Toolset	cmd call: hmmsearch --domtblout outputs/busco_output/run_saccharomycetaceae_odb12/hmmer_output/14848at4893.out --cpu 1 /data/busco_downloads/lineages/saccharomycetaceae_odb12/hmms/14848at4893.hmm outputs/busco_output/run_saccharomycetaceae_odb12/miniprot_output/translated_proteins/14848at4893.faa
2026-09-24 16:31:46 DEBUG:busco.busco_tools.Toolset	cmd call: hmmsearch --domtblout outputs/busco_output/run_saccharomycetaceae_odb12/hmmer_output/18097at4893.out --cpu 1 /data/busco_downloads/lineages/saccharomycetaceae_odb12/hmms/18097at4893.hmm outputs/busco_output/run_saccharomycetaceae_odb12/miniprot_output/translated_proteins/18097at4893.faa
2026-09-24 16:31:46 DEBUG:busco.busco_tools.Toolset	cmd call: hmmsearch --domtblout outputs/busco_output/run_saccharomycetaceae_odb12/hmmer_output/12504at4893.out --cpu 1 /data/busco_downloads/lineages/saccharomycetaceae_odb12/hmms/12504at4893.hmm outputs/busco_output/run_saccharomycetaceae_odb12/miniprot_output/translated_proteins/12504at4893.faa
2026-09-24 16:31:46 DEBUG:busco.busco_tools.Toolset	cmd call: hmmsearch --domtblout outputs/busco_output/run_saccharomycetaceae_odb12/hmmer_output/19531at4893.out --cpu 1 /data/busco_downloads/lineages/saccharomycetaceae_odb12/hmms/19531at4893.hmm outputs/busco_output/run_saccharomycetaceae_odb12/miniprot_output/translated_proteins/19531at4893.faa
2026-09-24 16:31:46 DEBUG:busco.busco_tools.Toolset	cmd call: hmmsearch --domtblout outputs/busco_output/run_saccharomycetaceae_odb12/hmmer_output/1018at4893.out --cpu 1 /data/busco_downloads/lineages/saccharomycetaceae_odb12/hmms/1018at4893.hmm outputs/busco_output/run_saccharomycetaceae_odb12/miniprot_output/translated_proteins/1018at4893.faa
2026-09-24 16:31:46 DEBUG:busco.busco_tools.Toolset	cmd call: hmmsearch --domtblout outputs/busco_output/run_saccharomycetaceae_odb12/hmmer_output/22285at4893.out --cpu 1 /data/busco_downloads/lineages/saccharomycetaceae_odb12/hmms/22285at4893.hmm outputs/busco_output/run_saccharomycetaceae_odb12/miniprot_output/translated_proteins/22285at4893.faa
2026-09-24 16:31:46 DEBUG:busco.busco_tools.Toolset	cmd call: hmmsearch --domtblout outputs/busco_output/run_saccharomycetaceae_odb12/hmmer_output/14870at4893.out --cpu 1 /data/busco_downloads/lineages/saccharomycetaceae_odb12/hmms/14870at4893.hmm outputs/busco_output/run_saccharomycetaceae_odb12/miniprot_output/translated_proteins/14870at4893.faa
2026-09-24 16:31:46 DEBUG:busco.busco_tools.Toolset	cmd call: hmmsearch --domtblout outputs/busco_output/run_saccharomycetaceae_odb12/hmmer_output/16482at4893.out --cpu 1 /data/busco_downloads/lineages/saccharomycetaceae_odb12/hmms/16482at4893.hmm outputs/busco_output/run_saccharomycetaceae_odb12/miniprot_output/translated_proteins/16482at4893.faa
2026-09-24 16:31:46 DEBUG:busco.busco_tools.Toolset	cmd call: hmmsearch --domtblout outputs/busco_output/run_saccharomycetaceae_odb12/hmmer_output/12590at4893.out --cpu 1 /data/busco_downloads/lineages/saccharomycetaceae_odb12/hmms/12590at4893.hmm outputs/busco_output/run_saccharomycetaceae_odb12/miniprot_output/translated_proteins/12590at4893.faa
2026-09-24 16:31:46 DEBUG:busco.busco_tools.Toolset	cmd call: hmmsearch --domtblout outputs/busco_output/run_saccharomycetaceae_odb12/hmmer_output/180at4893.out --cpu 1 /data/busco_downloads/lineages/saccharomycetaceae_odb12/hmms/180at4893.hmm outputs/busco_output/run_saccharomycetaceae_odb12/miniprot_output/translated_proteins/180at4893.faa
2026-09-24 16:31:46 DEBUG:busco.busco_tools.Toolset	cmd call: hmmsearch --domtblout outputs/busco_output/run_saccharomycetaceae_odb12/hmmer_output/10216at4893.out --cpu 1 /data/busco_downloads/lineages/saccharomycetaceae_odb12/hmms/10216at4893.hmm outputs/busco_output/run_saccharomycetaceae_odb12/miniprot_output/translated_proteins/10216at4893.faa
2026-09-24 16:31:46 DEBUG:busco.busco_tools.Toolset	cmd call: hmmsearch --domtblout outputs/busco_output/run_saccharomycetaceae_odb12/hmmer_output/16506at4893.out --cpu 1 /data/busco_downloads/lineages/saccharomycetaceae_odb12/hmms/16506at4893.hmm outputs/busco_output/run_saccharomycetaceae_odb12/miniprot_output/translated_proteins/16506at4893.faa
2026-09-24 16:31:46 DEBUG:busco.busco_tools.Toolset	cmd call: hmmsearch --domtblout outputs/busco_output/run_saccharomycetaceae_odb12/hmmer_output/14884at4893.out --cpu 1 /data/busco_downloads/lineages/saccharomycetaceae_odb12/hmms/14884at4893.hmm outputs/busco_output/run_saccharomycetaceae_odb12/miniprot_output/translated_proteins/14884at4893.faa
2026-09-24 16:31:46 DEBUG:busco.busco_tools.Toolset	cmd call: hmmsearch --domtblout outputs/busco_output/run_saccharomycetaceae_odb12/hmmer_output/22287at4893.out --cpu 1 /data/busco_downloads/lineages/saccharomycetaceae_odb12/hmms/22287at4893.hmm outputs/busco_output/run_saccharomycetaceae_odb12/miniprot_output/translated_proteins/22287at4893.faa
2026-09-24 16:31:46 DEBUG:busco.busco_tools.Toolset	cmd call: hmmsearch --domtblout outputs/busco_output/run_saccharomycetaceae_odb12/hmmer_output/19532at4893.out --cpu 1 /data/busco_downloads/lineages/saccharomycetaceae_odb12/hmms/19532at4893.hmm outputs/busco_output/run_saccharomycetaceae_odb12/miniprot_output/translated_proteins/19532at4893.faa
2026-09-24 16:31:46 DEBUG:busco.busco_tools.Toolset	cmd call: hmmsearch --domtblout outputs/busco_output/run_saccharomycetaceae_odb12/hmmer_output/20949at4893.out --cpu 1 /data/busco_downloads/lineages/saccharomycetaceae_odb12/hmms/20949at4893.hmm outputs/busco_output/run_saccharomycetaceae_odb12/miniprot_output/translated_proteins/20949at4893.faa
2026-09-24 16:31:46 DEBUG:busco.busco_tools.Toolset	cmd call: hmmsearch --domtblout outputs/busco_output/run_saccharomycetaceae_odb12/hmmer_output/12605at4893.out --cpu 1 /data/busco_downloads/lineages/saccharomycetaceae_odb12/hmms/12605at4893.hmm outputs/busco_output/run_saccharomycetaceae_odb12/miniprot_output/translated_proteins/12605at4893.faa
2026-09-24 16:31:46 DEBUG:busco.busco_tools.Toolset	cmd call: hmmsearch --domtblout outputs/busco_output/run_saccharomycetaceae_odb12/hmmer_output/18159at4893.out --cpu 1 /data/busco_downloads/lineages/saccharomycetaceae_odb12/hmms/18159at4893.hmm outputs/busco_output/run_saccharomycetaceae_odb12/miniprot_output/translated_proteins/18159at4893.faa
2026-09-24 16:31:47 DEBUG:busco.busco_tools.Toolset	cmd call: hmmsearch --domtblout outputs/busco_output/run_saccharomycetaceae_odb12/hmmer_output/10288at4893.out --cpu 1 /data/busco_downloads/lineages/saccharomycetaceae_odb12/hmms/10288at4893.hmm outputs/busco_output/run_saccharomycetaceae_odb12/miniprot_output/translated_proteins/10288at4893.faa
2026-09-24 16:31:47 DEBUG:busco.busco_tools.Toolset	cmd call: hmmsearch --domtblout outputs/busco_output/run_saccharomycetaceae_odb12/hmmer_output/20968at4893.out --cpu 1 /data/busco_downloads/lineages/saccharomycetaceae_odb12/hmms/20968at4893.hmm outputs/busco_output/run_saccharomycetaceae_odb12/miniprot_output/translated_proteins/20968at4893.faa
2026-09-24 16:31:47 DEBUG:busco.busco_tools.Toolset	cmd call: hmmsearch --domtblout outputs/busco_output/run_saccharomycetaceae_odb12/hmmer_output/16527at4893.out --cpu 1 /data/busco_downloads/lineages/saccharomycetaceae_odb12/hmms/16527at4893.hmm outputs/busco_output/run_saccharomycetaceae_odb12/miniprot_output/translated_proteins/16527at4893.faa
2026-09-24 16:31:47 DEBUG:busco.busco_tools.Toolset	cmd call: hmmsearch --domtblout outputs/busco_output/run_saccharomycetaceae_odb12/hmmer_output/12611at4893.out --cpu 1 /data/busco_downloads/lineages/saccharomycetaceae_odb12/hmms/12611at4893.hmm outputs/busco_output/run_saccharomycetaceae_odb12/miniprot_output/translated_proteins/12611at4893.faa
2026-09-24 16:31:47 DEBUG:busco.busco_tools.Toolset	cmd call: hmmsearch --domtblout outputs/busco_output/run_saccharomycetaceae_odb12/hmmer_output/22347at4893.out --cpu 1 /data/busco_downloads/lineages/saccharomycetaceae_odb12/hmms/22347at4893.hmm outputs/busco_output/run_saccharomycetaceae_odb12/miniprot_output/translated_proteins/22347at4893.faa
2026-09-24 16:31:47 DEBUG:busco.busco_tools.Toolset	cmd call: hmmsearch --domtblout outputs/busco_output/run_saccharomycetaceae_odb12/hmmer_output/14908at4893.out --cpu 1 /data/busco_downloads/lineages/saccharomycetaceae_odb12/hmms/14908at4893.hmm outputs/busco_output/run_saccharomycetaceae_odb12/miniprot_output/translated_proteins/14908at4893.faa
2026-09-24 16:31:47 DEBUG:busco.busco_tools.Toolset	cmd call: hmmsearch --domtblout outputs/busco_output/run_saccharomycetaceae_odb12/hmmer_output/18177at4893.out --cpu 1 /data/busco_downloads/lineages/saccharomycetaceae_odb12/hmms/18177at4893.hmm outputs/busco_output/run_saccharomycetaceae_odb12/miniprot_output/translated_proteins/18177at4893.faa
2026-09-24 16:31:47 DEBUG:busco.busco_tools.Toolset	cmd call: hmmsearch --domtblout outputs/busco_output/run_saccharomycetaceae_odb12/hmmer_output/19626at4893.out --cpu 1 /data/busco_downloads/lineages/saccharomycetaceae_odb12/hmms/19626at4893.hmm outputs/busco_output/run_saccharomycetaceae_odb12/miniprot_output/translated_proteins/19626at4893.faa
2026-09-24 16:31:47 DEBUG:busco.busco_tools.Toolset	cmd call: hmmsearch --domtblout outputs/busco_output/run_saccharomycetaceae_odb12/hmmer_output/10303at4893.out --cpu 1 /data/busco_downloads/lineages/saccharomycetaceae_odb12/hmms/10303at4893.hmm outputs/busco_output/run_saccharomycetaceae_odb12/miniprot_output/translated_proteins/10303at4893.faa
2026-09-24 16:31:47 DEBUG:busco.busco_tools.Toolset	cmd call: hmmsearch --domtblout outputs/busco_output/run_saccharomycetaceae_odb12/hmmer_output/20977at4893.out --cpu 1 /data/busco_downloads/lineages/saccharomycetaceae_odb12/hmms/20977at4893.hmm outputs/busco_output/run_saccharomycetaceae_odb12/miniprot_output/translated_proteins/20977at4893.faa
2026-09-24 16:31:47 DEBUG:busco.busco_tools.Toolset	cmd call: hmmsearch --domtblout outputs/busco_output/run_saccharomycetaceae_odb12/hmmer_output/14911at4893.out --cpu 1 /data/busco_downloads/lineages/saccharomycetaceae_odb12/hmms/14911at4893.hmm outputs/busco_output/run_saccharomycetaceae_odb12/miniprot_output/translated_proteins/14911at4893.faa
2026-09-24 16:31:47 DEBUG:busco.busco_tools.Toolset	cmd call: hmmsearch --domtblout outputs/busco_output/run_saccharomycetaceae_odb12/hmmer_output/12643at4893.out --cpu 1 /data/busco_downloads/lineages/saccharomycetaceae_odb12/hmms/12643at4893.hmm outputs/busco_output/run_saccharomycetaceae_odb12/miniprot_output/translated_proteins/12643at4893.faa
2026-09-24 16:31:47 DEBUG:busco.busco_tools.Toolset	cmd call: hmmsearch --domtblout outputs/busco_output/run_saccharomycetaceae_odb12/hmmer_output/16540at4893.out --cpu 1 /data/busco_downloads/lineages/saccharomycetaceae_odb12/hmms/16540at4893.hmm outputs/busco_output/run_saccharomycetaceae_odb12/miniprot_output/translated_proteins/16540at4893.faa
2026-09-24 16:31:47 DEBUG:busco.busco_tools.Toolset	cmd call: hmmsearch --domtblout outputs/busco_output/run_saccharomycetaceae_odb12/hmmer_output/22365at4893.out --cpu 1 /data/busco_downloads/lineages/saccharomycetaceae_odb12/hmms/22365at4893.hmm outputs/busco_output/run_saccharomycetaceae_odb12/miniprot_output/translated_proteins/22365at4893.faa
2026-09-24 16:31:47 DEBUG:busco.busco_tools.Toolset	cmd call: hmmsearch --domtblout outputs/busco_output/run_saccharomycetaceae_odb12/hmmer_output/19677at4893.out --cpu 1 /data/busco_downloads/lineages/saccharomycetaceae_odb12/hmms/19677at4893.hmm outputs/busco_output/run_saccharomycetaceae_odb12/miniprot_output/translated_proteins/19677at4893.faa
2026-09-24 16:31:47 DEBUG:busco.busco_tools.Toolset	cmd call: hmmsearch --domtblout outputs/busco_output/run_saccharomycetaceae_odb12/hmmer_output/18190at4893.out --cpu 1 /data/busco_downloads/lineages/saccharomycetaceae_odb12/hmms/18190at4893.hmm outputs/busco_output/run_saccharomycetaceae_odb12/miniprot_output/translated_proteins/18190at4893.faa
2026-09-24 16:31:47 DEBUG:busco.busco_tools.Toolset	cmd call: hmmsearch --domtblout outputs/busco_output/run_saccharomycetaceae_odb12/hmmer_output/10321at4893.out --cpu 1 /data/busco_downloads/lineages/saccharomycetaceae_odb12/hmms/10321at4893.hmm outputs/busco_output/run_saccharomycetaceae_odb12/miniprot_output/translated_proteins/10321at4893.faa
2026-09-24 16:31:47 DEBUG:busco.busco_tools.Toolset	cmd call: hmmsearch --domtblout outputs/busco_output/run_saccharomycetaceae_odb12/hmmer_output/20994at4893.out --cpu 1 /data/busco_downloads/lineages/saccharomycetaceae_odb12/hmms/20994at4893.hmm outputs/busco_output/run_saccharomycetaceae_odb12/miniprot_output/translated_proteins/20994at4893.faa
2026-09-24 16:31:47 DEBUG:busco.busco_tools.Toolset	cmd call: hmmsearch --domtblout outputs/busco_output/run_saccharomycetaceae_odb12/hmmer_output/14975at4893.out --cpu 1 /data/busco_downloads/lineages/saccharomycetaceae_odb12/hmms/14975at4893.hmm outputs/busco_output/run_saccharomycetaceae_odb12/miniprot_output/translated_proteins/14975at4893.faa
2026-09-24 16:31:47 DEBUG:busco.busco_tools.Toolset	cmd call: hmmsearch --domtblout outputs/busco_output/run_saccharomycetaceae_odb12/hmmer_output/19691at4893.out --cpu 1 /data/busco_downloads/lineages/saccharomycetaceae_odb12/hmms/19691at4893.hmm outputs/busco_output/run_saccharomycetaceae_odb12/miniprot_output/translated_proteins/19691at4893.faa
2026-09-24 16:31:47 DEBUG:busco.busco_tools.Toolset	cmd call: hmmsearch --domtblout outputs/busco_output/run_saccharomycetaceae_odb12/hmmer_output/1034at4893.out --cpu 1 /data/busco_downloads/lineages/saccharomycetaceae_odb12/hmms/1034at4893.hmm outputs/busco_output/run_saccharomycetaceae_odb12/miniprot_output/translated_proteins/1034at4893.faa
2026-09-24 16:31:47 DEBUG:busco.busco_tools.Toolset	cmd call: hmmsearch --domtblout outputs/busco_output/run_saccharomycetaceae_odb12/hmmer_output/18225at4893.out --cpu 1 /data/busco_downloads/lineages/saccharomycetaceae_odb12/hmms/18225at4893.hmm outputs/busco_output/run_saccharomycetaceae_odb12/miniprot_output/translated_proteins/18225at4893.faa
2026-09-24 16:31:47 DEBUG:busco.busco_tools.Toolset	cmd call: hmmsearch --domtblout outputs/busco_output/run_saccharomycetaceae_odb12/hmmer_output/12681at4893.out --cpu 1 /data/busco_downloads/lineages/saccharomycetaceae_odb12/hmms/12681at4893.hmm outputs/busco_output/run_saccharomycetaceae_odb12/miniprot_output/translated_proteins/12681at4893.faa
2026-09-24 16:31:47 DEBUG:busco.busco_tools.Toolset	cmd call: hmmsearch --domtblout outputs/busco_output/run_saccharomycetaceae_odb12/hmmer_output/22366at4893.out --cpu 1 /data/busco_downloads/lineages/saccharomycetaceae_odb12/hmms/22366at4893.hmm outputs/busco_output/run_saccharomycetaceae_odb12/miniprot_output/translated_proteins/22366at4893.faa
2026-09-24 16:31:47 DEBUG:busco.busco_tools.Toolset	cmd call: hmmsearch --domtblout outputs/busco_output/run_saccharomycetaceae_odb12/hmmer_output/19696at4893.out --cpu 1 /data/busco_downloads/lineages/saccharomycetaceae_odb12/hmms/19696at4893.hmm outputs/busco_output/run_saccharomycetaceae_odb12/miniprot_output/translated_proteins/19696at4893.faa
2026-09-24 16:31:47 DEBUG:busco.busco_tools.Toolset	cmd call: hmmsearch --domtblout outputs/busco_output/run_saccharomycetaceae_odb12/hmmer_output/15055at4893.out --cpu 1 /data/busco_downloads/lineages/saccharomycetaceae_odb12/hmms/15055at4893.hmm outputs/busco_output/run_saccharomycetaceae_odb12/miniprot_output/translated_proteins/15055at4893.faa
2026-09-24 16:31:47 DEBUG:busco.busco_tools.Toolset	cmd call: hmmsearch --domtblout outputs/busco_output/run_saccharomycetaceae_odb12/hmmer_output/21049at4893.out --cpu 1 /data/busco_downloads/lineages/saccharomycetaceae_odb12/hmms/21049at4893.hmm outputs/busco_output/run_saccharomycetaceae_odb12/miniprot_output/translated_proteins/21049at4893.faa
2026-09-24 16:31:47 DEBUG:busco.busco_tools.Toolset	cmd call: hmmsearch --domtblout outputs/busco_output/run_saccharomycetaceae_odb12/hmmer_output/1656at4893.out --cpu 1 /data/busco_downloads/lineages/saccharomycetaceae_odb12/hmms/1656at4893.hmm outputs/busco_output/run_saccharomycetaceae_odb12/miniprot_output/translated_proteins/1656at4893.faa
2026-09-24 16:31:47 DEBUG:busco.busco_tools.Toolset	cmd call: hmmsearch --domtblout outputs/busco_output/run_saccharomycetaceae_odb12/hmmer_output/18229at4893.out --cpu 1 /data/busco_downloads/lineages/saccharomycetaceae_odb12/hmms/18229at4893.hmm outputs/busco_output/run_saccharomycetaceae_odb12/miniprot_output/translated_proteins/18229at4893.faa
2026-09-24 16:31:47 DEBUG:busco.busco_tools.Toolset	cmd call: hmmsearch --domtblout outputs/busco_output/run_saccharomycetaceae_odb12/hmmer_output/12712at4893.out --cpu 1 /data/busco_downloads/lineages/saccharomycetaceae_odb12/hmms/12712at4893.hmm outputs/busco_output/run_saccharomycetaceae_odb12/miniprot_output/translated_proteins/12712at4893.faa
2026-09-24 16:31:47 DEBUG:busco.busco_tools.Toolset	cmd call: hmmsearch --domtblout outputs/busco_output/run_saccharomycetaceae_odb12/hmmer_output/22373at4893.out --cpu 1 /data/busco_downloads/lineages/saccharomycetaceae_odb12/hmms/22373at4893.hmm outputs/busco_output/run_saccharomycetaceae_odb12/miniprot_output/translated_proteins/22373at4893.faa
2026-09-24 16:31:47 DEBUG:busco.busco_tools.Toolset	cmd call: hmmsearch --domtblout outputs/busco_output/run_saccharomycetaceae_odb12/hmmer_output/1035at4893.out --cpu 1 /data/busco_downloads/lineages/saccharomycetaceae_odb12/hmms/1035at4893.hmm outputs/busco_output/run_saccharomycetaceae_odb12/miniprot_output/translated_proteins/1035at4893.faa
2026-09-24 16:31:47 DEBUG:busco.busco_tools.Toolset	cmd call: hmmsearch --domtblout outputs/busco_output/run_saccharomycetaceae_odb12/hmmer_output/15073at4893.out --cpu 1 /data/busco_downloads/lineages/saccharomycetaceae_odb12/hmms/15073at4893.hmm outputs/busco_output/run_saccharomycetaceae_odb12/miniprot_output/translated_proteins/15073at4893.faa
2026-09-24 16:31:47 DEBUG:busco.busco_tools.Toolset	cmd call: hmmsearch --domtblout outputs/busco_output/run_saccharomycetaceae_odb12/hmmer_output/21070at4893.out --cpu 1 /data/busco_downloads/lineages/saccharomycetaceae_odb12/hmms/21070at4893.hmm outputs/busco_output/run_saccharomycetaceae_odb12/miniprot_output/translated_proteins/21070at4893.faa
2026-09-24 16:31:47 DEBUG:busco.busco_tools.Toolset	cmd call: hmmsearch --domtblout outputs/busco_output/run_saccharomycetaceae_odb12/hmmer_output/10373at4893.out --cpu 1 /data/busco_downloads/lineages/saccharomycetaceae_odb12/hmms/10373at4893.hmm outputs/busco_output/run_saccharomycetaceae_odb12/miniprot_output/translated_proteins/10373at4893.faa
2026-09-24 16:31:47 DEBUG:busco.busco_tools.Toolset	cmd call: hmmsearch --domtblout outputs/busco_output/run_saccharomycetaceae_odb12/hmmer_output/16575at4893.out --cpu 1 /data/busco_downloads/lineages/saccharomycetaceae_odb12/hmms/16575at4893.hmm outputs/busco_output/run_saccharomycetaceae_odb12/miniprot_output/translated_proteins/16575at4893.faa
2026-09-24 16:31:47 DEBUG:busco.busco_tools.Toolset	cmd call: hmmsearch --domtblout outputs/busco_output/run_saccharomycetaceae_odb12/hmmer_output/22384at4893.out --cpu 1 /data/busco_downloads/lineages/saccharomycetaceae_odb12/hmms/22384at4893.hmm outputs/busco_output/run_saccharomycetaceae_odb12/miniprot_output/translated_proteins/22384at4893.faa
2026-09-24 16:31:47 DEBUG:busco.busco_tools.Toolset	cmd call: hmmsearch --domtblout outputs/busco_output/run_saccharomycetaceae_odb12/hmmer_output/1972at4893.out --cpu 1 /data/busco_downloads/lineages/saccharomycetaceae_odb12/hmms/1972at4893.hmm outputs/busco_output/run_saccharomycetaceae_odb12/miniprot_output/translated_proteins/1972at4893.faa
2026-09-24 16:31:47 DEBUG:busco.busco_tools.Toolset	cmd call: hmmsearch --domtblout outputs/busco_output/run_saccharomycetaceae_odb12/hmmer_output/12715at4893.out --cpu 1 /data/busco_downloads/lineages/saccharomycetaceae_odb12/hmms/12715at4893.hmm outputs/busco_output/run_saccharomycetaceae_odb12/miniprot_output/translated_proteins/12715at4893.faa
2026-09-24 16:31:47 DEBUG:busco.busco_tools.Toolset	cmd call: hmmsearch --domtblout outputs/busco_output/run_saccharomycetaceae_odb12/hmmer_output/1823at4893.out --cpu 1 /data/busco_downloads/lineages/saccharomycetaceae_odb12/hmms/1823at4893.hmm outputs/busco_output/run_saccharomycetaceae_odb12/miniprot_output/translated_proteins/1823at4893.faa
2026-09-24 16:31:47 DEBUG:busco.busco_tools.Toolset	cmd call: hmmsearch --domtblout outputs/busco_output/run_saccharomycetaceae_odb12/hmmer_output/12723at4893.out --cpu 1 /data/busco_downloads/lineages/saccharomycetaceae_odb12/hmms/12723at4893.hmm outputs/busco_output/run_saccharomycetaceae_odb12/miniprot_output/translated_proteins/12723at4893.faa
2026-09-24 16:31:47 DEBUG:busco.busco_tools.Toolset	cmd call: hmmsearch --domtblout outputs/busco_output/run_saccharomycetaceae_odb12/hmmer_output/18262at4893.out --cpu 1 /data/busco_downloads/lineages/saccharomycetaceae_odb12/hmms/18262at4893.hmm outputs/busco_output/run_saccharomycetaceae_odb12/miniprot_output/translated_proteins/18262at4893.faa
2026-09-24 16:31:47 DEBUG:busco.busco_tools.Toolset	cmd call: hmmsearch --domtblout outputs/busco_output/run_saccharomycetaceae_odb12/hmmer_output/21078at4893.out --cpu 1 /data/busco_downloads/lineages/saccharomycetaceae_odb12/hmms/21078at4893.hmm outputs/busco_output/run_saccharomycetaceae_odb12/miniprot_output/translated_proteins/21078at4893.faa
2026-09-24 16:31:47 DEBUG:busco.busco_tools.Toolset	cmd call: hmmsearch --domtblout outputs/busco_output/run_saccharomycetaceae_odb12/hmmer_output/16635at4893.out --cpu 1 /data/busco_downloads/lineages/saccharomycetaceae_odb12/hmms/16635at4893.hmm outputs/busco_output/run_saccharomycetaceae_odb12/miniprot_output/translated_proteins/16635at4893.faa
2026-09-24 16:31:48 DEBUG:busco.busco_tools.Toolset	cmd call: hmmsearch --domtblout outputs/busco_output/run_saccharomycetaceae_odb12/hmmer_output/19749at4893.out --cpu 1 /data/busco_downloads/lineages/saccharomycetaceae_odb12/hmms/19749at4893.hmm outputs/busco_output/run_saccharomycetaceae_odb12/miniprot_output/translated_proteins/19749at4893.faa
2026-09-24 16:31:48 DEBUG:busco.busco_tools.Toolset	cmd call: hmmsearch --domtblout outputs/busco_output/run_saccharomycetaceae_odb12/hmmer_output/10383at4893.out --cpu 1 /data/busco_downloads/lineages/saccharomycetaceae_odb12/hmms/10383at4893.hmm outputs/busco_output/run_saccharomycetaceae_odb12/miniprot_output/translated_proteins/10383at4893.faa
2026-09-24 16:31:48 DEBUG:busco.busco_tools.Toolset	cmd call: hmmsearch --domtblout outputs/busco_output/run_saccharomycetaceae_odb12/hmmer_output/22400at4893.out --cpu 1 /data/busco_downloads/lineages/saccharomycetaceae_odb12/hmms/22400at4893.hmm outputs/busco_output/run_saccharomycetaceae_odb12/miniprot_output/translated_proteins/22400at4893.faa
2026-09-24 16:31:48 DEBUG:busco.busco_tools.Toolset	cmd call: hmmsearch --domtblout outputs/busco_output/run_saccharomycetaceae_odb12/hmmer_output/1272at4893.out --cpu 1 /data/busco_downloads/lineages/saccharomycetaceae_odb12/hmms/1272at4893.hmm outputs/busco_output/run_saccharomycetaceae_odb12/miniprot_output/translated_proteins/1272at4893.faa
2026-09-24 16:31:48 DEBUG:busco.busco_tools.Toolset	cmd call: hmmsearch --domtblout outputs/busco_output/run_saccharomycetaceae_odb12/hmmer_output/15087at4893.out --cpu 1 /data/busco_downloads/lineages/saccharomycetaceae_odb12/hmms/15087at4893.hmm outputs/busco_output/run_saccharomycetaceae_odb12/miniprot_output/translated_proteins/15087at4893.faa
2026-09-24 16:31:48 DEBUG:busco.busco_tools.Toolset	cmd call: hmmsearch --domtblout outputs/busco_output/run_saccharomycetaceae_odb12/hmmer_output/18269at4893.out --cpu 1 /data/busco_downloads/lineages/saccharomycetaceae_odb12/hmms/18269at4893.hmm outputs/busco_output/run_saccharomycetaceae_odb12/miniprot_output/translated_proteins/18269at4893.faa
2026-09-24 16:31:48 DEBUG:busco.busco_tools.Toolset	cmd call: hmmsearch --domtblout outputs/busco_output/run_saccharomycetaceae_odb12/hmmer_output/16694at4893.out --cpu 1 /data/busco_downloads/lineages/saccharomycetaceae_odb12/hmms/16694at4893.hmm outputs/busco_output/run_saccharomycetaceae_odb12/miniprot_output/translated_proteins/16694at4893.faa
2026-09-24 16:31:48 DEBUG:busco.busco_tools.Toolset	cmd call: hmmsearch --domtblout outputs/busco_output/run_saccharomycetaceae_odb12/hmmer_output/2111at4893.out --cpu 1 /data/busco_downloads/lineages/saccharomycetaceae_odb12/hmms/2111at4893.hmm outputs/busco_output/run_saccharomycetaceae_odb12/miniprot_output/translated_proteins/2111at4893.faa
2026-09-24 16:31:48 DEBUG:busco.busco_tools.Toolset	cmd call: hmmsearch --domtblout outputs/busco_output/run_saccharomycetaceae_odb12/hmmer_output/12751at4893.out --cpu 1 /data/busco_downloads/lineages/saccharomycetaceae_odb12/hmms/12751at4893.hmm outputs/busco_output/run_saccharomycetaceae_odb12/miniprot_output/translated_proteins/12751at4893.faa
2026-09-24 16:31:48 DEBUG:busco.busco_tools.Toolset	cmd call: hmmsearch --domtblout outputs/busco_output/run_saccharomycetaceae_odb12/hmmer_output/10479at4893.out --cpu 1 /data/busco_downloads/lineages/saccharomycetaceae_odb12/hmms/10479at4893.hmm outputs/busco_output/run_saccharomycetaceae_odb12/miniprot_output/translated_proteins/10479at4893.faa
2026-09-24 16:31:48 DEBUG:busco.busco_tools.Toolset	cmd call: hmmsearch --domtblout outputs/busco_output/run_saccharomycetaceae_odb12/hmmer_output/15125at4893.out --cpu 1 /data/busco_downloads/lineages/saccharomycetaceae_odb12/hmms/15125at4893.hmm outputs/busco_output/run_saccharomycetaceae_odb12/miniprot_output/translated_proteins/15125at4893.faa
2026-09-24 16:31:48 DEBUG:busco.busco_tools.Toolset	cmd call: hmmsearch --domtblout outputs/busco_output/run_saccharomycetaceae_odb12/hmmer_output/19764at4893.out --cpu 1 /data/busco_downloads/lineages/saccharomycetaceae_odb12/hmms/19764at4893.hmm outputs/busco_output/run_saccharomycetaceae_odb12/miniprot_output/translated_proteins/19764at4893.faa
2026-09-24 16:31:48 DEBUG:busco.busco_tools.Toolset	cmd call: hmmsearch --domtblout outputs/busco_output/run_saccharomycetaceae_odb12/hmmer_output/18330at4893.out --cpu 1 /data/busco_downloads/lineages/saccharomycetaceae_odb12/hmms/18330at4893.hmm outputs/busco_output/run_saccharomycetaceae_odb12/miniprot_output/translated_proteins/18330at4893.faa
2026-09-24 16:31:48 DEBUG:busco.busco_tools.Toolset	cmd call: hmmsearch --domtblout outputs/busco_output/run_saccharomycetaceae_odb12/hmmer_output/16707at4893.out --cpu 1 /data/busco_downloads/lineages/saccharomycetaceae_odb12/hmms/16707at4893.hmm outputs/busco_output/run_saccharomycetaceae_odb12/miniprot_output/translated_proteins/16707at4893.faa
2026-09-24 16:31:48 DEBUG:busco.busco_tools.Toolset	cmd call: hmmsearch --domtblout outputs/busco_output/run_saccharomycetaceae_odb12/hmmer_output/12809at4893.out --cpu 1 /data/busco_downloads/lineages/saccharomycetaceae_odb12/hmms/12809at4893.hmm outputs/busco_output/run_saccharomycetaceae_odb12/miniprot_output/translated_proteins/12809at4893.faa
2026-09-24 16:31:48 DEBUG:busco.busco_tools.Toolset	cmd call: hmmsearch --domtblout outputs/busco_output/run_saccharomycetaceae_odb12/hmmer_output/22414at4893.out --cpu 1 /data/busco_downloads/lineages/saccharomycetaceae_odb12/hmms/22414at4893.hmm outputs/busco_output/run_saccharomycetaceae_odb12/miniprot_output/translated_proteins/22414at4893.faa
2026-09-24 16:31:48 DEBUG:busco.busco_tools.Toolset	cmd call: hmmsearch --domtblout outputs/busco_output/run_saccharomycetaceae_odb12/hmmer_output/10498at4893.out --cpu 1 /data/busco_downloads/lineages/saccharomycetaceae_odb12/hmms/10498at4893.hmm outputs/busco_output/run_saccharomycetaceae_odb12/miniprot_output/translated_proteins/10498at4893.faa
2026-09-24 16:31:48 DEBUG:busco.busco_tools.Toolset	cmd call: hmmsearch --domtblout outputs/busco_output/run_saccharomycetaceae_odb12/hmmer_output/21122at4893.out --cpu 1 /data/busco_downloads/lineages/saccharomycetaceae_odb12/hmms/21122at4893.hmm outputs/busco_output/run_saccharomycetaceae_odb12/miniprot_output/translated_proteins/21122at4893.faa
2026-09-24 16:31:48 DEBUG:busco.busco_tools.Toolset	cmd call: hmmsearch --domtblout outputs/busco_output/run_saccharomycetaceae_odb12/hmmer_output/16736at4893.out --cpu 1 /data/busco_downloads/lineages/saccharomycetaceae_odb12/hmms/16736at4893.hmm outputs/busco_output/run_saccharomycetaceae_odb12/miniprot_output/translated_proteins/16736at4893.faa
2026-09-24 16:31:48 DEBUG:busco.busco_tools.Toolset	cmd call: hmmsearch --domtblout outputs/busco_output/run_saccharomycetaceae_odb12/hmmer_output/18331at4893.out --cpu 1 /data/busco_downloads/lineages/saccharomycetaceae_odb12/hmms/18331at4893.hmm outputs/busco_output/run_saccharomycetaceae_odb12/miniprot_output/translated_proteins/18331at4893.faa
2026-09-24 16:31:48 DEBUG:busco.busco_tools.Toolset	cmd call: hmmsearch --domtblout outputs/busco_output/run_saccharomycetaceae_odb12/hmmer_output/19787at4893.out --cpu 1 /data/busco_downloads/lineages/saccharomycetaceae_odb12/hmms/19787at4893.hmm outputs/busco_output/run_saccharomycetaceae_odb12/miniprot_output/translated_proteins/19787at4893.faa
2026-09-24 16:31:48 DEBUG:busco.busco_tools.Toolset	cmd call: hmmsearch --domtblout outputs/busco_output/run_saccharomycetaceae_odb12/hmmer_output/12821at4893.out --cpu 1 /data/busco_downloads/lineages/saccharomycetaceae_odb12/hmms/12821at4893.hmm outputs/busco_output/run_saccharomycetaceae_odb12/miniprot_output/translated_proteins/12821at4893.faa
2026-09-24 16:31:48 DEBUG:busco.busco_tools.Toolset	cmd call: hmmsearch --domtblout outputs/busco_output/run_saccharomycetaceae_odb12/hmmer_output/22430at4893.out --cpu 1 /data/busco_downloads/lineages/saccharomycetaceae_odb12/hmms/22430at4893.hmm outputs/busco_output/run_saccharomycetaceae_odb12/miniprot_output/translated_proteins/22430at4893.faa
2026-09-24 16:31:48 DEBUG:busco.busco_tools.Toolset	cmd call: hmmsearch --domtblout outputs/busco_output/run_saccharomycetaceae_odb12/hmmer_output/10636at4893.out --cpu 1 /data/busco_downloads/lineages/saccharomycetaceae_odb12/hmms/10636at4893.hmm outputs/busco_output/run_saccharomycetaceae_odb12/miniprot_output/translated_proteins/10636at4893.faa
2026-09-24 16:31:48 DEBUG:busco.busco_tools.Toolset	cmd call: hmmsearch --domtblout outputs/busco_output/run_saccharomycetaceae_odb12/hmmer_output/16739at4893.out --cpu 1 /data/busco_downloads/lineages/saccharomycetaceae_odb12/hmms/16739at4893.hmm outputs/busco_output/run_saccharomycetaceae_odb12/miniprot_output/translated_proteins/16739at4893.faa
2026-09-24 16:31:48 DEBUG:busco.busco_tools.Toolset	cmd call: hmmsearch --domtblout outputs/busco_output/run_saccharomycetaceae_odb12/hmmer_output/21126at4893.out --cpu 1 /data/busco_downloads/lineages/saccharomycetaceae_odb12/hmms/21126at4893.hmm outputs/busco_output/run_saccharomycetaceae_odb12/miniprot_output/translated_proteins/21126at4893.faa
2026-09-24 16:31:48 DEBUG:busco.busco_tools.Toolset	cmd call: hmmsearch --domtblout outputs/busco_output/run_saccharomycetaceae_odb12/hmmer_output/12832at4893.out --cpu 1 /data/busco_downloads/lineages/saccharomycetaceae_odb12/hmms/12832at4893.hmm outputs/busco_output/run_saccharomycetaceae_odb12/miniprot_output/translated_proteins/12832at4893.faa
2026-09-24 16:31:48 DEBUG:busco.busco_tools.Toolset	cmd call: hmmsearch --domtblout outputs/busco_output/run_saccharomycetaceae_odb12/hmmer_output/19804at4893.out --cpu 1 /data/busco_downloads/lineages/saccharomycetaceae_odb12/hmms/19804at4893.hmm outputs/busco_output/run_saccharomycetaceae_odb12/miniprot_output/translated_proteins/19804at4893.faa
2026-09-24 16:31:48 DEBUG:busco.busco_tools.Toolset	cmd call: hmmsearch --domtblout outputs/busco_output/run_saccharomycetaceae_odb12/hmmer_output/15139at4893.out --cpu 1 /data/busco_downloads/lineages/saccharomycetaceae_odb12/hmms/15139at4893.hmm outputs/busco_output/run_saccharomycetaceae_odb12/miniprot_output/translated_proteins/15139at4893.faa
2026-09-24 16:31:48 DEBUG:busco.busco_tools.Toolset	cmd call: hmmsearch --domtblout outputs/busco_output/run_saccharomycetaceae_odb12/hmmer_output/22433at4893.out --cpu 1 /data/busco_downloads/lineages/saccharomycetaceae_odb12/hmms/22433at4893.hmm outputs/busco_output/run_saccharomycetaceae_odb12/miniprot_output/translated_proteins/22433at4893.faa
2026-09-24 16:31:48 DEBUG:busco.busco_tools.Toolset	cmd call: hmmsearch --domtblout outputs/busco_output/run_saccharomycetaceae_odb12/hmmer_output/18339at4893.out --cpu 1 /data/busco_downloads/lineages/saccharomycetaceae_odb12/hmms/18339at4893.hmm outputs/busco_output/run_saccharomycetaceae_odb12/miniprot_output/translated_proteins/18339at4893.faa
2026-09-24 16:31:48 DEBUG:busco.busco_tools.Toolset	cmd call: hmmsearch --domtblout outputs/busco_output/run_saccharomycetaceae_odb12/hmmer_output/10659at4893.out --cpu 1 /data/busco_downloads/lineages/saccharomycetaceae_odb12/hmms/10659at4893.hmm outputs/busco_output/run_saccharomycetaceae_odb12/miniprot_output/translated_proteins/10659at4893.faa
2026-09-24 16:31:48 DEBUG:busco.busco_tools.Toolset	cmd call: hmmsearch --domtblout outputs/busco_output/run_saccharomycetaceae_odb12/hmmer_output/16754at4893.out --cpu 1 /data/busco_downloads/lineages/saccharomycetaceae_odb12/hmms/16754at4893.hmm outputs/busco_output/run_saccharomycetaceae_odb12/miniprot_output/translated_proteins/16754at4893.faa
2026-09-24 16:31:48 DEBUG:busco.busco_tools.Toolset	cmd call: hmmsearch --domtblout outputs/busco_output/run_saccharomycetaceae_odb12/hmmer_output/12835at4893.out --cpu 1 /data/busco_downloads/lineages/saccharomycetaceae_odb12/hmms/12835at4893.hmm outputs/busco_output/run_saccharomycetaceae_odb12/miniprot_output/translated_proteins/12835at4893.faa
2026-09-24 16:31:48 DEBUG:busco.busco_tools.Toolset	cmd call: hmmsearch --domtblout outputs/busco_output/run_saccharomycetaceae_odb12/hmmer_output/15158at4893.out --cpu 1 /data/busco_downloads/lineages/saccharomycetaceae_odb12/hmms/15158at4893.hmm outputs/busco_output/run_saccharomycetaceae_odb12/miniprot_output/translated_proteins/15158at4893.faa
2026-09-24 16:31:48 DEBUG:busco.busco_tools.Toolset	cmd call: hmmsearch --domtblout outputs/busco_output/run_saccharomycetaceae_odb12/hmmer_output/22498at4893.out --cpu 1 /data/busco_downloads/lineages/saccharomycetaceae_odb12/hmms/22498at4893.hmm outputs/busco_output/run_saccharomycetaceae_odb12/miniprot_output/translated_proteins/22498at4893.faa
2026-09-24 16:31:48 DEBUG:busco.busco_tools.Toolset	cmd call: hmmsearch --domtblout outputs/busco_output/run_saccharomycetaceae_odb12/hmmer_output/21129at4893.out --cpu 1 /data/busco_downloads/lineages/saccharomycetaceae_odb12/hmms/21129at4893.hmm outputs/busco_output/run_saccharomycetaceae_odb12/miniprot_output/translated_proteins/21129at4893.faa
2026-09-24 16:31:48 DEBUG:busco.busco_tools.Toolset	cmd call: hmmsearch --domtblout outputs/busco_output/run_saccharomycetaceae_odb12/hmmer_output/19818at4893.out --cpu 1 /data/busco_downloads/lineages/saccharomycetaceae_odb12/hmms/19818at4893.hmm outputs/busco_output/run_saccharomycetaceae_odb12/miniprot_output/translated_proteins/19818at4893.faa
2026-09-24 16:31:48 DEBUG:busco.busco_tools.Toolset	cmd call: hmmsearch --domtblout outputs/busco_output/run_saccharomycetaceae_odb12/hmmer_output/10674at4893.out --cpu 1 /data/busco_downloads/lineages/saccharomycetaceae_odb12/hmms/10674at4893.hmm outputs/busco_output/run_saccharomycetaceae_odb12/miniprot_output/translated_proteins/10674at4893.faa
2026-09-24 16:31:48 DEBUG:busco.busco_tools.Toolset	cmd call: hmmsearch --domtblout outputs/busco_output/run_saccharomycetaceae_odb12/hmmer_output/12837at4893.out --cpu 1 /data/busco_downloads/lineages/saccharomycetaceae_odb12/hmms/12837at4893.hmm outputs/busco_output/run_saccharomycetaceae_odb12/miniprot_output/translated_proteins/12837at4893.faa
2026-09-24 16:31:48 DEBUG:busco.busco_tools.Toolset	cmd call: hmmsearch --domtblout outputs/busco_output/run_saccharomycetaceae_odb12/hmmer_output/18348at4893.out --cpu 1 /data/busco_downloads/lineages/saccharomycetaceae_odb12/hmms/18348at4893.hmm outputs/busco_output/run_saccharomycetaceae_odb12/miniprot_output/translated_proteins/18348at4893.faa
2026-09-24 16:31:48 DEBUG:busco.busco_tools.Toolset	cmd call: hmmsearch --domtblout outputs/busco_output/run_saccharomycetaceae_odb12/hmmer_output/16770at4893.out --cpu 1 /data/busco_downloads/lineages/saccharomycetaceae_odb12/hmms/16770at4893.hmm outputs/busco_output/run_saccharomycetaceae_odb12/miniprot_output/translated_proteins/16770at4893.faa
2026-09-24 16:31:49 DEBUG:busco.busco_tools.Toolset	cmd call: hmmsearch --domtblout outputs/busco_output/run_saccharomycetaceae_odb12/hmmer_output/21144at4893.out --cpu 1 /data/busco_downloads/lineages/saccharomycetaceae_odb12/hmms/21144at4893.hmm outputs/busco_output/run_saccharomycetaceae_odb12/miniprot_output/translated_proteins/21144at4893.faa
2026-09-24 16:31:49 DEBUG:busco.busco_tools.Toolset	cmd call: hmmsearch --domtblout outputs/busco_output/run_saccharomycetaceae_odb12/hmmer_output/15187at4893.out --cpu 1 /data/busco_downloads/lineages/saccharomycetaceae_odb12/hmms/15187at4893.hmm outputs/busco_output/run_saccharomycetaceae_odb12/miniprot_output/translated_proteins/15187at4893.faa
2026-09-24 16:31:49 DEBUG:busco.busco_tools.Toolset	cmd call: hmmsearch --domtblout outputs/busco_output/run_saccharomycetaceae_odb12/hmmer_output/22511at4893.out --cpu 1 /data/busco_downloads/lineages/saccharomycetaceae_odb12/hmms/22511at4893.hmm outputs/busco_output/run_saccharomycetaceae_odb12/miniprot_output/translated_proteins/22511at4893.faa
2026-09-24 16:31:49 DEBUG:busco.busco_tools.Toolset	cmd call: hmmsearch --domtblout outputs/busco_output/run_saccharomycetaceae_odb12/hmmer_output/12847at4893.out --cpu 1 /data/busco_downloads/lineages/saccharomycetaceae_odb12/hmms/12847at4893.hmm outputs/busco_output/run_saccharomycetaceae_odb12/miniprot_output/translated_proteins/12847at4893.faa
2026-09-24 16:31:49 DEBUG:busco.busco_tools.Toolset	cmd call: hmmsearch --domtblout outputs/busco_output/run_saccharomycetaceae_odb12/hmmer_output/10729at4893.out --cpu 1 /data/busco_downloads/lineages/saccharomycetaceae_odb12/hmms/10729at4893.hmm outputs/busco_output/run_saccharomycetaceae_odb12/miniprot_output/translated_proteins/10729at4893.faa
2026-09-24 16:31:49 DEBUG:busco.busco_tools.Toolset	cmd call: hmmsearch --domtblout outputs/busco_output/run_saccharomycetaceae_odb12/hmmer_output/18354at4893.out --cpu 1 /data/busco_downloads/lineages/saccharomycetaceae_odb12/hmms/18354at4893.hmm outputs/busco_output/run_saccharomycetaceae_odb12/miniprot_output/translated_proteins/18354at4893.faa
2026-09-24 16:31:49 DEBUG:busco.busco_tools.Toolset	cmd call: hmmsearch --domtblout outputs/busco_output/run_saccharomycetaceae_odb12/hmmer_output/19841at4893.out --cpu 1 /data/busco_downloads/lineages/saccharomycetaceae_odb12/hmms/19841at4893.hmm outputs/busco_output/run_saccharomycetaceae_odb12/miniprot_output/translated_proteins/19841at4893.faa
2026-09-24 16:31:49 DEBUG:busco.busco_tools.Toolset	cmd call: hmmsearch --domtblout outputs/busco_output/run_saccharomycetaceae_odb12/hmmer_output/16795at4893.out --cpu 1 /data/busco_downloads/lineages/saccharomycetaceae_odb12/hmms/16795at4893.hmm outputs/busco_output/run_saccharomycetaceae_odb12/miniprot_output/translated_proteins/16795at4893.faa
2026-09-24 16:31:49 DEBUG:busco.busco_tools.Toolset	cmd call: hmmsearch --domtblout outputs/busco_output/run_saccharomycetaceae_odb12/hmmer_output/21150at4893.out --cpu 1 /data/busco_downloads/lineages/saccharomycetaceae_odb12/hmms/21150at4893.hmm outputs/busco_output/run_saccharomycetaceae_odb12/miniprot_output/translated_proteins/21150at4893.faa
2026-09-24 16:31:49 DEBUG:busco.busco_tools.Toolset	cmd call: hmmsearch --domtblout outputs/busco_output/run_saccharomycetaceae_odb12/hmmer_output/15190at4893.out --cpu 1 /data/busco_downloads/lineages/saccharomycetaceae_odb12/hmms/15190at4893.hmm outputs/busco_output/run_saccharomycetaceae_odb12/miniprot_output/translated_proteins/15190at4893.faa
2026-09-24 16:31:49 DEBUG:busco.busco_tools.Toolset	cmd call: hmmsearch --domtblout outputs/busco_output/run_saccharomycetaceae_odb12/hmmer_output/22522at4893.out --cpu 1 /data/busco_downloads/lineages/saccharomycetaceae_odb12/hmms/22522at4893.hmm outputs/busco_output/run_saccharomycetaceae_odb12/miniprot_output/translated_proteins/22522at4893.faa
2026-09-24 16:31:49 DEBUG:busco.busco_tools.Toolset	cmd call: hmmsearch --domtblout outputs/busco_output/run_saccharomycetaceae_odb12/hmmer_output/10732at4893.out --cpu 1 /data/busco_downloads/lineages/saccharomycetaceae_odb12/hmms/10732at4893.hmm outputs/busco_output/run_saccharomycetaceae_odb12/miniprot_output/translated_proteins/10732at4893.faa
2026-09-24 16:31:49 DEBUG:busco.busco_tools.Toolset	cmd call: hmmsearch --domtblout outputs/busco_output/run_saccharomycetaceae_odb12/hmmer_output/1284at4893.out --cpu 1 /data/busco_downloads/lineages/saccharomycetaceae_odb12/hmms/1284at4893.hmm outputs/busco_output/run_saccharomycetaceae_odb12/miniprot_output/translated_proteins/1284at4893.faa
2026-09-24 16:31:49 DEBUG:busco.busco_tools.Toolset	cmd call: hmmsearch --domtblout outputs/busco_output/run_saccharomycetaceae_odb12/hmmer_output/18363at4893.out --cpu 1 /data/busco_downloads/lineages/saccharomycetaceae_odb12/hmms/18363at4893.hmm outputs/busco_output/run_saccharomycetaceae_odb12/miniprot_output/translated_proteins/18363at4893.faa
2026-09-24 16:31:49 DEBUG:busco.busco_tools.Toolset	cmd call: hmmsearch --domtblout outputs/busco_output/run_saccharomycetaceae_odb12/hmmer_output/19888at4893.out --cpu 1 /data/busco_downloads/lineages/saccharomycetaceae_odb12/hmms/19888at4893.hmm outputs/busco_output/run_saccharomycetaceae_odb12/miniprot_output/translated_proteins/19888at4893.faa
2026-09-24 16:31:49 DEBUG:busco.busco_tools.Toolset	cmd call: hmmsearch --domtblout outputs/busco_output/run_saccharomycetaceae_odb12/hmmer_output/15210at4893.out --cpu 1 /data/busco_downloads/lineages/saccharomycetaceae_odb12/hmms/15210at4893.hmm outputs/busco_output/run_saccharomycetaceae_odb12/miniprot_output/translated_proteins/15210at4893.faa
2026-09-24 16:31:49 DEBUG:busco.busco_tools.Toolset	cmd call: hmmsearch --domtblout outputs/busco_output/run_saccharomycetaceae_odb12/hmmer_output/1679at4893.out --cpu 1 /data/busco_downloads/lineages/saccharomycetaceae_odb12/hmms/1679at4893.hmm outputs/busco_output/run_saccharomycetaceae_odb12/miniprot_output/translated_proteins/1679at4893.faa
2026-09-24 16:31:49 DEBUG:busco.busco_tools.Toolset	cmd call: hmmsearch --domtblout outputs/busco_output/run_saccharomycetaceae_odb12/hmmer_output/12882at4893.out --cpu 1 /data/busco_downloads/lineages/saccharomycetaceae_odb12/hmms/12882at4893.hmm outputs/busco_output/run_saccharomycetaceae_odb12/miniprot_output/translated_proteins/12882at4893.faa
2026-09-24 16:31:49 DEBUG:busco.busco_tools.Toolset	cmd call: hmmsearch --domtblout outputs/busco_output/run_saccharomycetaceae_odb12/hmmer_output/10756at4893.out --cpu 1 /data/busco_downloads/lineages/saccharomycetaceae_odb12/hmms/10756at4893.hmm outputs/busco_output/run_saccharomycetaceae_odb12/miniprot_output/translated_proteins/10756at4893.faa
2026-09-24 16:31:49 DEBUG:busco.busco_tools.Toolset	cmd call: hmmsearch --domtblout outputs/busco_output/run_saccharomycetaceae_odb12/hmmer_output/18381at4893.out --cpu 1 /data/busco_downloads/lineages/saccharomycetaceae_odb12/hmms/18381at4893.hmm outputs/busco_output/run_saccharomycetaceae_odb12/miniprot_output/translated_proteins/18381at4893.faa
2026-09-24 16:31:49 DEBUG:busco.busco_tools.Toolset	cmd call: hmmsearch --domtblout outputs/busco_output/run_saccharomycetaceae_odb12/hmmer_output/19897at4893.out --cpu 1 /data/busco_downloads/lineages/saccharomycetaceae_odb12/hmms/19897at4893.hmm outputs/busco_output/run_saccharomycetaceae_odb12/miniprot_output/translated_proteins/19897at4893.faa
2026-09-24 16:31:49 DEBUG:busco.busco_tools.Toolset	cmd call: hmmsearch --domtblout outputs/busco_output/run_saccharomycetaceae_odb12/hmmer_output/2115at4893.out --cpu 1 /data/busco_downloads/lineages/saccharomycetaceae_odb12/hmms/2115at4893.hmm outputs/busco_output/run_saccharomycetaceae_odb12/miniprot_output/translated_proteins/2115at4893.faa
2026-09-24 16:31:49 DEBUG:busco.busco_tools.Toolset	cmd call: hmmsearch --domtblout outputs/busco_output/run_saccharomycetaceae_odb12/hmmer_output/22615at4893.out --cpu 1 /data/busco_downloads/lineages/saccharomycetaceae_odb12/hmms/22615at4893.hmm outputs/busco_output/run_saccharomycetaceae_odb12/miniprot_output/translated_proteins/22615at4893.faa
2026-09-24 16:31:49 DEBUG:busco.busco_tools.Toolset	cmd call: hmmsearch --domtblout outputs/busco_output/run_saccharomycetaceae_odb12/hmmer_output/16800at4893.out --cpu 1 /data/busco_downloads/lineages/saccharomycetaceae_odb12/hmms/16800at4893.hmm outputs/busco_output/run_saccharomycetaceae_odb12/miniprot_output/translated_proteins/16800at4893.faa
2026-09-24 16:31:49 DEBUG:busco.busco_tools.Toolset	cmd call: hmmsearch --domtblout outputs/busco_output/run_saccharomycetaceae_odb12/hmmer_output/10760at4893.out --cpu 1 /data/busco_downloads/lineages/saccharomycetaceae_odb12/hmms/10760at4893.hmm outputs/busco_output/run_saccharomycetaceae_odb12/miniprot_output/translated_proteins/10760at4893.faa
2026-09-24 16:31:49 DEBUG:busco.busco_tools.Toolset	cmd call: hmmsearch --domtblout outputs/busco_output/run_saccharomycetaceae_odb12/hmmer_output/12906at4893.out --cpu 1 /data/busco_downloads/lineages/saccharomycetaceae_odb12/hmms/12906at4893.hmm outputs/busco_output/run_saccharomycetaceae_odb12/miniprot_output/translated_proteins/12906at4893.faa
2026-09-24 16:31:49 DEBUG:busco.busco_tools.Toolset	cmd call: hmmsearch --domtblout outputs/busco_output/run_saccharomycetaceae_odb12/hmmer_output/19908at4893.out --cpu 1 /data/busco_downloads/lineages/saccharomycetaceae_odb12/hmms/19908at4893.hmm outputs/busco_output/run_saccharomycetaceae_odb12/miniprot_output/translated_proteins/19908at4893.faa
2026-09-24 16:31:49 DEBUG:busco.busco_tools.Toolset	cmd call: hmmsearch --domtblout outputs/busco_output/run_saccharomycetaceae_odb12/hmmer_output/1521at4893.out --cpu 1 /data/busco_downloads/lineages/saccharomycetaceae_odb12/hmms/1521at4893.hmm outputs/busco_output/run_saccharomycetaceae_odb12/miniprot_output/translated_proteins/1521at4893.faa
2026-09-24 16:31:49 DEBUG:busco.busco_tools.Toolset	cmd call: hmmsearch --domtblout outputs/busco_output/run_saccharomycetaceae_odb12/hmmer_output/16841at4893.out --cpu 1 /data/busco_downloads/lineages/saccharomycetaceae_odb12/hmms/16841at4893.hmm outputs/busco_output/run_saccharomycetaceae_odb12/miniprot_output/translated_proteins/16841at4893.faa
2026-09-24 16:31:49 DEBUG:busco.busco_tools.Toolset	cmd call: hmmsearch --domtblout outputs/busco_output/run_saccharomycetaceae_odb12/hmmer_output/18389at4893.out --cpu 1 /data/busco_downloads/lineages/saccharomycetaceae_odb12/hmms/18389at4893.hmm outputs/busco_output/run_saccharomycetaceae_odb12/miniprot_output/translated_proteins/18389at4893.faa
2026-09-24 16:31:49 DEBUG:busco.busco_tools.Toolset	cmd call: hmmsearch --domtblout outputs/busco_output/run_saccharomycetaceae_odb12/hmmer_output/22634at4893.out --cpu 1 /data/busco_downloads/lineages/saccharomycetaceae_odb12/hmms/22634at4893.hmm outputs/busco_output/run_saccharomycetaceae_odb12/miniprot_output/translated_proteins/22634at4893.faa
2026-09-24 16:31:49 DEBUG:busco.busco_tools.Toolset	cmd call: hmmsearch --domtblout outputs/busco_output/run_saccharomycetaceae_odb12/hmmer_output/21161at4893.out --cpu 1 /data/busco_downloads/lineages/saccharomycetaceae_odb12/hmms/21161at4893.hmm outputs/busco_output/run_saccharomycetaceae_odb12/miniprot_output/translated_proteins/21161at4893.faa
2026-09-24 16:31:49 DEBUG:busco.busco_tools.Toolset	cmd call: hmmsearch --domtblout outputs/busco_output/run_saccharomycetaceae_odb12/hmmer_output/19956at4893.out --cpu 1 /data/busco_downloads/lineages/saccharomycetaceae_odb12/hmms/19956at4893.hmm outputs/busco_output/run_saccharomycetaceae_odb12/miniprot_output/translated_proteins/19956at4893.faa
2026-09-24 16:31:49 DEBUG:busco.busco_tools.Toolset	cmd call: hmmsearch --domtblout outputs/busco_output/run_saccharomycetaceae_odb12/hmmer_output/10762at4893.out --cpu 1 /data/busco_downloads/lineages/saccharomycetaceae_odb12/hmms/10762at4893.hmm outputs/busco_output/run_saccharomycetaceae_odb12/miniprot_output/translated_proteins/10762at4893.faa
2026-09-24 16:31:49 DEBUG:busco.busco_tools.Toolset	cmd call: hmmsearch --domtblout outputs/busco_output/run_saccharomycetaceae_odb12/hmmer_output/12930at4893.out --cpu 1 /data/busco_downloads/lineages/saccharomycetaceae_odb12/hmms/12930at4893.hmm outputs/busco_output/run_saccharomycetaceae_odb12/miniprot_output/translated_proteins/12930at4893.faa
2026-09-24 16:31:49 DEBUG:busco.busco_tools.Toolset	cmd call: hmmsearch --domtblout outputs/busco_output/run_saccharomycetaceae_odb12/hmmer_output/21180at4893.out --cpu 1 /data/busco_downloads/lineages/saccharomycetaceae_odb12/hmms/21180at4893.hmm outputs/busco_output/run_saccharomycetaceae_odb12/miniprot_output/translated_proteins/21180at4893.faa
2026-09-24 16:31:49 DEBUG:busco.busco_tools.Toolset	cmd call: hmmsearch --domtblout outputs/busco_output/run_saccharomycetaceae_odb12/hmmer_output/15224at4893.out --cpu 1 /data/busco_downloads/lineages/saccharomycetaceae_odb12/hmms/15224at4893.hmm outputs/busco_output/run_saccharomycetaceae_odb12/miniprot_output/translated_proteins/15224at4893.faa
2026-09-24 16:31:49 DEBUG:busco.busco_tools.Toolset	cmd call: hmmsearch --domtblout outputs/busco_output/run_saccharomycetaceae_odb12/hmmer_output/16854at4893.out --cpu 1 /data/busco_downloads/lineages/saccharomycetaceae_odb12/hmms/16854at4893.hmm outputs/busco_output/run_saccharomycetaceae_odb12/miniprot_output/translated_proteins/16854at4893.faa
2026-09-24 16:31:49 DEBUG:busco.busco_tools.Toolset	cmd call: hmmsearch --domtblout outputs/busco_output/run_saccharomycetaceae_odb12/hmmer_output/22637at4893.out --cpu 1 /data/busco_downloads/lineages/saccharomycetaceae_odb12/hmms/22637at4893.hmm outputs/busco_output/run_saccharomycetaceae_odb12/miniprot_output/translated_proteins/22637at4893.faa
2026-09-24 16:31:49 DEBUG:busco.busco_tools.Toolset	cmd call: hmmsearch --domtblout outputs/busco_output/run_saccharomycetaceae_odb12/hmmer_output/18394at4893.out --cpu 1 /data/busco_downloads/lineages/saccharomycetaceae_odb12/hmms/18394at4893.hmm outputs/busco_output/run_saccharomycetaceae_odb12/miniprot_output/translated_proteins/18394at4893.faa
2026-09-24 16:31:49 DEBUG:busco.busco_tools.Toolset	cmd call: hmmsearch --domtblout outputs/busco_output/run_saccharomycetaceae_odb12/hmmer_output/19972at4893.out --cpu 1 /data/busco_downloads/lineages/saccharomycetaceae_odb12/hmms/19972at4893.hmm outputs/busco_output/run_saccharomycetaceae_odb12/miniprot_output/translated_proteins/19972at4893.faa
2026-09-24 16:31:49 DEBUG:busco.busco_tools.Toolset	cmd call: hmmsearch --domtblout outputs/busco_output/run_saccharomycetaceae_odb12/hmmer_output/10791at4893.out --cpu 1 /data/busco_downloads/lineages/saccharomycetaceae_odb12/hmms/10791at4893.hmm outputs/busco_output/run_saccharomycetaceae_odb12/miniprot_output/translated_proteins/10791at4893.faa
2026-09-24 16:31:49 DEBUG:busco.busco_tools.Toolset	cmd call: hmmsearch --domtblout outputs/busco_output/run_saccharomycetaceae_odb12/hmmer_output/15227at4893.out --cpu 1 /data/busco_downloads/lineages/saccharomycetaceae_odb12/hmms/15227at4893.hmm outputs/busco_output/run_saccharomycetaceae_odb12/miniprot_output/translated_proteins/15227at4893.faa
2026-09-24 16:31:49 DEBUG:busco.busco_tools.Toolset	cmd call: hmmsearch --domtblout outputs/busco_output/run_saccharomycetaceae_odb12/hmmer_output/16859at4893.out --cpu 1 /data/busco_downloads/lineages/saccharomycetaceae_odb12/hmms/16859at4893.hmm outputs/busco_output/run_saccharomycetaceae_odb12/miniprot_output/translated_proteins/16859at4893.faa
2026-09-24 16:31:50 DEBUG:busco.busco_tools.Toolset	cmd call: hmmsearch --domtblout outputs/busco_output/run_saccharomycetaceae_odb12/hmmer_output/13002at4893.out --cpu 1 /data/busco_downloads/lineages/saccharomycetaceae_odb12/hmms/13002at4893.hmm outputs/busco_output/run_saccharomycetaceae_odb12/miniprot_output/translated_proteins/13002at4893.faa
2026-09-24 16:31:50 DEBUG:busco.busco_tools.Toolset	cmd call: hmmsearch --domtblout outputs/busco_output/run_saccharomycetaceae_odb12/hmmer_output/21187at4893.out --cpu 1 /data/busco_downloads/lineages/saccharomycetaceae_odb12/hmms/21187at4893.hmm outputs/busco_output/run_saccharomycetaceae_odb12/miniprot_output/translated_proteins/21187at4893.faa
2026-09-24 16:31:50 DEBUG:busco.busco_tools.Toolset	cmd call: hmmsearch --domtblout outputs/busco_output/run_saccharomycetaceae_odb12/hmmer_output/22647at4893.out --cpu 1 /data/busco_downloads/lineages/saccharomycetaceae_odb12/hmms/22647at4893.hmm outputs/busco_output/run_saccharomycetaceae_odb12/miniprot_output/translated_proteins/22647at4893.faa
2026-09-24 16:31:50 DEBUG:busco.busco_tools.Toolset	cmd call: hmmsearch --domtblout outputs/busco_output/run_saccharomycetaceae_odb12/hmmer_output/18413at4893.out --cpu 1 /data/busco_downloads/lineages/saccharomycetaceae_odb12/hmms/18413at4893.hmm outputs/busco_output/run_saccharomycetaceae_odb12/miniprot_output/translated_proteins/18413at4893.faa
2026-09-24 16:31:50 DEBUG:busco.busco_tools.Toolset	cmd call: hmmsearch --domtblout outputs/busco_output/run_saccharomycetaceae_odb12/hmmer_output/10830at4893.out --cpu 1 /data/busco_downloads/lineages/saccharomycetaceae_odb12/hmms/10830at4893.hmm outputs/busco_output/run_saccharomycetaceae_odb12/miniprot_output/translated_proteins/10830at4893.faa
2026-09-24 16:31:50 DEBUG:busco.busco_tools.Toolset	cmd call: hmmsearch --domtblout outputs/busco_output/run_saccharomycetaceae_odb12/hmmer_output/1525at4893.out --cpu 1 /data/busco_downloads/lineages/saccharomycetaceae_odb12/hmms/1525at4893.hmm outputs/busco_output/run_saccharomycetaceae_odb12/miniprot_output/translated_proteins/1525at4893.faa
2026-09-24 16:31:50 DEBUG:busco.busco_tools.Toolset	cmd call: hmmsearch --domtblout outputs/busco_output/run_saccharomycetaceae_odb12/hmmer_output/16880at4893.out --cpu 1 /data/busco_downloads/lineages/saccharomycetaceae_odb12/hmms/16880at4893.hmm outputs/busco_output/run_saccharomycetaceae_odb12/miniprot_output/translated_proteins/16880at4893.faa
2026-09-24 16:31:50 DEBUG:busco.busco_tools.Toolset	cmd call: hmmsearch --domtblout outputs/busco_output/run_saccharomycetaceae_odb12/hmmer_output/21219at4893.out --cpu 1 /data/busco_downloads/lineages/saccharomycetaceae_odb12/hmms/21219at4893.hmm outputs/busco_output/run_saccharomycetaceae_odb12/miniprot_output/translated_proteins/21219at4893.faa
2026-09-24 16:31:50 DEBUG:busco.busco_tools.Toolset	cmd call: hmmsearch --domtblout outputs/busco_output/run_saccharomycetaceae_odb12/hmmer_output/13074at4893.out --cpu 1 /data/busco_downloads/lineages/saccharomycetaceae_odb12/hmms/13074at4893.hmm outputs/busco_output/run_saccharomycetaceae_odb12/miniprot_output/translated_proteins/13074at4893.faa
2026-09-24 16:31:50 DEBUG:busco.busco_tools.Toolset	cmd call: hmmsearch --domtblout outputs/busco_output/run_saccharomycetaceae_odb12/hmmer_output/18443at4893.out --cpu 1 /data/busco_downloads/lineages/saccharomycetaceae_odb12/hmms/18443at4893.hmm outputs/busco_output/run_saccharomycetaceae_odb12/miniprot_output/translated_proteins/18443at4893.faa
2026-09-24 16:31:50 DEBUG:busco.busco_tools.Toolset	cmd call: hmmsearch --domtblout outputs/busco_output/run_saccharomycetaceae_odb12/hmmer_output/22669at4893.out --cpu 1 /data/busco_downloads/lineages/saccharomycetaceae_odb12/hmms/22669at4893.hmm outputs/busco_output/run_saccharomycetaceae_odb12/miniprot_output/translated_proteins/22669at4893.faa
2026-09-24 16:31:50 DEBUG:busco.busco_tools.Toolset	cmd call: hmmsearch --domtblout outputs/busco_output/run_saccharomycetaceae_odb12/hmmer_output/19976at4893.out --cpu 1 /data/busco_downloads/lineages/saccharomycetaceae_odb12/hmms/19976at4893.hmm outputs/busco_output/run_saccharomycetaceae_odb12/miniprot_output/translated_proteins/19976at4893.faa
2026-09-24 16:31:50 DEBUG:busco.busco_tools.Toolset	cmd call: hmmsearch --domtblout outputs/busco_output/run_saccharomycetaceae_odb12/hmmer_output/10960at4893.out --cpu 1 /data/busco_downloads/lineages/saccharomycetaceae_odb12/hmms/10960at4893.hmm outputs/busco_output/run_saccharomycetaceae_odb12/miniprot_output/translated_proteins/10960at4893.faa
2026-09-24 16:31:50 DEBUG:busco.busco_tools.Toolset	cmd call: hmmsearch --domtblout outputs/busco_output/run_saccharomycetaceae_odb12/hmmer_output/15261at4893.out --cpu 1 /data/busco_downloads/lineages/saccharomycetaceae_odb12/hmms/15261at4893.hmm outputs/busco_output/run_saccharomycetaceae_odb12/miniprot_output/translated_proteins/15261at4893.faa
2026-09-24 16:31:50 DEBUG:busco.busco_tools.Toolset	cmd call: hmmsearch --domtblout outputs/busco_output/run_saccharomycetaceae_odb12/hmmer_output/22670at4893.out --cpu 1 /data/busco_downloads/lineages/saccharomycetaceae_odb12/hmms/22670at4893.hmm outputs/busco_output/run_saccharomycetaceae_odb12/miniprot_output/translated_proteins/22670at4893.faa
2026-09-24 16:31:50 DEBUG:busco.busco_tools.Toolset	cmd call: hmmsearch --domtblout outputs/busco_output/run_saccharomycetaceae_odb12/hmmer_output/18466at4893.out --cpu 1 /data/busco_downloads/lineages/saccharomycetaceae_odb12/hmms/18466at4893.hmm outputs/busco_output/run_saccharomycetaceae_odb12/miniprot_output/translated_proteins/18466at4893.faa
2026-09-24 16:31:50 DEBUG:busco.busco_tools.Toolset	cmd call: hmmsearch --domtblout outputs/busco_output/run_saccharomycetaceae_odb12/hmmer_output/21244at4893.out --cpu 1 /data/busco_downloads/lineages/saccharomycetaceae_odb12/hmms/21244at4893.hmm outputs/busco_output/run_saccharomycetaceae_odb12/miniprot_output/translated_proteins/21244at4893.faa
2026-09-24 16:31:50 DEBUG:busco.busco_tools.Toolset	cmd call: hmmsearch --domtblout outputs/busco_output/run_saccharomycetaceae_odb12/hmmer_output/16906at4893.out --cpu 1 /data/busco_downloads/lineages/saccharomycetaceae_odb12/hmms/16906at4893.hmm outputs/busco_output/run_saccharomycetaceae_odb12/miniprot_output/translated_proteins/16906at4893.faa
2026-09-24 16:31:50 DEBUG:busco.busco_tools.Toolset	cmd call: hmmsearch --domtblout outputs/busco_output/run_saccharomycetaceae_odb12/hmmer_output/13084at4893.out --cpu 1 /data/busco_downloads/lineages/saccharomycetaceae_odb12/hmms/13084at4893.hmm outputs/busco_output/run_saccharomycetaceae_odb12/miniprot_output/translated_proteins/13084at4893.faa
2026-09-24 16:31:50 DEBUG:busco.busco_tools.Toolset	cmd call: hmmsearch --domtblout outputs/busco_output/run_saccharomycetaceae_odb12/hmmer_output/10961at4893.out --cpu 1 /data/busco_downloads/lineages/saccharomycetaceae_odb12/hmms/10961at4893.hmm outputs/busco_output/run_saccharomycetaceae_odb12/miniprot_output/translated_proteins/10961at4893.faa
2026-09-24 16:31:50 DEBUG:busco.busco_tools.Toolset	cmd call: hmmsearch --domtblout outputs/busco_output/run_saccharomycetaceae_odb12/hmmer_output/1998at4893.out --cpu 1 /data/busco_downloads/lineages/saccharomycetaceae_odb12/hmms/1998at4893.hmm outputs/busco_output/run_saccharomycetaceae_odb12/miniprot_output/translated_proteins/1998at4893.faa
2026-09-24 16:31:50 DEBUG:busco.busco_tools.Toolset	cmd call: hmmsearch --domtblout outputs/busco_output/run_saccharomycetaceae_odb12/hmmer_output/15296at4893.out --cpu 1 /data/busco_downloads/lineages/saccharomycetaceae_odb12/hmms/15296at4893.hmm outputs/busco_output/run_saccharomycetaceae_odb12/miniprot_output/translated_proteins/15296at4893.faa
2026-09-24 16:31:50 DEBUG:busco.busco_tools.Toolset	cmd call: hmmsearch --domtblout outputs/busco_output/run_saccharomycetaceae_odb12/hmmer_output/16915at4893.out --cpu 1 /data/busco_downloads/lineages/saccharomycetaceae_odb12/hmms/16915at4893.hmm outputs/busco_output/run_saccharomycetaceae_odb12/miniprot_output/translated_proteins/16915at4893.faa
2026-09-24 16:31:50 DEBUG:busco.busco_tools.Toolset	cmd call: hmmsearch --domtblout outputs/busco_output/run_saccharomycetaceae_odb12/hmmer_output/22678at4893.out --cpu 1 /data/busco_downloads/lineages/saccharomycetaceae_odb12/hmms/22678at4893.hmm outputs/busco_output/run_saccharomycetaceae_odb12/miniprot_output/translated_proteins/22678at4893.faa
2026-09-24 16:31:50 DEBUG:busco.busco_tools.Toolset	cmd call: hmmsearch --domtblout outputs/busco_output/run_saccharomycetaceae_odb12/hmmer_output/1846at4893.out --cpu 1 /data/busco_downloads/lineages/saccharomycetaceae_odb12/hmms/1846at4893.hmm outputs/busco_output/run_saccharomycetaceae_odb12/miniprot_output/translated_proteins/1846at4893.faa
2026-09-24 16:31:50 DEBUG:busco.busco_tools.Toolset	cmd call: hmmsearch --domtblout outputs/busco_output/run_saccharomycetaceae_odb12/hmmer_output/2126at4893.out --cpu 1 /data/busco_downloads/lineages/saccharomycetaceae_odb12/hmms/2126at4893.hmm outputs/busco_output/run_saccharomycetaceae_odb12/miniprot_output/translated_proteins/2126at4893.faa
2026-09-24 16:31:50 DEBUG:busco.busco_tools.Toolset	cmd call: hmmsearch --domtblout outputs/busco_output/run_saccharomycetaceae_odb12/hmmer_output/10981at4893.out --cpu 1 /data/busco_downloads/lineages/saccharomycetaceae_odb12/hmms/10981at4893.hmm outputs/busco_output/run_saccharomycetaceae_odb12/miniprot_output/translated_proteins/10981at4893.faa
2026-09-24 16:31:50 DEBUG:busco.busco_tools.Toolset	cmd call: hmmsearch --domtblout outputs/busco_output/run_saccharomycetaceae_odb12/hmmer_output/13118at4893.out --cpu 1 /data/busco_downloads/lineages/saccharomycetaceae_odb12/hmms/13118at4893.hmm outputs/busco_output/run_saccharomycetaceae_odb12/miniprot_output/translated_proteins/13118at4893.faa
2026-09-24 16:31:50 DEBUG:busco.busco_tools.Toolset	cmd call: hmmsearch --domtblout outputs/busco_output/run_saccharomycetaceae_odb12/hmmer_output/2000at4893.out --cpu 1 /data/busco_downloads/lineages/saccharomycetaceae_odb12/hmms/2000at4893.hmm outputs/busco_output/run_saccharomycetaceae_odb12/miniprot_output/translated_proteins/2000at4893.faa
2026-09-24 16:31:50 DEBUG:busco.busco_tools.Toolset	cmd call: hmmsearch --domtblout outputs/busco_output/run_saccharomycetaceae_odb12/hmmer_output/18505at4893.out --cpu 1 /data/busco_downloads/lineages/saccharomycetaceae_odb12/hmms/18505at4893.hmm outputs/busco_output/run_saccharomycetaceae_odb12/miniprot_output/translated_proteins/18505at4893.faa
2026-09-24 16:31:50 DEBUG:busco.busco_tools.Toolset	cmd call: hmmsearch --domtblout outputs/busco_output/run_saccharomycetaceae_odb12/hmmer_output/15318at4893.out --cpu 1 /data/busco_downloads/lineages/saccharomycetaceae_odb12/hmms/15318at4893.hmm outputs/busco_output/run_saccharomycetaceae_odb12/miniprot_output/translated_proteins/15318at4893.faa
2026-09-24 16:31:50 DEBUG:busco.busco_tools.Toolset	cmd call: hmmsearch --domtblout outputs/busco_output/run_saccharomycetaceae_odb12/hmmer_output/22712at4893.out --cpu 1 /data/busco_downloads/lineages/saccharomycetaceae_odb12/hmms/22712at4893.hmm outputs/busco_output/run_saccharomycetaceae_odb12/miniprot_output/translated_proteins/22712at4893.faa
2026-09-24 16:31:50 DEBUG:busco.busco_tools.Toolset	cmd call: hmmsearch --domtblout outputs/busco_output/run_saccharomycetaceae_odb12/hmmer_output/13147at4893.out --cpu 1 /data/busco_downloads/lineages/saccharomycetaceae_odb12/hmms/13147at4893.hmm outputs/busco_output/run_saccharomycetaceae_odb12/miniprot_output/translated_proteins/13147at4893.faa
2026-09-24 16:31:50 DEBUG:busco.busco_tools.Toolset	cmd call: hmmsearch --domtblout outputs/busco_output/run_saccharomycetaceae_odb12/hmmer_output/1693at4893.out --cpu 1 /data/busco_downloads/lineages/saccharomycetaceae_odb12/hmms/1693at4893.hmm outputs/busco_output/run_saccharomycetaceae_odb12/miniprot_output/translated_proteins/1693at4893.faa
2026-09-24 16:31:50 DEBUG:busco.busco_tools.Toolset	cmd call: hmmsearch --domtblout outputs/busco_output/run_saccharomycetaceae_odb12/hmmer_output/21275at4893.out --cpu 1 /data/busco_downloads/lineages/saccharomycetaceae_odb12/hmms/21275at4893.hmm outputs/busco_output/run_saccharomycetaceae_odb12/miniprot_output/translated_proteins/21275at4893.faa
2026-09-24 16:31:50 DEBUG:busco.busco_tools.Toolset	cmd call: hmmsearch --domtblout outputs/busco_output/run_saccharomycetaceae_odb12/hmmer_output/1103at4893.out --cpu 1 /data/busco_downloads/lineages/saccharomycetaceae_odb12/hmms/1103at4893.hmm outputs/busco_output/run_saccharomycetaceae_odb12/miniprot_output/translated_proteins/1103at4893.faa
2026-09-24 16:31:50 DEBUG:busco.busco_tools.Toolset	cmd call: hmmsearch --domtblout outputs/busco_output/run_saccharomycetaceae_odb12/hmmer_output/15362at4893.out --cpu 1 /data/busco_downloads/lineages/saccharomycetaceae_odb12/hmms/15362at4893.hmm outputs/busco_output/run_saccharomycetaceae_odb12/miniprot_output/translated_proteins/15362at4893.faa
2026-09-24 16:31:50 DEBUG:busco.busco_tools.Toolset	cmd call: hmmsearch --domtblout outputs/busco_output/run_saccharomycetaceae_odb12/hmmer_output/18507at4893.out --cpu 1 /data/busco_downloads/lineages/saccharomycetaceae_odb12/hmms/18507at4893.hmm outputs/busco_output/run_saccharomycetaceae_odb12/miniprot_output/translated_proteins/18507at4893.faa
2026-09-24 16:31:50 DEBUG:busco.busco_tools.Toolset	cmd call: hmmsearch --domtblout outputs/busco_output/run_saccharomycetaceae_odb12/hmmer_output/20010at4893.out --cpu 1 /data/busco_downloads/lineages/saccharomycetaceae_odb12/hmms/20010at4893.hmm outputs/busco_output/run_saccharomycetaceae_odb12/miniprot_output/translated_proteins/20010at4893.faa
2026-09-24 16:31:50 DEBUG:busco.busco_tools.Toolset	cmd call: hmmsearch --domtblout outputs/busco_output/run_saccharomycetaceae_odb12/hmmer_output/22718at4893.out --cpu 1 /data/busco_downloads/lineages/saccharomycetaceae_odb12/hmms/22718at4893.hmm outputs/busco_output/run_saccharomycetaceae_odb12/miniprot_output/translated_proteins/22718at4893.faa
2026-09-24 16:31:50 DEBUG:busco.busco_tools.Toolset	cmd call: hmmsearch --domtblout outputs/busco_output/run_saccharomycetaceae_odb12/hmmer_output/1314at4893.out --cpu 1 /data/busco_downloads/lineages/saccharomycetaceae_odb12/hmms/1314at4893.hmm outputs/busco_output/run_saccharomycetaceae_odb12/miniprot_output/translated_proteins/1314at4893.faa
2026-09-24 16:31:50 DEBUG:busco.busco_tools.Toolset	cmd call: hmmsearch --domtblout outputs/busco_output/run_saccharomycetaceae_odb12/hmmer_output/16969at4893.out --cpu 1 /data/busco_downloads/lineages/saccharomycetaceae_odb12/hmms/16969at4893.hmm outputs/busco_output/run_saccharomycetaceae_odb12/miniprot_output/translated_proteins/16969at4893.faa
2026-09-24 16:31:50 DEBUG:busco.busco_tools.Toolset	cmd call: hmmsearch --domtblout outputs/busco_output/run_saccharomycetaceae_odb12/hmmer_output/21280at4893.out --cpu 1 /data/busco_downloads/lineages/saccharomycetaceae_odb12/hmms/21280at4893.hmm outputs/busco_output/run_saccharomycetaceae_odb12/miniprot_output/translated_proteins/21280at4893.faa
2026-09-24 16:31:51 DEBUG:busco.busco_tools.Toolset	cmd call: hmmsearch --domtblout outputs/busco_output/run_saccharomycetaceae_odb12/hmmer_output/11055at4893.out --cpu 1 /data/busco_downloads/lineages/saccharomycetaceae_odb12/hmms/11055at4893.hmm outputs/busco_output/run_saccharomycetaceae_odb12/miniprot_output/translated_proteins/11055at4893.faa
2026-09-24 16:31:51 DEBUG:busco.busco_tools.Toolset	cmd call: hmmsearch --domtblout outputs/busco_output/run_saccharomycetaceae_odb12/hmmer_output/153at4893.out --cpu 1 /data/busco_downloads/lineages/saccharomycetaceae_odb12/hmms/153at4893.hmm outputs/busco_output/run_saccharomycetaceae_odb12/miniprot_output/translated_proteins/153at4893.faa
2026-09-24 16:31:51 DEBUG:busco.busco_tools.Toolset	cmd call: hmmsearch --domtblout outputs/busco_output/run_saccharomycetaceae_odb12/hmmer_output/18516at4893.out --cpu 1 /data/busco_downloads/lineages/saccharomycetaceae_odb12/hmms/18516at4893.hmm outputs/busco_output/run_saccharomycetaceae_odb12/miniprot_output/translated_proteins/18516at4893.faa
2026-09-24 16:31:51 DEBUG:busco.busco_tools.Toolset	cmd call: hmmsearch --domtblout outputs/busco_output/run_saccharomycetaceae_odb12/hmmer_output/20013at4893.out --cpu 1 /data/busco_downloads/lineages/saccharomycetaceae_odb12/hmms/20013at4893.hmm outputs/busco_output/run_saccharomycetaceae_odb12/miniprot_output/translated_proteins/20013at4893.faa
2026-09-24 16:31:51 DEBUG:busco.busco_tools.Toolset	cmd call: hmmsearch --domtblout outputs/busco_output/run_saccharomycetaceae_odb12/hmmer_output/22724at4893.out --cpu 1 /data/busco_downloads/lineages/saccharomycetaceae_odb12/hmms/22724at4893.hmm outputs/busco_output/run_saccharomycetaceae_odb12/miniprot_output/translated_proteins/22724at4893.faa
2026-09-24 16:31:51 DEBUG:busco.busco_tools.Toolset	cmd call: hmmsearch --domtblout outputs/busco_output/run_saccharomycetaceae_odb12/hmmer_output/21297at4893.out --cpu 1 /data/busco_downloads/lineages/saccharomycetaceae_odb12/hmms/21297at4893.hmm outputs/busco_output/run_saccharomycetaceae_odb12/miniprot_output/translated_proteins/21297at4893.faa
2026-09-24 16:31:51 DEBUG:busco.busco_tools.Toolset	cmd call: hmmsearch --domtblout outputs/busco_output/run_saccharomycetaceae_odb12/hmmer_output/13169at4893.out --cpu 1 /data/busco_downloads/lineages/saccharomycetaceae_odb12/hmms/13169at4893.hmm outputs/busco_output/run_saccharomycetaceae_odb12/miniprot_output/translated_proteins/13169at4893.faa
2026-09-24 16:31:51 DEBUG:busco.busco_tools.Toolset	cmd call: hmmsearch --domtblout outputs/busco_output/run_saccharomycetaceae_odb12/hmmer_output/11096at4893.out --cpu 1 /data/busco_downloads/lineages/saccharomycetaceae_odb12/hmms/11096at4893.hmm outputs/busco_output/run_saccharomycetaceae_odb12/miniprot_output/translated_proteins/11096at4893.faa
2026-09-24 16:31:51 DEBUG:busco.busco_tools.Toolset	cmd call: hmmsearch --domtblout outputs/busco_output/run_saccharomycetaceae_odb12/hmmer_output/15415at4893.out --cpu 1 /data/busco_downloads/lineages/saccharomycetaceae_odb12/hmms/15415at4893.hmm outputs/busco_output/run_saccharomycetaceae_odb12/miniprot_output/translated_proteins/15415at4893.faa
2026-09-24 16:31:51 DEBUG:busco.busco_tools.Toolset	cmd call: hmmsearch --domtblout outputs/busco_output/run_saccharomycetaceae_odb12/hmmer_output/17015at4893.out --cpu 1 /data/busco_downloads/lineages/saccharomycetaceae_odb12/hmms/17015at4893.hmm outputs/busco_output/run_saccharomycetaceae_odb12/miniprot_output/translated_proteins/17015at4893.faa
2026-09-24 16:31:51 INFO:busco.busco_tools.Toolset	[hmmsearch]	213 of 2129 task(s) completed
2026-09-24 16:31:51 DEBUG:busco.busco_tools.Toolset	cmd call: hmmsearch --domtblout outputs/busco_output/run_saccharomycetaceae_odb12/hmmer_output/1852at4893.out --cpu 1 /data/busco_downloads/lineages/saccharomycetaceae_odb12/hmms/1852at4893.hmm outputs/busco_output/run_saccharomycetaceae_odb12/miniprot_output/translated_proteins/1852at4893.faa
2026-09-24 16:31:51 DEBUG:busco.busco_tools.Toolset	cmd call: hmmsearch --domtblout outputs/busco_output/run_saccharomycetaceae_odb12/hmmer_output/20033at4893.out --cpu 1 /data/busco_downloads/lineages/saccharomycetaceae_odb12/hmms/20033at4893.hmm outputs/busco_output/run_saccharomycetaceae_odb12/miniprot_output/translated_proteins/20033at4893.faa
2026-09-24 16:31:51 DEBUG:busco.busco_tools.Toolset	cmd call: hmmsearch --domtblout outputs/busco_output/run_saccharomycetaceae_odb12/hmmer_output/22765at4893.out --cpu 1 /data/busco_downloads/lineages/saccharomycetaceae_odb12/hmms/22765at4893.hmm outputs/busco_output/run_saccharomycetaceae_odb12/miniprot_output/translated_proteins/22765at4893.faa
2026-09-24 16:31:51 DEBUG:busco.busco_tools.Toolset	cmd call: hmmsearch --domtblout outputs/busco_output/run_saccharomycetaceae_odb12/hmmer_output/13310at4893.out --cpu 1 /data/busco_downloads/lineages/saccharomycetaceae_odb12/hmms/13310at4893.hmm outputs/busco_output/run_saccharomycetaceae_odb12/miniprot_output/translated_proteins/13310at4893.faa
2026-09-24 16:31:51 DEBUG:busco.busco_tools.Toolset	cmd call: hmmsearch --domtblout outputs/busco_output/run_saccharomycetaceae_odb12/hmmer_output/11116at4893.out --cpu 1 /data/busco_downloads/lineages/saccharomycetaceae_odb12/hmms/11116at4893.hmm outputs/busco_output/run_saccharomycetaceae_odb12/miniprot_output/translated_proteins/11116at4893.faa
2026-09-24 16:31:51 DEBUG:busco.busco_tools.Toolset	cmd call: hmmsearch --domtblout outputs/busco_output/run_saccharomycetaceae_odb12/hmmer_output/21299at4893.out --cpu 1 /data/busco_downloads/lineages/saccharomycetaceae_odb12/hmms/21299at4893.hmm outputs/busco_output/run_saccharomycetaceae_odb12/miniprot_output/translated_proteins/21299at4893.faa
2026-09-24 16:31:51 DEBUG:busco.busco_tools.Toolset	cmd call: hmmsearch --domtblout outputs/busco_output/run_saccharomycetaceae_odb12/hmmer_output/15419at4893.out --cpu 1 /data/busco_downloads/lineages/saccharomycetaceae_odb12/hmms/15419at4893.hmm outputs/busco_output/run_saccharomycetaceae_odb12/miniprot_output/translated_proteins/15419at4893.faa
2026-09-24 16:31:51 DEBUG:busco.busco_tools.Toolset	cmd call: hmmsearch --domtblout outputs/busco_output/run_saccharomycetaceae_odb12/hmmer_output/17025at4893.out --cpu 1 /data/busco_downloads/lineages/saccharomycetaceae_odb12/hmms/17025at4893.hmm outputs/busco_output/run_saccharomycetaceae_odb12/miniprot_output/translated_proteins/17025at4893.faa
2026-09-24 16:31:51 DEBUG:busco.busco_tools.Toolset	cmd call: hmmsearch --domtblout outputs/busco_output/run_saccharomycetaceae_odb12/hmmer_output/22766at4893.out --cpu 1 /data/busco_downloads/lineages/saccharomycetaceae_odb12/hmms/22766at4893.hmm outputs/busco_output/run_saccharomycetaceae_odb12/miniprot_output/translated_proteins/22766at4893.faa
2026-09-24 16:31:51 DEBUG:busco.busco_tools.Toolset	cmd call: hmmsearch --domtblout outputs/busco_output/run_saccharomycetaceae_odb12/hmmer_output/13322at4893.out --cpu 1 /data/busco_downloads/lineages/saccharomycetaceae_odb12/hmms/13322at4893.hmm outputs/busco_output/run_saccharomycetaceae_odb12/miniprot_output/translated_proteins/13322at4893.faa
2026-09-24 16:31:51 DEBUG:busco.busco_tools.Toolset	cmd call: hmmsearch --domtblout outputs/busco_output/run_saccharomycetaceae_odb12/hmmer_output/20055at4893.out --cpu 1 /data/busco_downloads/lineages/saccharomycetaceae_odb12/hmms/20055at4893.hmm outputs/busco_output/run_saccharomycetaceae_odb12/miniprot_output/translated_proteins/20055at4893.faa
2026-09-24 16:31:51 DEBUG:busco.busco_tools.Toolset	cmd call: hmmsearch --domtblout outputs/busco_output/run_saccharomycetaceae_odb12/hmmer_output/15425at4893.out --cpu 1 /data/busco_downloads/lineages/saccharomycetaceae_odb12/hmms/15425at4893.hmm outputs/busco_output/run_saccharomycetaceae_odb12/miniprot_output/translated_proteins/15425at4893.faa
2026-09-24 16:31:51 DEBUG:busco.busco_tools.Toolset	cmd call: hmmsearch --domtblout outputs/busco_output/run_saccharomycetaceae_odb12/hmmer_output/21345at4893.out --cpu 1 /data/busco_downloads/lineages/saccharomycetaceae_odb12/hmms/21345at4893.hmm outputs/busco_output/run_saccharomycetaceae_odb12/miniprot_output/translated_proteins/21345at4893.faa
2026-09-24 16:31:51 DEBUG:busco.busco_tools.Toolset	cmd call: hmmsearch --domtblout outputs/busco_output/run_saccharomycetaceae_odb12/hmmer_output/1111at4893.out --cpu 1 /data/busco_downloads/lineages/saccharomycetaceae_odb12/hmms/1111at4893.hmm outputs/busco_output/run_saccharomycetaceae_odb12/miniprot_output/translated_proteins/1111at4893.faa
2026-09-24 16:31:51 DEBUG:busco.busco_tools.Toolset	cmd call: hmmsearch --domtblout outputs/busco_output/run_saccharomycetaceae_odb12/hmmer_output/17026at4893.out --cpu 1 /data/busco_downloads/lineages/saccharomycetaceae_odb12/hmms/17026at4893.hmm outputs/busco_output/run_saccharomycetaceae_odb12/miniprot_output/translated_proteins/17026at4893.faa
2026-09-24 16:31:51 DEBUG:busco.busco_tools.Toolset	cmd call: hmmsearch --domtblout outputs/busco_output/run_saccharomycetaceae_odb12/hmmer_output/18565at4893.out --cpu 1 /data/busco_downloads/lineages/saccharomycetaceae_odb12/hmms/18565at4893.hmm outputs/busco_output/run_saccharomycetaceae_odb12/miniprot_output/translated_proteins/18565at4893.faa
2026-09-24 16:31:51 DEBUG:busco.busco_tools.Toolset	cmd call: hmmsearch --domtblout outputs/busco_output/run_saccharomycetaceae_odb12/hmmer_output/13354at4893.out --cpu 1 /data/busco_downloads/lineages/saccharomycetaceae_odb12/hmms/13354at4893.hmm outputs/busco_output/run_saccharomycetaceae_odb12/miniprot_output/translated_proteins/13354at4893.faa
2026-09-24 16:31:51 DEBUG:busco.busco_tools.Toolset	cmd call: hmmsearch --domtblout outputs/busco_output/run_saccharomycetaceae_odb12/hmmer_output/22773at4893.out --cpu 1 /data/busco_downloads/lineages/saccharomycetaceae_odb12/hmms/22773at4893.hmm outputs/busco_output/run_saccharomycetaceae_odb12/miniprot_output/translated_proteins/22773at4893.faa
2026-09-24 16:31:51 DEBUG:busco.busco_tools.Toolset	cmd call: hmmsearch --domtblout outputs/busco_output/run_saccharomycetaceae_odb12/hmmer_output/20057at4893.out --cpu 1 /data/busco_downloads/lineages/saccharomycetaceae_odb12/hmms/20057at4893.hmm outputs/busco_output/run_saccharomycetaceae_odb12/miniprot_output/translated_proteins/20057at4893.faa
2026-09-24 16:31:51 DEBUG:busco.busco_tools.Toolset	cmd call: hmmsearch --domtblout outputs/busco_output/run_saccharomycetaceae_odb12/hmmer_output/21349at4893.out --cpu 1 /data/busco_downloads/lineages/saccharomycetaceae_odb12/hmms/21349at4893.hmm outputs/busco_output/run_saccharomycetaceae_odb12/miniprot_output/translated_proteins/21349at4893.faa
2026-09-24 16:31:51 DEBUG:busco.busco_tools.Toolset	cmd call: hmmsearch --domtblout outputs/busco_output/run_saccharomycetaceae_odb12/hmmer_output/11166at4893.out --cpu 1 /data/busco_downloads/lineages/saccharomycetaceae_odb12/hmms/11166at4893.hmm outputs/busco_output/run_saccharomycetaceae_odb12/miniprot_output/translated_proteins/11166at4893.faa
2026-09-24 16:31:51 DEBUG:busco.busco_tools.Toolset	cmd call: hmmsearch --domtblout outputs/busco_output/run_saccharomycetaceae_odb12/hmmer_output/1856at4893.out --cpu 1 /data/busco_downloads/lineages/saccharomycetaceae_odb12/hmms/1856at4893.hmm outputs/busco_output/run_saccharomycetaceae_odb12/miniprot_output/translated_proteins/1856at4893.faa
2026-09-24 16:31:51 DEBUG:busco.busco_tools.Toolset	cmd call: hmmsearch --domtblout outputs/busco_output/run_saccharomycetaceae_odb12/hmmer_output/17034at4893.out --cpu 1 /data/busco_downloads/lineages/saccharomycetaceae_odb12/hmms/17034at4893.hmm outputs/busco_output/run_saccharomycetaceae_odb12/miniprot_output/translated_proteins/17034at4893.faa
2026-09-24 16:31:51 DEBUG:busco.busco_tools.Toolset	cmd call: hmmsearch --domtblout outputs/busco_output/run_saccharomycetaceae_odb12/hmmer_output/15490at4893.out --cpu 1 /data/busco_downloads/lineages/saccharomycetaceae_odb12/hmms/15490at4893.hmm outputs/busco_output/run_saccharomycetaceae_odb12/miniprot_output/translated_proteins/15490at4893.faa
2026-09-24 16:31:51 DEBUG:busco.busco_tools.Toolset	cmd call: hmmsearch --domtblout outputs/busco_output/run_saccharomycetaceae_odb12/hmmer_output/21437at4893.out --cpu 1 /data/busco_downloads/lineages/saccharomycetaceae_odb12/hmms/21437at4893.hmm outputs/busco_output/run_saccharomycetaceae_odb12/miniprot_output/translated_proteins/21437at4893.faa
2026-09-24 16:31:51 DEBUG:busco.busco_tools.Toolset	cmd call: hmmsearch --domtblout outputs/busco_output/run_saccharomycetaceae_odb12/hmmer_output/11226at4893.out --cpu 1 /data/busco_downloads/lineages/saccharomycetaceae_odb12/hmms/11226at4893.hmm outputs/busco_output/run_saccharomycetaceae_odb12/miniprot_output/translated_proteins/11226at4893.faa
2026-09-24 16:31:51 DEBUG:busco.busco_tools.Toolset	cmd call: hmmsearch --domtblout outputs/busco_output/run_saccharomycetaceae_odb12/hmmer_output/1335at4893.out --cpu 1 /data/busco_downloads/lineages/saccharomycetaceae_odb12/hmms/1335at4893.hmm outputs/busco_output/run_saccharomycetaceae_odb12/miniprot_output/translated_proteins/1335at4893.faa
2026-09-24 16:31:51 DEBUG:busco.busco_tools.Toolset	cmd call: hmmsearch --domtblout outputs/busco_output/run_saccharomycetaceae_odb12/hmmer_output/2277at4893.out --cpu 1 /data/busco_downloads/lineages/saccharomycetaceae_odb12/hmms/2277at4893.hmm outputs/busco_output/run_saccharomycetaceae_odb12/miniprot_output/translated_proteins/2277at4893.faa
2026-09-24 16:31:52 DEBUG:busco.busco_tools.Toolset	cmd call: hmmsearch --domtblout outputs/busco_output/run_saccharomycetaceae_odb12/hmmer_output/17043at4893.out --cpu 1 /data/busco_downloads/lineages/saccharomycetaceae_odb12/hmms/17043at4893.hmm outputs/busco_output/run_saccharomycetaceae_odb12/miniprot_output/translated_proteins/17043at4893.faa
2026-09-24 16:31:52 DEBUG:busco.busco_tools.Toolset	cmd call: hmmsearch --domtblout outputs/busco_output/run_saccharomycetaceae_odb12/hmmer_output/20058at4893.out --cpu 1 /data/busco_downloads/lineages/saccharomycetaceae_odb12/hmms/20058at4893.hmm outputs/busco_output/run_saccharomycetaceae_odb12/miniprot_output/translated_proteins/20058at4893.faa
2026-09-24 16:31:52 DEBUG:busco.busco_tools.Toolset	cmd call: hmmsearch --domtblout outputs/busco_output/run_saccharomycetaceae_odb12/hmmer_output/18572at4893.out --cpu 1 /data/busco_downloads/lineages/saccharomycetaceae_odb12/hmms/18572at4893.hmm outputs/busco_output/run_saccharomycetaceae_odb12/miniprot_output/translated_proteins/18572at4893.faa
2026-09-24 16:31:52 DEBUG:busco.busco_tools.Toolset	cmd call: hmmsearch --domtblout outputs/busco_output/run_saccharomycetaceae_odb12/hmmer_output/1552at4893.out --cpu 1 /data/busco_downloads/lineages/saccharomycetaceae_odb12/hmms/1552at4893.hmm outputs/busco_output/run_saccharomycetaceae_odb12/miniprot_output/translated_proteins/1552at4893.faa
2026-09-24 16:31:52 DEBUG:busco.busco_tools.Toolset	cmd call: hmmsearch --domtblout outputs/busco_output/run_saccharomycetaceae_odb12/hmmer_output/22784at4893.out --cpu 1 /data/busco_downloads/lineages/saccharomycetaceae_odb12/hmms/22784at4893.hmm outputs/busco_output/run_saccharomycetaceae_odb12/miniprot_output/translated_proteins/22784at4893.faa
2026-09-24 16:31:52 DEBUG:busco.busco_tools.Toolset	cmd call: hmmsearch --domtblout outputs/busco_output/run_saccharomycetaceae_odb12/hmmer_output/21462at4893.out --cpu 1 /data/busco_downloads/lineages/saccharomycetaceae_odb12/hmms/21462at4893.hmm outputs/busco_output/run_saccharomycetaceae_odb12/miniprot_output/translated_proteins/21462at4893.faa
2026-09-24 16:31:52 DEBUG:busco.busco_tools.Toolset	cmd call: hmmsearch --domtblout outputs/busco_output/run_saccharomycetaceae_odb12/hmmer_output/13385at4893.out --cpu 1 /data/busco_downloads/lineages/saccharomycetaceae_odb12/hmms/13385at4893.hmm outputs/busco_output/run_saccharomycetaceae_odb12/miniprot_output/translated_proteins/13385at4893.faa
2026-09-24 16:31:52 DEBUG:busco.busco_tools.Toolset	cmd call: hmmsearch --domtblout outputs/busco_output/run_saccharomycetaceae_odb12/hmmer_output/11241at4893.out --cpu 1 /data/busco_downloads/lineages/saccharomycetaceae_odb12/hmms/11241at4893.hmm outputs/busco_output/run_saccharomycetaceae_odb12/miniprot_output/translated_proteins/11241at4893.faa
2026-09-24 16:31:52 DEBUG:busco.busco_tools.Toolset	cmd call: hmmsearch --domtblout outputs/busco_output/run_saccharomycetaceae_odb12/hmmer_output/17081at4893.out --cpu 1 /data/busco_downloads/lineages/saccharomycetaceae_odb12/hmms/17081at4893.hmm outputs/busco_output/run_saccharomycetaceae_odb12/miniprot_output/translated_proteins/17081at4893.faa
2026-09-24 16:31:52 DEBUG:busco.busco_tools.Toolset	cmd call: hmmsearch --domtblout outputs/busco_output/run_saccharomycetaceae_odb12/hmmer_output/18621at4893.out --cpu 1 /data/busco_downloads/lineages/saccharomycetaceae_odb12/hmms/18621at4893.hmm outputs/busco_output/run_saccharomycetaceae_odb12/miniprot_output/translated_proteins/18621at4893.faa
2026-09-24 16:31:52 DEBUG:busco.busco_tools.Toolset	cmd call: hmmsearch --domtblout outputs/busco_output/run_saccharomycetaceae_odb12/hmmer_output/20060at4893.out --cpu 1 /data/busco_downloads/lineages/saccharomycetaceae_odb12/hmms/20060at4893.hmm outputs/busco_output/run_saccharomycetaceae_odb12/miniprot_output/translated_proteins/20060at4893.faa
2026-09-24 16:31:52 DEBUG:busco.busco_tools.Toolset	cmd call: hmmsearch --domtblout outputs/busco_output/run_saccharomycetaceae_odb12/hmmer_output/13401at4893.out --cpu 1 /data/busco_downloads/lineages/saccharomycetaceae_odb12/hmms/13401at4893.hmm outputs/busco_output/run_saccharomycetaceae_odb12/miniprot_output/translated_proteins/13401at4893.faa
2026-09-24 16:31:52 DEBUG:busco.busco_tools.Toolset	cmd call: hmmsearch --domtblout outputs/busco_output/run_saccharomycetaceae_odb12/hmmer_output/11261at4893.out --cpu 1 /data/busco_downloads/lineages/saccharomycetaceae_odb12/hmms/11261at4893.hmm outputs/busco_output/run_saccharomycetaceae_odb12/miniprot_output/translated_proteins/11261at4893.faa
2026-09-24 16:31:52 DEBUG:busco.busco_tools.Toolset	cmd call: hmmsearch --domtblout outputs/busco_output/run_saccharomycetaceae_odb12/hmmer_output/1558at4893.out --cpu 1 /data/busco_downloads/lineages/saccharomycetaceae_odb12/hmms/1558at4893.hmm outputs/busco_output/run_saccharomycetaceae_odb12/miniprot_output/translated_proteins/1558at4893.faa
2026-09-24 16:31:52 DEBUG:busco.busco_tools.Toolset	cmd call: hmmsearch --domtblout outputs/busco_output/run_saccharomycetaceae_odb12/hmmer_output/21476at4893.out --cpu 1 /data/busco_downloads/lineages/saccharomycetaceae_odb12/hmms/21476at4893.hmm outputs/busco_output/run_saccharomycetaceae_odb12/miniprot_output/translated_proteins/21476at4893.faa
2026-09-24 16:31:52 DEBUG:busco.busco_tools.Toolset	cmd call: hmmsearch --domtblout outputs/busco_output/run_saccharomycetaceae_odb12/hmmer_output/17088at4893.out --cpu 1 /data/busco_downloads/lineages/saccharomycetaceae_odb12/hmms/17088at4893.hmm outputs/busco_output/run_saccharomycetaceae_odb12/miniprot_output/translated_proteins/17088at4893.faa
2026-09-24 16:31:52 DEBUG:busco.busco_tools.Toolset	cmd call: hmmsearch --domtblout outputs/busco_output/run_saccharomycetaceae_odb12/hmmer_output/18739at4893.out --cpu 1 /data/busco_downloads/lineages/saccharomycetaceae_odb12/hmms/18739at4893.hmm outputs/busco_output/run_saccharomycetaceae_odb12/miniprot_output/translated_proteins/18739at4893.faa
2026-09-24 16:31:52 DEBUG:busco.busco_tools.Toolset	cmd call: hmmsearch --domtblout outputs/busco_output/run_saccharomycetaceae_odb12/hmmer_output/22785at4893.out --cpu 1 /data/busco_downloads/lineages/saccharomycetaceae_odb12/hmms/22785at4893.hmm outputs/busco_output/run_saccharomycetaceae_odb12/miniprot_output/translated_proteins/22785at4893.faa
2026-09-24 16:31:52 DEBUG:busco.busco_tools.Toolset	cmd call: hmmsearch --domtblout outputs/busco_output/run_saccharomycetaceae_odb12/hmmer_output/15597at4893.out --cpu 1 /data/busco_downloads/lineages/saccharomycetaceae_odb12/hmms/15597at4893.hmm outputs/busco_output/run_saccharomycetaceae_odb12/miniprot_output/translated_proteins/15597at4893.faa
2026-09-24 16:31:52 DEBUG:busco.busco_tools.Toolset	cmd call: hmmsearch --domtblout outputs/busco_output/run_saccharomycetaceae_odb12/hmmer_output/1138at4893.out --cpu 1 /data/busco_downloads/lineages/saccharomycetaceae_odb12/hmms/1138at4893.hmm outputs/busco_output/run_saccharomycetaceae_odb12/miniprot_output/translated_proteins/1138at4893.faa
2026-09-24 16:31:52 DEBUG:busco.busco_tools.Toolset	cmd call: hmmsearch --domtblout outputs/busco_output/run_saccharomycetaceae_odb12/hmmer_output/20103at4893.out --cpu 1 /data/busco_downloads/lineages/saccharomycetaceae_odb12/hmms/20103at4893.hmm outputs/busco_output/run_saccharomycetaceae_odb12/miniprot_output/translated_proteins/20103at4893.faa
2026-09-24 16:31:52 DEBUG:busco.busco_tools.Toolset	cmd call: hmmsearch --domtblout outputs/busco_output/run_saccharomycetaceae_odb12/hmmer_output/13416at4893.out --cpu 1 /data/busco_downloads/lineages/saccharomycetaceae_odb12/hmms/13416at4893.hmm outputs/busco_output/run_saccharomycetaceae_odb12/miniprot_output/translated_proteins/13416at4893.faa
2026-09-24 16:31:52 DEBUG:busco.busco_tools.Toolset	cmd call: hmmsearch --domtblout outputs/busco_output/run_saccharomycetaceae_odb12/hmmer_output/18758at4893.out --cpu 1 /data/busco_downloads/lineages/saccharomycetaceae_odb12/hmms/18758at4893.hmm outputs/busco_output/run_saccharomycetaceae_odb12/miniprot_output/translated_proteins/18758at4893.faa
2026-09-24 16:31:52 DEBUG:busco.busco_tools.Toolset	cmd call: hmmsearch --domtblout outputs/busco_output/run_saccharomycetaceae_odb12/hmmer_output/1708at4893.out --cpu 1 /data/busco_downloads/lineages/saccharomycetaceae_odb12/hmms/1708at4893.hmm outputs/busco_output/run_saccharomycetaceae_odb12/miniprot_output/translated_proteins/1708at4893.faa
2026-09-24 16:31:52 DEBUG:busco.busco_tools.Toolset	cmd call: hmmsearch --domtblout outputs/busco_output/run_saccharomycetaceae_odb12/hmmer_output/21480at4893.out --cpu 1 /data/busco_downloads/lineages/saccharomycetaceae_odb12/hmms/21480at4893.hmm outputs/busco_output/run_saccharomycetaceae_odb12/miniprot_output/translated_proteins/21480at4893.faa
2026-09-24 16:31:52 DEBUG:busco.busco_tools.Toolset	cmd call: hmmsearch --domtblout outputs/busco_output/run_saccharomycetaceae_odb12/hmmer_output/22793at4893.out --cpu 1 /data/busco_downloads/lineages/saccharomycetaceae_odb12/hmms/22793at4893.hmm outputs/busco_output/run_saccharomycetaceae_odb12/miniprot_output/translated_proteins/22793at4893.faa
2026-09-24 16:31:52 DEBUG:busco.busco_tools.Toolset	cmd call: hmmsearch --domtblout outputs/busco_output/run_saccharomycetaceae_odb12/hmmer_output/20117at4893.out --cpu 1 /data/busco_downloads/lineages/saccharomycetaceae_odb12/hmms/20117at4893.hmm outputs/busco_output/run_saccharomycetaceae_odb12/miniprot_output/translated_proteins/20117at4893.faa
2026-09-24 16:31:52 DEBUG:busco.busco_tools.Toolset	cmd call: hmmsearch --domtblout outputs/busco_output/run_saccharomycetaceae_odb12/hmmer_output/15700at4893.out --cpu 1 /data/busco_downloads/lineages/saccharomycetaceae_odb12/hmms/15700at4893.hmm outputs/busco_output/run_saccharomycetaceae_odb12/miniprot_output/translated_proteins/15700at4893.faa
2026-09-24 16:31:52 DEBUG:busco.busco_tools.Toolset	cmd call: hmmsearch --domtblout outputs/busco_output/run_saccharomycetaceae_odb12/hmmer_output/1875at4893.out --cpu 1 /data/busco_downloads/lineages/saccharomycetaceae_odb12/hmms/1875at4893.hmm outputs/busco_output/run_saccharomycetaceae_odb12/miniprot_output/translated_proteins/1875at4893.faa
2026-09-24 16:31:52 DEBUG:busco.busco_tools.Toolset	cmd call: hmmsearch --domtblout outputs/busco_output/run_saccharomycetaceae_odb12/hmmer_output/11413at4893.out --cpu 1 /data/busco_downloads/lineages/saccharomycetaceae_odb12/hmms/11413at4893.hmm outputs/busco_output/run_saccharomycetaceae_odb12/miniprot_output/translated_proteins/11413at4893.faa
2026-09-24 16:31:52 DEBUG:busco.busco_tools.Toolset	cmd call: hmmsearch --domtblout outputs/busco_output/run_saccharomycetaceae_odb12/hmmer_output/13518at4893.out --cpu 1 /data/busco_downloads/lineages/saccharomycetaceae_odb12/hmms/13518at4893.hmm outputs/busco_output/run_saccharomycetaceae_odb12/miniprot_output/translated_proteins/13518at4893.faa
2026-09-24 16:31:52 DEBUG:busco.busco_tools.Toolset	cmd call: hmmsearch --domtblout outputs/busco_output/run_saccharomycetaceae_odb12/hmmer_output/21492at4893.out --cpu 1 /data/busco_downloads/lineages/saccharomycetaceae_odb12/hmms/21492at4893.hmm outputs/busco_output/run_saccharomycetaceae_odb12/miniprot_output/translated_proteins/21492at4893.faa
2026-09-24 16:31:52 DEBUG:busco.busco_tools.Toolset	cmd call: hmmsearch --domtblout outputs/busco_output/run_saccharomycetaceae_odb12/hmmer_output/17100at4893.out --cpu 1 /data/busco_downloads/lineages/saccharomycetaceae_odb12/hmms/17100at4893.hmm outputs/busco_output/run_saccharomycetaceae_odb12/miniprot_output/translated_proteins/17100at4893.faa
2026-09-24 16:31:52 DEBUG:busco.busco_tools.Toolset	cmd call: hmmsearch --domtblout outputs/busco_output/run_saccharomycetaceae_odb12/hmmer_output/1570at4893.out --cpu 1 /data/busco_downloads/lineages/saccharomycetaceae_odb12/hmms/1570at4893.hmm outputs/busco_output/run_saccharomycetaceae_odb12/miniprot_output/translated_proteins/1570at4893.faa
2026-09-24 16:31:52 DEBUG:busco.busco_tools.Toolset	cmd call: hmmsearch --domtblout outputs/busco_output/run_saccharomycetaceae_odb12/hmmer_output/22795at4893.out --cpu 1 /data/busco_downloads/lineages/saccharomycetaceae_odb12/hmms/22795at4893.hmm outputs/busco_output/run_saccharomycetaceae_odb12/miniprot_output/translated_proteins/22795at4893.faa
2026-09-24 16:31:52 DEBUG:busco.busco_tools.Toolset	cmd call: hmmsearch --domtblout outputs/busco_output/run_saccharomycetaceae_odb12/hmmer_output/20122at4893.out --cpu 1 /data/busco_downloads/lineages/saccharomycetaceae_odb12/hmms/20122at4893.hmm outputs/busco_output/run_saccharomycetaceae_odb12/miniprot_output/translated_proteins/20122at4893.faa
2026-09-24 16:31:52 DEBUG:busco.busco_tools.Toolset	cmd call: hmmsearch --domtblout outputs/busco_output/run_saccharomycetaceae_odb12/hmmer_output/13618at4893.out --cpu 1 /data/busco_downloads/lineages/saccharomycetaceae_odb12/hmms/13618at4893.hmm outputs/busco_output/run_saccharomycetaceae_odb12/miniprot_output/translated_proteins/13618at4893.faa
2026-09-24 16:31:52 DEBUG:busco.busco_tools.Toolset	cmd call: hmmsearch --domtblout outputs/busco_output/run_saccharomycetaceae_odb12/hmmer_output/18777at4893.out --cpu 1 /data/busco_downloads/lineages/saccharomycetaceae_odb12/hmms/18777at4893.hmm outputs/busco_output/run_saccharomycetaceae_odb12/miniprot_output/translated_proteins/18777at4893.faa
2026-09-24 16:31:52 DEBUG:busco.busco_tools.Toolset	cmd call: hmmsearch --domtblout outputs/busco_output/run_saccharomycetaceae_odb12/hmmer_output/1141at4893.out --cpu 1 /data/busco_downloads/lineages/saccharomycetaceae_odb12/hmms/1141at4893.hmm outputs/busco_output/run_saccharomycetaceae_odb12/miniprot_output/translated_proteins/1141at4893.faa
2026-09-24 16:31:52 DEBUG:busco.busco_tools.Toolset	cmd call: hmmsearch --domtblout outputs/busco_output/run_saccharomycetaceae_odb12/hmmer_output/15712at4893.out --cpu 1 /data/busco_downloads/lineages/saccharomycetaceae_odb12/hmms/15712at4893.hmm outputs/busco_output/run_saccharomycetaceae_odb12/miniprot_output/translated_proteins/15712at4893.faa
2026-09-24 16:31:53 DEBUG:busco.busco_tools.Toolset	cmd call: hmmsearch --domtblout outputs/busco_output/run_saccharomycetaceae_odb12/hmmer_output/18811at4893.out --cpu 1 /data/busco_downloads/lineages/saccharomycetaceae_odb12/hmms/18811at4893.hmm outputs/busco_output/run_saccharomycetaceae_odb12/miniprot_output/translated_proteins/18811at4893.faa
2026-09-24 16:31:53 DEBUG:busco.busco_tools.Toolset	cmd call: hmmsearch --domtblout outputs/busco_output/run_saccharomycetaceae_odb12/hmmer_output/13639at4893.out --cpu 1 /data/busco_downloads/lineages/saccharomycetaceae_odb12/hmms/13639at4893.hmm outputs/busco_output/run_saccharomycetaceae_odb12/miniprot_output/translated_proteins/13639at4893.faa
2026-09-24 16:31:53 DEBUG:busco.busco_tools.Toolset	cmd call: hmmsearch --domtblout outputs/busco_output/run_saccharomycetaceae_odb12/hmmer_output/20168at4893.out --cpu 1 /data/busco_downloads/lineages/saccharomycetaceae_odb12/hmms/20168at4893.hmm outputs/busco_output/run_saccharomycetaceae_odb12/miniprot_output/translated_proteins/20168at4893.faa
2026-09-24 16:31:53 DEBUG:busco.busco_tools.Toolset	cmd call: hmmsearch --domtblout outputs/busco_output/run_saccharomycetaceae_odb12/hmmer_output/17107at4893.out --cpu 1 /data/busco_downloads/lineages/saccharomycetaceae_odb12/hmms/17107at4893.hmm outputs/busco_output/run_saccharomycetaceae_odb12/miniprot_output/translated_proteins/17107at4893.faa
2026-09-24 16:31:53 DEBUG:busco.busco_tools.Toolset	cmd call: hmmsearch --domtblout outputs/busco_output/run_saccharomycetaceae_odb12/hmmer_output/11432at4893.out --cpu 1 /data/busco_downloads/lineages/saccharomycetaceae_odb12/hmms/11432at4893.hmm outputs/busco_output/run_saccharomycetaceae_odb12/miniprot_output/translated_proteins/11432at4893.faa
2026-09-24 16:31:53 DEBUG:busco.busco_tools.Toolset	cmd call: hmmsearch --domtblout outputs/busco_output/run_saccharomycetaceae_odb12/hmmer_output/15713at4893.out --cpu 1 /data/busco_downloads/lineages/saccharomycetaceae_odb12/hmms/15713at4893.hmm outputs/busco_output/run_saccharomycetaceae_odb12/miniprot_output/translated_proteins/15713at4893.faa
2026-09-24 16:31:53 DEBUG:busco.busco_tools.Toolset	cmd call: hmmsearch --domtblout outputs/busco_output/run_saccharomycetaceae_odb12/hmmer_output/2281at4893.out --cpu 1 /data/busco_downloads/lineages/saccharomycetaceae_odb12/hmms/2281at4893.hmm outputs/busco_output/run_saccharomycetaceae_odb12/miniprot_output/translated_proteins/2281at4893.faa
2026-09-24 16:31:53 DEBUG:busco.busco_tools.Toolset	cmd call: hmmsearch --domtblout outputs/busco_output/run_saccharomycetaceae_odb12/hmmer_output/13680at4893.out --cpu 1 /data/busco_downloads/lineages/saccharomycetaceae_odb12/hmms/13680at4893.hmm outputs/busco_output/run_saccharomycetaceae_odb12/miniprot_output/translated_proteins/13680at4893.faa
2026-09-24 16:31:53 DEBUG:busco.busco_tools.Toolset	cmd call: hmmsearch --domtblout outputs/busco_output/run_saccharomycetaceae_odb12/hmmer_output/1716at4893.out --cpu 1 /data/busco_downloads/lineages/saccharomycetaceae_odb12/hmms/1716at4893.hmm outputs/busco_output/run_saccharomycetaceae_odb12/miniprot_output/translated_proteins/1716at4893.faa
2026-09-24 16:31:53 DEBUG:busco.busco_tools.Toolset	cmd call: hmmsearch --domtblout outputs/busco_output/run_saccharomycetaceae_odb12/hmmer_output/201at4893.out --cpu 1 /data/busco_downloads/lineages/saccharomycetaceae_odb12/hmms/201at4893.hmm outputs/busco_output/run_saccharomycetaceae_odb12/miniprot_output/translated_proteins/201at4893.faa
2026-09-24 16:31:53 DEBUG:busco.busco_tools.Toolset	cmd call: hmmsearch --domtblout outputs/busco_output/run_saccharomycetaceae_odb12/hmmer_output/18813at4893.out --cpu 1 /data/busco_downloads/lineages/saccharomycetaceae_odb12/hmms/18813at4893.hmm outputs/busco_output/run_saccharomycetaceae_odb12/miniprot_output/translated_proteins/18813at4893.faa
2026-09-24 16:31:53 DEBUG:busco.busco_tools.Toolset	cmd call: hmmsearch --domtblout outputs/busco_output/run_saccharomycetaceae_odb12/hmmer_output/15760at4893.out --cpu 1 /data/busco_downloads/lineages/saccharomycetaceae_odb12/hmms/15760at4893.hmm outputs/busco_output/run_saccharomycetaceae_odb12/miniprot_output/translated_proteins/15760at4893.faa
2026-09-24 16:31:53 DEBUG:busco.busco_tools.Toolset	cmd call: hmmsearch --domtblout outputs/busco_output/run_saccharomycetaceae_odb12/hmmer_output/22824at4893.out --cpu 1 /data/busco_downloads/lineages/saccharomycetaceae_odb12/hmms/22824at4893.hmm outputs/busco_output/run_saccharomycetaceae_odb12/miniprot_output/translated_proteins/22824at4893.faa
2026-09-24 16:31:53 DEBUG:busco.busco_tools.Toolset	cmd call: hmmsearch --domtblout outputs/busco_output/run_saccharomycetaceae_odb12/hmmer_output/11475at4893.out --cpu 1 /data/busco_downloads/lineages/saccharomycetaceae_odb12/hmms/11475at4893.hmm outputs/busco_output/run_saccharomycetaceae_odb12/miniprot_output/translated_proteins/11475at4893.faa
2026-09-24 16:31:53 DEBUG:busco.busco_tools.Toolset	cmd call: hmmsearch --domtblout outputs/busco_output/run_saccharomycetaceae_odb12/hmmer_output/20224at4893.out --cpu 1 /data/busco_downloads/lineages/saccharomycetaceae_odb12/hmms/20224at4893.hmm outputs/busco_output/run_saccharomycetaceae_odb12/miniprot_output/translated_proteins/20224at4893.faa
2026-09-24 16:31:53 DEBUG:busco.busco_tools.Toolset	cmd call: hmmsearch --domtblout outputs/busco_output/run_saccharomycetaceae_odb12/hmmer_output/21504at4893.out --cpu 1 /data/busco_downloads/lineages/saccharomycetaceae_odb12/hmms/21504at4893.hmm outputs/busco_output/run_saccharomycetaceae_odb12/miniprot_output/translated_proteins/21504at4893.faa
2026-09-24 16:31:53 DEBUG:busco.busco_tools.Toolset	cmd call: hmmsearch --domtblout outputs/busco_output/run_saccharomycetaceae_odb12/hmmer_output/17202at4893.out --cpu 1 /data/busco_downloads/lineages/saccharomycetaceae_odb12/hmms/17202at4893.hmm outputs/busco_output/run_saccharomycetaceae_odb12/miniprot_output/translated_proteins/17202at4893.faa
2026-09-24 16:31:53 DEBUG:busco.busco_tools.Toolset	cmd call: hmmsearch --domtblout outputs/busco_output/run_saccharomycetaceae_odb12/hmmer_output/18835at4893.out --cpu 1 /data/busco_downloads/lineages/saccharomycetaceae_odb12/hmms/18835at4893.hmm outputs/busco_output/run_saccharomycetaceae_odb12/miniprot_output/translated_proteins/18835at4893.faa
2026-09-24 16:31:53 DEBUG:busco.busco_tools.Toolset	cmd call: hmmsearch --domtblout outputs/busco_output/run_saccharomycetaceae_odb12/hmmer_output/13683at4893.out --cpu 1 /data/busco_downloads/lineages/saccharomycetaceae_odb12/hmms/13683at4893.hmm outputs/busco_output/run_saccharomycetaceae_odb12/miniprot_output/translated_proteins/13683at4893.faa
2026-09-24 16:31:53 DEBUG:busco.busco_tools.Toolset	cmd call: hmmsearch --domtblout outputs/busco_output/run_saccharomycetaceae_odb12/hmmer_output/11488at4893.out --cpu 1 /data/busco_downloads/lineages/saccharomycetaceae_odb12/hmms/11488at4893.hmm outputs/busco_output/run_saccharomycetaceae_odb12/miniprot_output/translated_proteins/11488at4893.faa
2026-09-24 16:31:53 DEBUG:busco.busco_tools.Toolset	cmd call: hmmsearch --domtblout outputs/busco_output/run_saccharomycetaceae_odb12/hmmer_output/15762at4893.out --cpu 1 /data/busco_downloads/lineages/saccharomycetaceae_odb12/hmms/15762at4893.hmm outputs/busco_output/run_saccharomycetaceae_odb12/miniprot_output/translated_proteins/15762at4893.faa
2026-09-24 16:31:53 DEBUG:busco.busco_tools.Toolset	cmd call: hmmsearch --domtblout outputs/busco_output/run_saccharomycetaceae_odb12/hmmer_output/21516at4893.out --cpu 1 /data/busco_downloads/lineages/saccharomycetaceae_odb12/hmms/21516at4893.hmm outputs/busco_output/run_saccharomycetaceae_odb12/miniprot_output/translated_proteins/21516at4893.faa
2026-09-24 16:31:53 DEBUG:busco.busco_tools.Toolset	cmd call: hmmsearch --domtblout outputs/busco_output/run_saccharomycetaceae_odb12/hmmer_output/20233at4893.out --cpu 1 /data/busco_downloads/lineages/saccharomycetaceae_odb12/hmms/20233at4893.hmm outputs/busco_output/run_saccharomycetaceae_odb12/miniprot_output/translated_proteins/20233at4893.faa
2026-09-24 16:31:53 DEBUG:busco.busco_tools.Toolset	cmd call: hmmsearch --domtblout outputs/busco_output/run_saccharomycetaceae_odb12/hmmer_output/13699at4893.out --cpu 1 /data/busco_downloads/lineages/saccharomycetaceae_odb12/hmms/13699at4893.hmm outputs/busco_output/run_saccharomycetaceae_odb12/miniprot_output/translated_proteins/13699at4893.faa
2026-09-24 16:31:53 DEBUG:busco.busco_tools.Toolset	cmd call: hmmsearch --domtblout outputs/busco_output/run_saccharomycetaceae_odb12/hmmer_output/17203at4893.out --cpu 1 /data/busco_downloads/lineages/saccharomycetaceae_odb12/hmms/17203at4893.hmm outputs/busco_output/run_saccharomycetaceae_odb12/miniprot_output/translated_proteins/17203at4893.faa
2026-09-24 16:31:53 DEBUG:busco.busco_tools.Toolset	cmd call: hmmsearch --domtblout outputs/busco_output/run_saccharomycetaceae_odb12/hmmer_output/2283at4893.out --cpu 1 /data/busco_downloads/lineages/saccharomycetaceae_odb12/hmms/2283at4893.hmm outputs/busco_output/run_saccharomycetaceae_odb12/miniprot_output/translated_proteins/2283at4893.faa
2026-09-24 16:31:53 DEBUG:busco.busco_tools.Toolset	cmd call: hmmsearch --domtblout outputs/busco_output/run_saccharomycetaceae_odb12/hmmer_output/11511at4893.out --cpu 1 /data/busco_downloads/lineages/saccharomycetaceae_odb12/hmms/11511at4893.hmm outputs/busco_output/run_saccharomycetaceae_odb12/miniprot_output/translated_proteins/11511at4893.faa
2026-09-24 16:31:53 DEBUG:busco.busco_tools.Toolset	cmd call: hmmsearch --domtblout outputs/busco_output/run_saccharomycetaceae_odb12/hmmer_output/18883at4893.out --cpu 1 /data/busco_downloads/lineages/saccharomycetaceae_odb12/hmms/18883at4893.hmm outputs/busco_output/run_saccharomycetaceae_odb12/miniprot_output/translated_proteins/18883at4893.faa
2026-09-24 16:31:53 DEBUG:busco.busco_tools.Toolset	cmd call: hmmsearch --domtblout outputs/busco_output/run_saccharomycetaceae_odb12/hmmer_output/13710at4893.out --cpu 1 /data/busco_downloads/lineages/saccharomycetaceae_odb12/hmms/13710at4893.hmm outputs/busco_output/run_saccharomycetaceae_odb12/miniprot_output/translated_proteins/13710at4893.faa
2026-09-24 16:31:53 DEBUG:busco.busco_tools.Toolset	cmd call: hmmsearch --domtblout outputs/busco_output/run_saccharomycetaceae_odb12/hmmer_output/20234at4893.out --cpu 1 /data/busco_downloads/lineages/saccharomycetaceae_odb12/hmms/20234at4893.hmm outputs/busco_output/run_saccharomycetaceae_odb12/miniprot_output/translated_proteins/20234at4893.faa
2026-09-24 16:31:53 DEBUG:busco.busco_tools.Toolset	cmd call: hmmsearch --domtblout outputs/busco_output/run_saccharomycetaceae_odb12/hmmer_output/21522at4893.out --cpu 1 /data/busco_downloads/lineages/saccharomycetaceae_odb12/hmms/21522at4893.hmm outputs/busco_output/run_saccharomycetaceae_odb12/miniprot_output/translated_proteins/21522at4893.faa
2026-09-24 16:31:53 DEBUG:busco.busco_tools.Toolset	cmd call: hmmsearch --domtblout outputs/busco_output/run_saccharomycetaceae_odb12/hmmer_output/15770at4893.out --cpu 1 /data/busco_downloads/lineages/saccharomycetaceae_odb12/hmms/15770at4893.hmm outputs/busco_output/run_saccharomycetaceae_odb12/miniprot_output/translated_proteins/15770at4893.faa
2026-09-24 16:31:53 DEBUG:busco.busco_tools.Toolset	cmd call: hmmsearch --domtblout outputs/busco_output/run_saccharomycetaceae_odb12/hmmer_output/17213at4893.out --cpu 1 /data/busco_downloads/lineages/saccharomycetaceae_odb12/hmms/17213at4893.hmm outputs/busco_output/run_saccharomycetaceae_odb12/miniprot_output/translated_proteins/17213at4893.faa
2026-09-24 16:31:53 DEBUG:busco.busco_tools.Toolset	cmd call: hmmsearch --domtblout outputs/busco_output/run_saccharomycetaceae_odb12/hmmer_output/11536at4893.out --cpu 1 /data/busco_downloads/lineages/saccharomycetaceae_odb12/hmms/11536at4893.hmm outputs/busco_output/run_saccharomycetaceae_odb12/miniprot_output/translated_proteins/11536at4893.faa
2026-09-24 16:31:53 DEBUG:busco.busco_tools.Toolset	cmd call: hmmsearch --domtblout outputs/busco_output/run_saccharomycetaceae_odb12/hmmer_output/18907at4893.out --cpu 1 /data/busco_downloads/lineages/saccharomycetaceae_odb12/hmms/18907at4893.hmm outputs/busco_output/run_saccharomycetaceae_odb12/miniprot_output/translated_proteins/18907at4893.faa
2026-09-24 16:31:53 DEBUG:busco.busco_tools.Toolset	cmd call: hmmsearch --domtblout outputs/busco_output/run_saccharomycetaceae_odb12/hmmer_output/13757at4893.out --cpu 1 /data/busco_downloads/lineages/saccharomycetaceae_odb12/hmms/13757at4893.hmm outputs/busco_output/run_saccharomycetaceae_odb12/miniprot_output/translated_proteins/13757at4893.faa
2026-09-24 16:31:53 DEBUG:busco.busco_tools.Toolset	cmd call: hmmsearch --domtblout outputs/busco_output/run_saccharomycetaceae_odb12/hmmer_output/1725at4893.out --cpu 1 /data/busco_downloads/lineages/saccharomycetaceae_odb12/hmms/1725at4893.hmm outputs/busco_output/run_saccharomycetaceae_odb12/miniprot_output/translated_proteins/1725at4893.faa
2026-09-24 16:31:53 DEBUG:busco.busco_tools.Toolset	cmd call: hmmsearch --domtblout outputs/busco_output/run_saccharomycetaceae_odb12/hmmer_output/15803at4893.out --cpu 1 /data/busco_downloads/lineages/saccharomycetaceae_odb12/hmms/15803at4893.hmm outputs/busco_output/run_saccharomycetaceae_odb12/miniprot_output/translated_proteins/15803at4893.faa
2026-09-24 16:31:53 DEBUG:busco.busco_tools.Toolset	cmd call: hmmsearch --domtblout outputs/busco_output/run_saccharomycetaceae_odb12/hmmer_output/20250at4893.out --cpu 1 /data/busco_downloads/lineages/saccharomycetaceae_odb12/hmms/20250at4893.hmm outputs/busco_output/run_saccharomycetaceae_odb12/miniprot_output/translated_proteins/20250at4893.faa
2026-09-24 16:31:53 DEBUG:busco.busco_tools.Toolset	cmd call: hmmsearch --domtblout outputs/busco_output/run_saccharomycetaceae_odb12/hmmer_output/21571at4893.out --cpu 1 /data/busco_downloads/lineages/saccharomycetaceae_odb12/hmms/21571at4893.hmm outputs/busco_output/run_saccharomycetaceae_odb12/miniprot_output/translated_proteins/21571at4893.faa
2026-09-24 16:31:53 DEBUG:busco.busco_tools.Toolset	cmd call: hmmsearch --domtblout outputs/busco_output/run_saccharomycetaceae_odb12/hmmer_output/22886at4893.out --cpu 1 /data/busco_downloads/lineages/saccharomycetaceae_odb12/hmms/22886at4893.hmm outputs/busco_output/run_saccharomycetaceae_odb12/miniprot_output/translated_proteins/22886at4893.faa
2026-09-24 16:31:54 DEBUG:busco.busco_tools.Toolset	cmd call: hmmsearch --domtblout outputs/busco_output/run_saccharomycetaceae_odb12/hmmer_output/11563at4893.out --cpu 1 /data/busco_downloads/lineages/saccharomycetaceae_odb12/hmms/11563at4893.hmm outputs/busco_output/run_saccharomycetaceae_odb12/miniprot_output/translated_proteins/11563at4893.faa
2026-09-24 16:31:54 DEBUG:busco.busco_tools.Toolset	cmd call: hmmsearch --domtblout outputs/busco_output/run_saccharomycetaceae_odb12/hmmer_output/18914at4893.out --cpu 1 /data/busco_downloads/lineages/saccharomycetaceae_odb12/hmms/18914at4893.hmm outputs/busco_output/run_saccharomycetaceae_odb12/miniprot_output/translated_proteins/18914at4893.faa
2026-09-24 16:31:54 DEBUG:busco.busco_tools.Toolset	cmd call: hmmsearch --domtblout outputs/busco_output/run_saccharomycetaceae_odb12/hmmer_output/20262at4893.out --cpu 1 /data/busco_downloads/lineages/saccharomycetaceae_odb12/hmms/20262at4893.hmm outputs/busco_output/run_saccharomycetaceae_odb12/miniprot_output/translated_proteins/20262at4893.faa
2026-09-24 16:31:54 DEBUG:busco.busco_tools.Toolset	cmd call: hmmsearch --domtblout outputs/busco_output/run_saccharomycetaceae_odb12/hmmer_output/13857at4893.out --cpu 1 /data/busco_downloads/lineages/saccharomycetaceae_odb12/hmms/13857at4893.hmm outputs/busco_output/run_saccharomycetaceae_odb12/miniprot_output/translated_proteins/13857at4893.faa
2026-09-24 16:31:54 DEBUG:busco.busco_tools.Toolset	cmd call: hmmsearch --domtblout outputs/busco_output/run_saccharomycetaceae_odb12/hmmer_output/17264at4893.out --cpu 1 /data/busco_downloads/lineages/saccharomycetaceae_odb12/hmms/17264at4893.hmm outputs/busco_output/run_saccharomycetaceae_odb12/miniprot_output/translated_proteins/17264at4893.faa
2026-09-24 16:31:54 DEBUG:busco.busco_tools.Toolset	cmd call: hmmsearch --domtblout outputs/busco_output/run_saccharomycetaceae_odb12/hmmer_output/21575at4893.out --cpu 1 /data/busco_downloads/lineages/saccharomycetaceae_odb12/hmms/21575at4893.hmm outputs/busco_output/run_saccharomycetaceae_odb12/miniprot_output/translated_proteins/21575at4893.faa
2026-09-24 16:31:54 DEBUG:busco.busco_tools.Toolset	cmd call: hmmsearch --domtblout outputs/busco_output/run_saccharomycetaceae_odb12/hmmer_output/15831at4893.out --cpu 1 /data/busco_downloads/lineages/saccharomycetaceae_odb12/hmms/15831at4893.hmm outputs/busco_output/run_saccharomycetaceae_odb12/miniprot_output/translated_proteins/15831at4893.faa
2026-09-24 16:31:54 DEBUG:busco.busco_tools.Toolset	cmd call: hmmsearch --domtblout outputs/busco_output/run_saccharomycetaceae_odb12/hmmer_output/11592at4893.out --cpu 1 /data/busco_downloads/lineages/saccharomycetaceae_odb12/hmms/11592at4893.hmm outputs/busco_output/run_saccharomycetaceae_odb12/miniprot_output/translated_proteins/11592at4893.faa
2026-09-24 16:31:54 DEBUG:busco.busco_tools.Toolset	cmd call: hmmsearch --domtblout outputs/busco_output/run_saccharomycetaceae_odb12/hmmer_output/17279at4893.out --cpu 1 /data/busco_downloads/lineages/saccharomycetaceae_odb12/hmms/17279at4893.hmm outputs/busco_output/run_saccharomycetaceae_odb12/miniprot_output/translated_proteins/17279at4893.faa
2026-09-24 16:31:54 DEBUG:busco.busco_tools.Toolset	cmd call: hmmsearch --domtblout outputs/busco_output/run_saccharomycetaceae_odb12/hmmer_output/22928at4893.out --cpu 1 /data/busco_downloads/lineages/saccharomycetaceae_odb12/hmms/22928at4893.hmm outputs/busco_output/run_saccharomycetaceae_odb12/miniprot_output/translated_proteins/22928at4893.faa
2026-09-24 16:31:54 DEBUG:busco.busco_tools.Toolset	cmd call: hmmsearch --domtblout outputs/busco_output/run_saccharomycetaceae_odb12/hmmer_output/20291at4893.out --cpu 1 /data/busco_downloads/lineages/saccharomycetaceae_odb12/hmms/20291at4893.hmm outputs/busco_output/run_saccharomycetaceae_odb12/miniprot_output/translated_proteins/20291at4893.faa
2026-09-24 16:31:54 DEBUG:busco.busco_tools.Toolset	cmd call: hmmsearch --domtblout outputs/busco_output/run_saccharomycetaceae_odb12/hmmer_output/1388at4893.out --cpu 1 /data/busco_downloads/lineages/saccharomycetaceae_odb12/hmms/1388at4893.hmm outputs/busco_output/run_saccharomycetaceae_odb12/miniprot_output/translated_proteins/1388at4893.faa
2026-09-24 16:31:54 DEBUG:busco.busco_tools.Toolset	cmd call: hmmsearch --domtblout outputs/busco_output/run_saccharomycetaceae_odb12/hmmer_output/18939at4893.out --cpu 1 /data/busco_downloads/lineages/saccharomycetaceae_odb12/hmms/18939at4893.hmm outputs/busco_output/run_saccharomycetaceae_odb12/miniprot_output/translated_proteins/18939at4893.faa
2026-09-24 16:31:54 DEBUG:busco.busco_tools.Toolset	cmd call: hmmsearch --domtblout outputs/busco_output/run_saccharomycetaceae_odb12/hmmer_output/21587at4893.out --cpu 1 /data/busco_downloads/lineages/saccharomycetaceae_odb12/hmms/21587at4893.hmm outputs/busco_output/run_saccharomycetaceae_odb12/miniprot_output/translated_proteins/21587at4893.faa
2026-09-24 16:31:54 DEBUG:busco.busco_tools.Toolset	cmd call: hmmsearch --domtblout outputs/busco_output/run_saccharomycetaceae_odb12/hmmer_output/15903at4893.out --cpu 1 /data/busco_downloads/lineages/saccharomycetaceae_odb12/hmms/15903at4893.hmm outputs/busco_output/run_saccharomycetaceae_odb12/miniprot_output/translated_proteins/15903at4893.faa
2026-09-24 16:31:54 DEBUG:busco.busco_tools.Toolset	cmd call: hmmsearch --domtblout outputs/busco_output/run_saccharomycetaceae_odb12/hmmer_output/22932at4893.out --cpu 1 /data/busco_downloads/lineages/saccharomycetaceae_odb12/hmms/22932at4893.hmm outputs/busco_output/run_saccharomycetaceae_odb12/miniprot_output/translated_proteins/22932at4893.faa
2026-09-24 16:31:54 DEBUG:busco.busco_tools.Toolset	cmd call: hmmsearch --domtblout outputs/busco_output/run_saccharomycetaceae_odb12/hmmer_output/11642at4893.out --cpu 1 /data/busco_downloads/lineages/saccharomycetaceae_odb12/hmms/11642at4893.hmm outputs/busco_output/run_saccharomycetaceae_odb12/miniprot_output/translated_proteins/11642at4893.faa
2026-09-24 16:31:54 DEBUG:busco.busco_tools.Toolset	cmd call: hmmsearch --domtblout outputs/busco_output/run_saccharomycetaceae_odb12/hmmer_output/18950at4893.out --cpu 1 /data/busco_downloads/lineages/saccharomycetaceae_odb12/hmms/18950at4893.hmm outputs/busco_output/run_saccharomycetaceae_odb12/miniprot_output/translated_proteins/18950at4893.faa
2026-09-24 16:31:54 DEBUG:busco.busco_tools.Toolset	cmd call: hmmsearch --domtblout outputs/busco_output/run_saccharomycetaceae_odb12/hmmer_output/13899at4893.out --cpu 1 /data/busco_downloads/lineages/saccharomycetaceae_odb12/hmms/13899at4893.hmm outputs/busco_output/run_saccharomycetaceae_odb12/miniprot_output/translated_proteins/13899at4893.faa
2026-09-24 16:31:54 DEBUG:busco.busco_tools.Toolset	cmd call: hmmsearch --domtblout outputs/busco_output/run_saccharomycetaceae_odb12/hmmer_output/15912at4893.out --cpu 1 /data/busco_downloads/lineages/saccharomycetaceae_odb12/hmms/15912at4893.hmm outputs/busco_output/run_saccharomycetaceae_odb12/miniprot_output/translated_proteins/15912at4893.faa
2026-09-24 16:31:54 DEBUG:busco.busco_tools.Toolset	cmd call: hmmsearch --domtblout outputs/busco_output/run_saccharomycetaceae_odb12/hmmer_output/21601at4893.out --cpu 1 /data/busco_downloads/lineages/saccharomycetaceae_odb12/hmms/21601at4893.hmm outputs/busco_output/run_saccharomycetaceae_odb12/miniprot_output/translated_proteins/21601at4893.faa
2026-09-24 16:31:54 DEBUG:busco.busco_tools.Toolset	cmd call: hmmsearch --domtblout outputs/busco_output/run_saccharomycetaceae_odb12/hmmer_output/11676at4893.out --cpu 1 /data/busco_downloads/lineages/saccharomycetaceae_odb12/hmms/11676at4893.hmm outputs/busco_output/run_saccharomycetaceae_odb12/miniprot_output/translated_proteins/11676at4893.faa
2026-09-24 16:31:54 DEBUG:busco.busco_tools.Toolset	cmd call: hmmsearch --domtblout outputs/busco_output/run_saccharomycetaceae_odb12/hmmer_output/17284at4893.out --cpu 1 /data/busco_downloads/lineages/saccharomycetaceae_odb12/hmms/17284at4893.hmm outputs/busco_output/run_saccharomycetaceae_odb12/miniprot_output/translated_proteins/17284at4893.faa
2026-09-24 16:31:54 DEBUG:busco.busco_tools.Toolset	cmd call: hmmsearch --domtblout outputs/busco_output/run_saccharomycetaceae_odb12/hmmer_output/22936at4893.out --cpu 1 /data/busco_downloads/lineages/saccharomycetaceae_odb12/hmms/22936at4893.hmm outputs/busco_output/run_saccharomycetaceae_odb12/miniprot_output/translated_proteins/22936at4893.faa
2026-09-24 16:31:54 DEBUG:busco.busco_tools.Toolset	cmd call: hmmsearch --domtblout outputs/busco_output/run_saccharomycetaceae_odb12/hmmer_output/20311at4893.out --cpu 1 /data/busco_downloads/lineages/saccharomycetaceae_odb12/hmms/20311at4893.hmm outputs/busco_output/run_saccharomycetaceae_odb12/miniprot_output/translated_proteins/20311at4893.faa
2026-09-24 16:31:54 DEBUG:busco.busco_tools.Toolset	cmd call: hmmsearch --domtblout outputs/busco_output/run_saccharomycetaceae_odb12/hmmer_output/18960at4893.out --cpu 1 /data/busco_downloads/lineages/saccharomycetaceae_odb12/hmms/18960at4893.hmm outputs/busco_output/run_saccharomycetaceae_odb12/miniprot_output/translated_proteins/18960at4893.faa
2026-09-24 16:31:54 DEBUG:busco.busco_tools.Toolset	cmd call: hmmsearch --domtblout outputs/busco_output/run_saccharomycetaceae_odb12/hmmer_output/11681at4893.out --cpu 1 /data/busco_downloads/lineages/saccharomycetaceae_odb12/hmms/11681at4893.hmm outputs/busco_output/run_saccharomycetaceae_odb12/miniprot_output/translated_proteins/11681at4893.faa
2026-09-24 16:31:54 DEBUG:busco.busco_tools.Toolset	cmd call: hmmsearch --domtblout outputs/busco_output/run_saccharomycetaceae_odb12/hmmer_output/21695at4893.out --cpu 1 /data/busco_downloads/lineages/saccharomycetaceae_odb12/hmms/21695at4893.hmm outputs/busco_output/run_saccharomycetaceae_odb12/miniprot_output/translated_proteins/21695at4893.faa
2026-09-24 16:31:54 DEBUG:busco.busco_tools.Toolset	cmd call: hmmsearch --domtblout outputs/busco_output/run_saccharomycetaceae_odb12/hmmer_output/17287at4893.out --cpu 1 /data/busco_downloads/lineages/saccharomycetaceae_odb12/hmms/17287at4893.hmm outputs/busco_output/run_saccharomycetaceae_odb12/miniprot_output/translated_proteins/17287at4893.faa
2026-09-24 16:31:54 DEBUG:busco.busco_tools.Toolset	cmd call: hmmsearch --domtblout outputs/busco_output/run_saccharomycetaceae_odb12/hmmer_output/13907at4893.out --cpu 1 /data/busco_downloads/lineages/saccharomycetaceae_odb12/hmms/13907at4893.hmm outputs/busco_output/run_saccharomycetaceae_odb12/miniprot_output/translated_proteins/13907at4893.faa
2026-09-24 16:31:54 DEBUG:busco.busco_tools.Toolset	cmd call: hmmsearch --domtblout outputs/busco_output/run_saccharomycetaceae_odb12/hmmer_output/15934at4893.out --cpu 1 /data/busco_downloads/lineages/saccharomycetaceae_odb12/hmms/15934at4893.hmm outputs/busco_output/run_saccharomycetaceae_odb12/miniprot_output/translated_proteins/15934at4893.faa
2026-09-24 16:31:54 DEBUG:busco.busco_tools.Toolset	cmd call: hmmsearch --domtblout outputs/busco_output/run_saccharomycetaceae_odb12/hmmer_output/20314at4893.out --cpu 1 /data/busco_downloads/lineages/saccharomycetaceae_odb12/hmms/20314at4893.hmm outputs/busco_output/run_saccharomycetaceae_odb12/miniprot_output/translated_proteins/20314at4893.faa
2026-09-24 16:31:54 DEBUG:busco.busco_tools.Toolset	cmd call: hmmsearch --domtblout outputs/busco_output/run_saccharomycetaceae_odb12/hmmer_output/2295at4893.out --cpu 1 /data/busco_downloads/lineages/saccharomycetaceae_odb12/hmms/2295at4893.hmm outputs/busco_output/run_saccharomycetaceae_odb12/miniprot_output/translated_proteins/2295at4893.faa
2026-09-24 16:31:54 DEBUG:busco.busco_tools.Toolset	cmd call: hmmsearch --domtblout outputs/busco_output/run_saccharomycetaceae_odb12/hmmer_output/11717at4893.out --cpu 1 /data/busco_downloads/lineages/saccharomycetaceae_odb12/hmms/11717at4893.hmm outputs/busco_output/run_saccharomycetaceae_odb12/miniprot_output/translated_proteins/11717at4893.faa
2026-09-24 16:31:54 DEBUG:busco.busco_tools.Toolset	cmd call: hmmsearch --domtblout outputs/busco_output/run_saccharomycetaceae_odb12/hmmer_output/17325at4893.out --cpu 1 /data/busco_downloads/lineages/saccharomycetaceae_odb12/hmms/17325at4893.hmm outputs/busco_output/run_saccharomycetaceae_odb12/miniprot_output/translated_proteins/17325at4893.faa
2026-09-24 16:31:55 DEBUG:busco.busco_tools.Toolset	cmd call: hmmsearch --domtblout outputs/busco_output/run_saccharomycetaceae_odb12/hmmer_output/21717at4893.out --cpu 1 /data/busco_downloads/lineages/saccharomycetaceae_odb12/hmms/21717at4893.hmm outputs/busco_output/run_saccharomycetaceae_odb12/miniprot_output/translated_proteins/21717at4893.faa
2026-09-24 16:31:55 DEBUG:busco.busco_tools.Toolset	cmd call: hmmsearch --domtblout outputs/busco_output/run_saccharomycetaceae_odb12/hmmer_output/13909at4893.out --cpu 1 /data/busco_downloads/lineages/saccharomycetaceae_odb12/hmms/13909at4893.hmm outputs/busco_output/run_saccharomycetaceae_odb12/miniprot_output/translated_proteins/13909at4893.faa
2026-09-24 16:31:55 DEBUG:busco.busco_tools.Toolset	cmd call: hmmsearch --domtblout outputs/busco_output/run_saccharomycetaceae_odb12/hmmer_output/1593at4893.out --cpu 1 /data/busco_downloads/lineages/saccharomycetaceae_odb12/hmms/1593at4893.hmm outputs/busco_output/run_saccharomycetaceae_odb12/miniprot_output/translated_proteins/1593at4893.faa
2026-09-24 16:31:55 DEBUG:busco.busco_tools.Toolset	cmd call: hmmsearch --domtblout outputs/busco_output/run_saccharomycetaceae_odb12/hmmer_output/1171at4893.out --cpu 1 /data/busco_downloads/lineages/saccharomycetaceae_odb12/hmms/1171at4893.hmm outputs/busco_output/run_saccharomycetaceae_odb12/miniprot_output/translated_proteins/1171at4893.faa
2026-09-24 16:31:55 DEBUG:busco.busco_tools.Toolset	cmd call: hmmsearch --domtblout outputs/busco_output/run_saccharomycetaceae_odb12/hmmer_output/17365at4893.out --cpu 1 /data/busco_downloads/lineages/saccharomycetaceae_odb12/hmms/17365at4893.hmm outputs/busco_output/run_saccharomycetaceae_odb12/miniprot_output/translated_proteins/17365at4893.faa
2026-09-24 16:31:55 DEBUG:busco.busco_tools.Toolset	cmd call: hmmsearch --domtblout outputs/busco_output/run_saccharomycetaceae_odb12/hmmer_output/18986at4893.out --cpu 1 /data/busco_downloads/lineages/saccharomycetaceae_odb12/hmms/18986at4893.hmm outputs/busco_output/run_saccharomycetaceae_odb12/miniprot_output/translated_proteins/18986at4893.faa
2026-09-24 16:31:55 DEBUG:busco.busco_tools.Toolset	cmd call: hmmsearch --domtblout outputs/busco_output/run_saccharomycetaceae_odb12/hmmer_output/20328at4893.out --cpu 1 /data/busco_downloads/lineages/saccharomycetaceae_odb12/hmms/20328at4893.hmm outputs/busco_output/run_saccharomycetaceae_odb12/miniprot_output/translated_proteins/20328at4893.faa
2026-09-24 16:31:55 DEBUG:busco.busco_tools.Toolset	cmd call: hmmsearch --domtblout outputs/busco_output/run_saccharomycetaceae_odb12/hmmer_output/22977at4893.out --cpu 1 /data/busco_downloads/lineages/saccharomycetaceae_odb12/hmms/22977at4893.hmm outputs/busco_output/run_saccharomycetaceae_odb12/miniprot_output/translated_proteins/22977at4893.faa
2026-09-24 16:31:55 DEBUG:busco.busco_tools.Toolset	cmd call: hmmsearch --domtblout outputs/busco_output/run_saccharomycetaceae_odb12/hmmer_output/21729at4893.out --cpu 1 /data/busco_downloads/lineages/saccharomycetaceae_odb12/hmms/21729at4893.hmm outputs/busco_output/run_saccharomycetaceae_odb12/miniprot_output/translated_proteins/21729at4893.faa
2026-09-24 16:31:55 DEBUG:busco.busco_tools.Toolset	cmd call: hmmsearch --domtblout outputs/busco_output/run_saccharomycetaceae_odb12/hmmer_output/15950at4893.out --cpu 1 /data/busco_downloads/lineages/saccharomycetaceae_odb12/hmms/15950at4893.hmm outputs/busco_output/run_saccharomycetaceae_odb12/miniprot_output/translated_proteins/15950at4893.faa
2026-09-24 16:31:55 DEBUG:busco.busco_tools.Toolset	cmd call: hmmsearch --domtblout outputs/busco_output/run_saccharomycetaceae_odb12/hmmer_output/13971at4893.out --cpu 1 /data/busco_downloads/lineages/saccharomycetaceae_odb12/hmms/13971at4893.hmm outputs/busco_output/run_saccharomycetaceae_odb12/miniprot_output/translated_proteins/13971at4893.faa
2026-09-24 16:31:55 DEBUG:busco.busco_tools.Toolset	cmd call: hmmsearch --domtblout outputs/busco_output/run_saccharomycetaceae_odb12/hmmer_output/20342at4893.out --cpu 1 /data/busco_downloads/lineages/saccharomycetaceae_odb12/hmms/20342at4893.hmm outputs/busco_output/run_saccharomycetaceae_odb12/miniprot_output/translated_proteins/20342at4893.faa
2026-09-24 16:31:55 DEBUG:busco.busco_tools.Toolset	cmd call: hmmsearch --domtblout outputs/busco_output/run_saccharomycetaceae_odb12/hmmer_output/17438at4893.out --cpu 1 /data/busco_downloads/lineages/saccharomycetaceae_odb12/hmms/17438at4893.hmm outputs/busco_output/run_saccharomycetaceae_odb12/miniprot_output/translated_proteins/17438at4893.faa
2026-09-24 16:31:55 DEBUG:busco.busco_tools.Toolset	cmd call: hmmsearch --domtblout outputs/busco_output/run_saccharomycetaceae_odb12/hmmer_output/11732at4893.out --cpu 1 /data/busco_downloads/lineages/saccharomycetaceae_odb12/hmms/11732at4893.hmm outputs/busco_output/run_saccharomycetaceae_odb12/miniprot_output/translated_proteins/11732at4893.faa
2026-09-24 16:31:55 DEBUG:busco.busco_tools.Toolset	cmd call: hmmsearch --domtblout outputs/busco_output/run_saccharomycetaceae_odb12/hmmer_output/19060at4893.out --cpu 1 /data/busco_downloads/lineages/saccharomycetaceae_odb12/hmms/19060at4893.hmm outputs/busco_output/run_saccharomycetaceae_odb12/miniprot_output/translated_proteins/19060at4893.faa
2026-09-24 16:31:55 DEBUG:busco.busco_tools.Toolset	cmd call: hmmsearch --domtblout outputs/busco_output/run_saccharomycetaceae_odb12/hmmer_output/21762at4893.out --cpu 1 /data/busco_downloads/lineages/saccharomycetaceae_odb12/hmms/21762at4893.hmm outputs/busco_output/run_saccharomycetaceae_odb12/miniprot_output/translated_proteins/21762at4893.faa
2026-09-24 16:31:55 DEBUG:busco.busco_tools.Toolset	cmd call: hmmsearch --domtblout outputs/busco_output/run_saccharomycetaceae_odb12/hmmer_output/13990at4893.out --cpu 1 /data/busco_downloads/lineages/saccharomycetaceae_odb12/hmms/13990at4893.hmm outputs/busco_output/run_saccharomycetaceae_odb12/miniprot_output/translated_proteins/13990at4893.faa
2026-09-24 16:31:55 DEBUG:busco.busco_tools.Toolset	cmd call: hmmsearch --domtblout outputs/busco_output/run_saccharomycetaceae_odb12/hmmer_output/23010at4893.out --cpu 1 /data/busco_downloads/lineages/saccharomycetaceae_odb12/hmms/23010at4893.hmm outputs/busco_output/run_saccharomycetaceae_odb12/miniprot_output/translated_proteins/23010at4893.faa
2026-09-24 16:31:55 DEBUG:busco.busco_tools.Toolset	cmd call: hmmsearch --domtblout outputs/busco_output/run_saccharomycetaceae_odb12/hmmer_output/15957at4893.out --cpu 1 /data/busco_downloads/lineages/saccharomycetaceae_odb12/hmms/15957at4893.hmm outputs/busco_output/run_saccharomycetaceae_odb12/miniprot_output/translated_proteins/15957at4893.faa
2026-09-24 16:31:55 DEBUG:busco.busco_tools.Toolset	cmd call: hmmsearch --domtblout outputs/busco_output/run_saccharomycetaceae_odb12/hmmer_output/11769at4893.out --cpu 1 /data/busco_downloads/lineages/saccharomycetaceae_odb12/hmms/11769at4893.hmm outputs/busco_output/run_saccharomycetaceae_odb12/miniprot_output/translated_proteins/11769at4893.faa
2026-09-24 16:31:55 DEBUG:busco.busco_tools.Toolset	cmd call: hmmsearch --domtblout outputs/busco_output/run_saccharomycetaceae_odb12/hmmer_output/20343at4893.out --cpu 1 /data/busco_downloads/lineages/saccharomycetaceae_odb12/hmms/20343at4893.hmm outputs/busco_output/run_saccharomycetaceae_odb12/miniprot_output/translated_proteins/20343at4893.faa
2026-09-24 16:31:55 DEBUG:busco.busco_tools.Toolset	cmd call: hmmsearch --domtblout outputs/busco_output/run_saccharomycetaceae_odb12/hmmer_output/23019at4893.out --cpu 1 /data/busco_downloads/lineages/saccharomycetaceae_odb12/hmms/23019at4893.hmm outputs/busco_output/run_saccharomycetaceae_odb12/miniprot_output/translated_proteins/23019at4893.faa
2026-09-24 16:31:55 DEBUG:busco.busco_tools.Toolset	cmd call: hmmsearch --domtblout outputs/busco_output/run_saccharomycetaceae_odb12/hmmer_output/19136at4893.out --cpu 1 /data/busco_downloads/lineages/saccharomycetaceae_odb12/hmms/19136at4893.hmm outputs/busco_output/run_saccharomycetaceae_odb12/miniprot_output/translated_proteins/19136at4893.faa
2026-09-24 16:31:55 DEBUG:busco.busco_tools.Toolset	cmd call: hmmsearch --domtblout outputs/busco_output/run_saccharomycetaceae_odb12/hmmer_output/15965at4893.out --cpu 1 /data/busco_downloads/lineages/saccharomycetaceae_odb12/hmms/15965at4893.hmm outputs/busco_output/run_saccharomycetaceae_odb12/miniprot_output/translated_proteins/15965at4893.faa
2026-09-24 16:31:55 DEBUG:busco.busco_tools.Toolset	cmd call: hmmsearch --domtblout outputs/busco_output/run_saccharomycetaceae_odb12/hmmer_output/14008at4893.out --cpu 1 /data/busco_downloads/lineages/saccharomycetaceae_odb12/hmms/14008at4893.hmm outputs/busco_output/run_saccharomycetaceae_odb12/miniprot_output/translated_proteins/14008at4893.faa
2026-09-24 16:31:55 DEBUG:busco.busco_tools.Toolset	cmd call: hmmsearch --domtblout outputs/busco_output/run_saccharomycetaceae_odb12/hmmer_output/21795at4893.out --cpu 1 /data/busco_downloads/lineages/saccharomycetaceae_odb12/hmms/21795at4893.hmm outputs/busco_output/run_saccharomycetaceae_odb12/miniprot_output/translated_proteins/21795at4893.faa
2026-09-24 16:31:55 DEBUG:busco.busco_tools.Toolset	cmd call: hmmsearch --domtblout outputs/busco_output/run_saccharomycetaceae_odb12/hmmer_output/11784at4893.out --cpu 1 /data/busco_downloads/lineages/saccharomycetaceae_odb12/hmms/11784at4893.hmm outputs/busco_output/run_saccharomycetaceae_odb12/miniprot_output/translated_proteins/11784at4893.faa
2026-09-24 16:31:55 DEBUG:busco.busco_tools.Toolset	cmd call: hmmsearch --domtblout outputs/busco_output/run_saccharomycetaceae_odb12/hmmer_output/1598at4893.out --cpu 1 /data/busco_downloads/lineages/saccharomycetaceae_odb12/hmms/1598at4893.hmm outputs/busco_output/run_saccharomycetaceae_odb12/miniprot_output/translated_proteins/1598at4893.faa
2026-09-24 16:31:55 DEBUG:busco.busco_tools.Toolset	cmd call: hmmsearch --domtblout outputs/busco_output/run_saccharomycetaceae_odb12/hmmer_output/23046at4893.out --cpu 1 /data/busco_downloads/lineages/saccharomycetaceae_odb12/hmms/23046at4893.hmm outputs/busco_output/run_saccharomycetaceae_odb12/miniprot_output/translated_proteins/23046at4893.faa
2026-09-24 16:31:55 DEBUG:busco.busco_tools.Toolset	cmd call: hmmsearch --domtblout outputs/busco_output/run_saccharomycetaceae_odb12/hmmer_output/14033at4893.out --cpu 1 /data/busco_downloads/lineages/saccharomycetaceae_odb12/hmms/14033at4893.hmm outputs/busco_output/run_saccharomycetaceae_odb12/miniprot_output/translated_proteins/14033at4893.faa
2026-09-24 16:31:55 DEBUG:busco.busco_tools.Toolset	cmd call: hmmsearch --domtblout outputs/busco_output/run_saccharomycetaceae_odb12/hmmer_output/19142at4893.out --cpu 1 /data/busco_downloads/lineages/saccharomycetaceae_odb12/hmms/19142at4893.hmm outputs/busco_output/run_saccharomycetaceae_odb12/miniprot_output/translated_proteins/19142at4893.faa
2026-09-24 16:31:55 DEBUG:busco.busco_tools.Toolset	cmd call: hmmsearch --domtblout outputs/busco_output/run_saccharomycetaceae_odb12/hmmer_output/20355at4893.out --cpu 1 /data/busco_downloads/lineages/saccharomycetaceae_odb12/hmms/20355at4893.hmm outputs/busco_output/run_saccharomycetaceae_odb12/miniprot_output/translated_proteins/20355at4893.faa
2026-09-24 16:31:55 DEBUG:busco.busco_tools.Toolset	cmd call: hmmsearch --domtblout outputs/busco_output/run_saccharomycetaceae_odb12/hmmer_output/21815at4893.out --cpu 1 /data/busco_downloads/lineages/saccharomycetaceae_odb12/hmms/21815at4893.hmm outputs/busco_output/run_saccharomycetaceae_odb12/miniprot_output/translated_proteins/21815at4893.faa
2026-09-24 16:31:55 DEBUG:busco.busco_tools.Toolset	cmd call: hmmsearch --domtblout outputs/busco_output/run_saccharomycetaceae_odb12/hmmer_output/11838at4893.out --cpu 1 /data/busco_downloads/lineages/saccharomycetaceae_odb12/hmms/11838at4893.hmm outputs/busco_output/run_saccharomycetaceae_odb12/miniprot_output/translated_proteins/11838at4893.faa
2026-09-24 16:31:55 DEBUG:busco.busco_tools.Toolset	cmd call: hmmsearch --domtblout outputs/busco_output/run_saccharomycetaceae_odb12/hmmer_output/15at4893.out --cpu 1 /data/busco_downloads/lineages/saccharomycetaceae_odb12/hmms/15at4893.hmm outputs/busco_output/run_saccharomycetaceae_odb12/miniprot_output/translated_proteins/15at4893.faa
2026-09-24 16:31:55 DEBUG:busco.busco_tools.Toolset	cmd call: hmmsearch --domtblout outputs/busco_output/run_saccharomycetaceae_odb12/hmmer_output/20450at4893.out --cpu 1 /data/busco_downloads/lineages/saccharomycetaceae_odb12/hmms/20450at4893.hmm outputs/busco_output/run_saccharomycetaceae_odb12/miniprot_output/translated_proteins/20450at4893.faa
2026-09-24 16:31:55 DEBUG:busco.busco_tools.Toolset	cmd call: hmmsearch --domtblout outputs/busco_output/run_saccharomycetaceae_odb12/hmmer_output/19201at4893.out --cpu 1 /data/busco_downloads/lineages/saccharomycetaceae_odb12/hmms/19201at4893.hmm outputs/busco_output/run_saccharomycetaceae_odb12/miniprot_output/translated_proteins/19201at4893.faa
2026-09-24 16:31:55 DEBUG:busco.busco_tools.Toolset	cmd call: hmmsearch --domtblout outputs/busco_output/run_saccharomycetaceae_odb12/hmmer_output/14082at4893.out --cpu 1 /data/busco_downloads/lineages/saccharomycetaceae_odb12/hmms/14082at4893.hmm outputs/busco_output/run_saccharomycetaceae_odb12/miniprot_output/translated_proteins/14082at4893.faa
2026-09-24 16:31:55 DEBUG:busco.busco_tools.Toolset	cmd call: hmmsearch --domtblout outputs/busco_output/run_saccharomycetaceae_odb12/hmmer_output/23059at4893.out --cpu 1 /data/busco_downloads/lineages/saccharomycetaceae_odb12/hmms/23059at4893.hmm outputs/busco_output/run_saccharomycetaceae_odb12/miniprot_output/translated_proteins/23059at4893.faa
2026-09-24 16:31:55 DEBUG:busco.busco_tools.Toolset	cmd call: hmmsearch --domtblout outputs/busco_output/run_saccharomycetaceae_odb12/hmmer_output/1601at4893.out --cpu 1 /data/busco_downloads/lineages/saccharomycetaceae_odb12/hmms/1601at4893.hmm outputs/busco_output/run_saccharomycetaceae_odb12/miniprot_output/translated_proteins/1601at4893.faa
2026-09-24 16:31:55 DEBUG:busco.busco_tools.Toolset	cmd call: hmmsearch --domtblout outputs/busco_output/run_saccharomycetaceae_odb12/hmmer_output/21839at4893.out --cpu 1 /data/busco_downloads/lineages/saccharomycetaceae_odb12/hmms/21839at4893.hmm outputs/busco_output/run_saccharomycetaceae_odb12/miniprot_output/translated_proteins/21839at4893.faa
2026-09-24 16:31:55 DEBUG:busco.busco_tools.Toolset	cmd call: hmmsearch --domtblout outputs/busco_output/run_saccharomycetaceae_odb12/hmmer_output/11848at4893.out --cpu 1 /data/busco_downloads/lineages/saccharomycetaceae_odb12/hmms/11848at4893.hmm outputs/busco_output/run_saccharomycetaceae_odb12/miniprot_output/translated_proteins/11848at4893.faa
2026-09-24 16:31:56 DEBUG:busco.busco_tools.Toolset	cmd call: hmmsearch --domtblout outputs/busco_output/run_saccharomycetaceae_odb12/hmmer_output/20460at4893.out --cpu 1 /data/busco_downloads/lineages/saccharomycetaceae_odb12/hmms/20460at4893.hmm outputs/busco_output/run_saccharomycetaceae_odb12/miniprot_output/translated_proteins/20460at4893.faa
2026-09-24 16:31:56 DEBUG:busco.busco_tools.Toolset	cmd call: hmmsearch --domtblout outputs/busco_output/run_saccharomycetaceae_odb12/hmmer_output/1743at4893.out --cpu 1 /data/busco_downloads/lineages/saccharomycetaceae_odb12/hmms/1743at4893.hmm outputs/busco_output/run_saccharomycetaceae_odb12/miniprot_output/translated_proteins/1743at4893.faa
2026-09-24 16:31:56 DEBUG:busco.busco_tools.Toolset	cmd call: hmmsearch --domtblout outputs/busco_output/run_saccharomycetaceae_odb12/hmmer_output/19234at4893.out --cpu 1 /data/busco_downloads/lineages/saccharomycetaceae_odb12/hmms/19234at4893.hmm outputs/busco_output/run_saccharomycetaceae_odb12/miniprot_output/translated_proteins/19234at4893.faa
2026-09-24 16:31:56 DEBUG:busco.busco_tools.Toolset	cmd call: hmmsearch --domtblout outputs/busco_output/run_saccharomycetaceae_odb12/hmmer_output/14175at4893.out --cpu 1 /data/busco_downloads/lineages/saccharomycetaceae_odb12/hmms/14175at4893.hmm outputs/busco_output/run_saccharomycetaceae_odb12/miniprot_output/translated_proteins/14175at4893.faa
2026-09-24 16:31:56 DEBUG:busco.busco_tools.Toolset	cmd call: hmmsearch --domtblout outputs/busco_output/run_saccharomycetaceae_odb12/hmmer_output/23067at4893.out --cpu 1 /data/busco_downloads/lineages/saccharomycetaceae_odb12/hmms/23067at4893.hmm outputs/busco_output/run_saccharomycetaceae_odb12/miniprot_output/translated_proteins/23067at4893.faa
2026-09-24 16:31:56 DEBUG:busco.busco_tools.Toolset	cmd call: hmmsearch --domtblout outputs/busco_output/run_saccharomycetaceae_odb12/hmmer_output/16035at4893.out --cpu 1 /data/busco_downloads/lineages/saccharomycetaceae_odb12/hmms/16035at4893.hmm outputs/busco_output/run_saccharomycetaceae_odb12/miniprot_output/translated_proteins/16035at4893.faa
2026-09-24 16:31:56 DEBUG:busco.busco_tools.Toolset	cmd call: hmmsearch --domtblout outputs/busco_output/run_saccharomycetaceae_odb12/hmmer_output/21855at4893.out --cpu 1 /data/busco_downloads/lineages/saccharomycetaceae_odb12/hmms/21855at4893.hmm outputs/busco_output/run_saccharomycetaceae_odb12/miniprot_output/translated_proteins/21855at4893.faa
2026-09-24 16:31:56 DEBUG:busco.busco_tools.Toolset	cmd call: hmmsearch --domtblout outputs/busco_output/run_saccharomycetaceae_odb12/hmmer_output/11867at4893.out --cpu 1 /data/busco_downloads/lineages/saccharomycetaceae_odb12/hmms/11867at4893.hmm outputs/busco_output/run_saccharomycetaceae_odb12/miniprot_output/translated_proteins/11867at4893.faa
2026-09-24 16:31:56 DEBUG:busco.busco_tools.Toolset	cmd call: hmmsearch --domtblout outputs/busco_output/run_saccharomycetaceae_odb12/hmmer_output/23070at4893.out --cpu 1 /data/busco_downloads/lineages/saccharomycetaceae_odb12/hmms/23070at4893.hmm outputs/busco_output/run_saccharomycetaceae_odb12/miniprot_output/translated_proteins/23070at4893.faa
2026-09-24 16:31:56 DEBUG:busco.busco_tools.Toolset	cmd call: hmmsearch --domtblout outputs/busco_output/run_saccharomycetaceae_odb12/hmmer_output/19253at4893.out --cpu 1 /data/busco_downloads/lineages/saccharomycetaceae_odb12/hmms/19253at4893.hmm outputs/busco_output/run_saccharomycetaceae_odb12/miniprot_output/translated_proteins/19253at4893.faa
2026-09-24 16:31:56 DEBUG:busco.busco_tools.Toolset	cmd call: hmmsearch --domtblout outputs/busco_output/run_saccharomycetaceae_odb12/hmmer_output/1744at4893.out --cpu 1 /data/busco_downloads/lineages/saccharomycetaceae_odb12/hmms/1744at4893.hmm outputs/busco_output/run_saccharomycetaceae_odb12/miniprot_output/translated_proteins/1744at4893.faa
2026-09-24 16:31:56 DEBUG:busco.busco_tools.Toolset	cmd call: hmmsearch --domtblout outputs/busco_output/run_saccharomycetaceae_odb12/hmmer_output/16038at4893.out --cpu 1 /data/busco_downloads/lineages/saccharomycetaceae_odb12/hmms/16038at4893.hmm outputs/busco_output/run_saccharomycetaceae_odb12/miniprot_output/translated_proteins/16038at4893.faa
2026-09-24 16:31:56 DEBUG:busco.busco_tools.Toolset	cmd call: hmmsearch --domtblout outputs/busco_output/run_saccharomycetaceae_odb12/hmmer_output/14223at4893.out --cpu 1 /data/busco_downloads/lineages/saccharomycetaceae_odb12/hmms/14223at4893.hmm outputs/busco_output/run_saccharomycetaceae_odb12/miniprot_output/translated_proteins/14223at4893.faa
2026-09-24 16:31:56 DEBUG:busco.busco_tools.Toolset	cmd call: hmmsearch --domtblout outputs/busco_output/run_saccharomycetaceae_odb12/hmmer_output/2186at4893.out --cpu 1 /data/busco_downloads/lineages/saccharomycetaceae_odb12/hmms/2186at4893.hmm outputs/busco_output/run_saccharomycetaceae_odb12/miniprot_output/translated_proteins/2186at4893.faa
2026-09-24 16:31:56 DEBUG:busco.busco_tools.Toolset	cmd call: hmmsearch --domtblout outputs/busco_output/run_saccharomycetaceae_odb12/hmmer_output/11900at4893.out --cpu 1 /data/busco_downloads/lineages/saccharomycetaceae_odb12/hmms/11900at4893.hmm outputs/busco_output/run_saccharomycetaceae_odb12/miniprot_output/translated_proteins/11900at4893.faa
2026-09-24 16:31:56 DEBUG:busco.busco_tools.Toolset	cmd call: hmmsearch --domtblout outputs/busco_output/run_saccharomycetaceae_odb12/hmmer_output/20496at4893.out --cpu 1 /data/busco_downloads/lineages/saccharomycetaceae_odb12/hmms/20496at4893.hmm outputs/busco_output/run_saccharomycetaceae_odb12/miniprot_output/translated_proteins/20496at4893.faa
2026-09-24 16:31:56 DEBUG:busco.busco_tools.Toolset	cmd call: hmmsearch --domtblout outputs/busco_output/run_saccharomycetaceae_odb12/hmmer_output/17460at4893.out --cpu 1 /data/busco_downloads/lineages/saccharomycetaceae_odb12/hmms/17460at4893.hmm outputs/busco_output/run_saccharomycetaceae_odb12/miniprot_output/translated_proteins/17460at4893.faa
2026-09-24 16:31:56 DEBUG:busco.busco_tools.Toolset	cmd call: hmmsearch --domtblout outputs/busco_output/run_saccharomycetaceae_odb12/hmmer_output/23141at4893.out --cpu 1 /data/busco_downloads/lineages/saccharomycetaceae_odb12/hmms/23141at4893.hmm outputs/busco_output/run_saccharomycetaceae_odb12/miniprot_output/translated_proteins/23141at4893.faa
2026-09-24 16:31:56 DEBUG:busco.busco_tools.Toolset	cmd call: hmmsearch --domtblout outputs/busco_output/run_saccharomycetaceae_odb12/hmmer_output/14258at4893.out --cpu 1 /data/busco_downloads/lineages/saccharomycetaceae_odb12/hmms/14258at4893.hmm outputs/busco_output/run_saccharomycetaceae_odb12/miniprot_output/translated_proteins/14258at4893.faa
2026-09-24 16:31:56 DEBUG:busco.busco_tools.Toolset	cmd call: hmmsearch --domtblout outputs/busco_output/run_saccharomycetaceae_odb12/hmmer_output/19266at4893.out --cpu 1 /data/busco_downloads/lineages/saccharomycetaceae_odb12/hmms/19266at4893.hmm outputs/busco_output/run_saccharomycetaceae_odb12/miniprot_output/translated_proteins/19266at4893.faa
2026-09-24 16:31:56 DEBUG:busco.busco_tools.Toolset	cmd call: hmmsearch --domtblout outputs/busco_output/run_saccharomycetaceae_odb12/hmmer_output/11963at4893.out --cpu 1 /data/busco_downloads/lineages/saccharomycetaceae_odb12/hmms/11963at4893.hmm outputs/busco_output/run_saccharomycetaceae_odb12/miniprot_output/translated_proteins/11963at4893.faa
2026-09-24 16:31:56 DEBUG:busco.busco_tools.Toolset	cmd call: hmmsearch --domtblout outputs/busco_output/run_saccharomycetaceae_odb12/hmmer_output/16186at4893.out --cpu 1 /data/busco_downloads/lineages/saccharomycetaceae_odb12/hmms/16186at4893.hmm outputs/busco_output/run_saccharomycetaceae_odb12/miniprot_output/translated_proteins/16186at4893.faa
2026-09-24 16:31:56 DEBUG:busco.busco_tools.Toolset	cmd call: hmmsearch --domtblout outputs/busco_output/run_saccharomycetaceae_odb12/hmmer_output/17569at4893.out --cpu 1 /data/busco_downloads/lineages/saccharomycetaceae_odb12/hmms/17569at4893.hmm outputs/busco_output/run_saccharomycetaceae_odb12/miniprot_output/translated_proteins/17569at4893.faa
2026-09-24 16:31:56 DEBUG:busco.busco_tools.Toolset	cmd call: hmmsearch --domtblout outputs/busco_output/run_saccharomycetaceae_odb12/hmmer_output/2187at4893.out --cpu 1 /data/busco_downloads/lineages/saccharomycetaceae_odb12/hmms/2187at4893.hmm outputs/busco_output/run_saccharomycetaceae_odb12/miniprot_output/translated_proteins/2187at4893.faa
2026-09-24 16:31:56 DEBUG:busco.busco_tools.Toolset	cmd call: hmmsearch --domtblout outputs/busco_output/run_saccharomycetaceae_odb12/hmmer_output/20512at4893.out --cpu 1 /data/busco_downloads/lineages/saccharomycetaceae_odb12/hmms/20512at4893.hmm outputs/busco_output/run_saccharomycetaceae_odb12/miniprot_output/translated_proteins/20512at4893.faa
2026-09-24 16:31:56 DEBUG:busco.busco_tools.Toolset	cmd call: hmmsearch --domtblout outputs/busco_output/run_saccharomycetaceae_odb12/hmmer_output/23230at4893.out --cpu 1 /data/busco_downloads/lineages/saccharomycetaceae_odb12/hmms/23230at4893.hmm outputs/busco_output/run_saccharomycetaceae_odb12/miniprot_output/translated_proteins/23230at4893.faa
2026-09-24 16:31:56 DEBUG:busco.busco_tools.Toolset	cmd call: hmmsearch --domtblout outputs/busco_output/run_saccharomycetaceae_odb12/hmmer_output/1435at4893.out --cpu 1 /data/busco_downloads/lineages/saccharomycetaceae_odb12/hmms/1435at4893.hmm outputs/busco_output/run_saccharomycetaceae_odb12/miniprot_output/translated_proteins/1435at4893.faa
2026-09-24 16:31:56 INFO:busco.busco_tools.Toolset	[hmmsearch]	426 of 2129 task(s) completed
2026-09-24 16:31:56 DEBUG:busco.busco_tools.Toolset	cmd call: hmmsearch --domtblout outputs/busco_output/run_saccharomycetaceae_odb12/hmmer_output/19321at4893.out --cpu 1 /data/busco_downloads/lineages/saccharomycetaceae_odb12/hmms/19321at4893.hmm outputs/busco_output/run_saccharomycetaceae_odb12/miniprot_output/translated_proteins/19321at4893.faa
2026-09-24 16:31:56 DEBUG:busco.busco_tools.Toolset	cmd call: hmmsearch --domtblout outputs/busco_output/run_saccharomycetaceae_odb12/hmmer_output/12020at4893.out --cpu 1 /data/busco_downloads/lineages/saccharomycetaceae_odb12/hmms/12020at4893.hmm outputs/busco_output/run_saccharomycetaceae_odb12/miniprot_output/translated_proteins/12020at4893.faa
2026-09-24 16:31:56 DEBUG:busco.busco_tools.Toolset	cmd call: hmmsearch --domtblout outputs/busco_output/run_saccharomycetaceae_odb12/hmmer_output/20536at4893.out --cpu 1 /data/busco_downloads/lineages/saccharomycetaceae_odb12/hmms/20536at4893.hmm outputs/busco_output/run_saccharomycetaceae_odb12/miniprot_output/translated_proteins/20536at4893.faa
2026-09-24 16:31:56 DEBUG:busco.busco_tools.Toolset	cmd call: hmmsearch --domtblout outputs/busco_output/run_saccharomycetaceae_odb12/hmmer_output/17664at4893.out --cpu 1 /data/busco_downloads/lineages/saccharomycetaceae_odb12/hmms/17664at4893.hmm outputs/busco_output/run_saccharomycetaceae_odb12/miniprot_output/translated_proteins/17664at4893.faa
2026-09-24 16:31:56 DEBUG:busco.busco_tools.Toolset	cmd call: hmmsearch --domtblout outputs/busco_output/run_saccharomycetaceae_odb12/hmmer_output/16195at4893.out --cpu 1 /data/busco_downloads/lineages/saccharomycetaceae_odb12/hmms/16195at4893.hmm outputs/busco_output/run_saccharomycetaceae_odb12/miniprot_output/translated_proteins/16195at4893.faa
2026-09-24 16:31:56 DEBUG:busco.busco_tools.Toolset	cmd call: hmmsearch --domtblout outputs/busco_output/run_saccharomycetaceae_odb12/hmmer_output/14387at4893.out --cpu 1 /data/busco_downloads/lineages/saccharomycetaceae_odb12/hmms/14387at4893.hmm outputs/busco_output/run_saccharomycetaceae_odb12/miniprot_output/translated_proteins/14387at4893.faa
2026-09-24 16:31:56 DEBUG:busco.busco_tools.Toolset	cmd call: hmmsearch --domtblout outputs/busco_output/run_saccharomycetaceae_odb12/hmmer_output/23237at4893.out --cpu 1 /data/busco_downloads/lineages/saccharomycetaceae_odb12/hmms/23237at4893.hmm outputs/busco_output/run_saccharomycetaceae_odb12/miniprot_output/translated_proteins/23237at4893.faa
2026-09-24 16:31:56 DEBUG:busco.busco_tools.Toolset	cmd call: hmmsearch --domtblout outputs/busco_output/run_saccharomycetaceae_odb12/hmmer_output/12073at4893.out --cpu 1 /data/busco_downloads/lineages/saccharomycetaceae_odb12/hmms/12073at4893.hmm outputs/busco_output/run_saccharomycetaceae_odb12/miniprot_output/translated_proteins/12073at4893.faa
2026-09-24 16:31:56 DEBUG:busco.busco_tools.Toolset	cmd call: hmmsearch --domtblout outputs/busco_output/run_saccharomycetaceae_odb12/hmmer_output/19348at4893.out --cpu 1 /data/busco_downloads/lineages/saccharomycetaceae_odb12/hmms/19348at4893.hmm outputs/busco_output/run_saccharomycetaceae_odb12/miniprot_output/translated_proteins/19348at4893.faa
2026-09-24 16:31:56 DEBUG:busco.busco_tools.Toolset	cmd call: hmmsearch --domtblout outputs/busco_output/run_saccharomycetaceae_odb12/hmmer_output/1619at4893.out --cpu 1 /data/busco_downloads/lineages/saccharomycetaceae_odb12/hmms/1619at4893.hmm outputs/busco_output/run_saccharomycetaceae_odb12/miniprot_output/translated_proteins/1619at4893.faa
2026-09-24 16:31:56 DEBUG:busco.busco_tools.Toolset	cmd call: hmmsearch --domtblout outputs/busco_output/run_saccharomycetaceae_odb12/hmmer_output/17676at4893.out --cpu 1 /data/busco_downloads/lineages/saccharomycetaceae_odb12/hmms/17676at4893.hmm outputs/busco_output/run_saccharomycetaceae_odb12/miniprot_output/translated_proteins/17676at4893.faa
2026-09-24 16:31:56 DEBUG:busco.busco_tools.Toolset	cmd call: hmmsearch --domtblout outputs/busco_output/run_saccharomycetaceae_odb12/hmmer_output/12163at4893.out --cpu 1 /data/busco_downloads/lineages/saccharomycetaceae_odb12/hmms/12163at4893.hmm outputs/busco_output/run_saccharomycetaceae_odb12/miniprot_output/translated_proteins/12163at4893.faa
2026-09-24 16:31:56 DEBUG:busco.busco_tools.Toolset	cmd call: hmmsearch --domtblout outputs/busco_output/run_saccharomycetaceae_odb12/hmmer_output/20556at4893.out --cpu 1 /data/busco_downloads/lineages/saccharomycetaceae_odb12/hmms/20556at4893.hmm outputs/busco_output/run_saccharomycetaceae_odb12/miniprot_output/translated_proteins/20556at4893.faa
2026-09-24 16:31:56 DEBUG:busco.busco_tools.Toolset	cmd call: hmmsearch --domtblout outputs/busco_output/run_saccharomycetaceae_odb12/hmmer_output/23247at4893.out --cpu 1 /data/busco_downloads/lineages/saccharomycetaceae_odb12/hmms/23247at4893.hmm outputs/busco_output/run_saccharomycetaceae_odb12/miniprot_output/translated_proteins/23247at4893.faa
2026-09-24 16:31:56 DEBUG:busco.busco_tools.Toolset	cmd call: hmmsearch --domtblout outputs/busco_output/run_saccharomycetaceae_odb12/hmmer_output/14414at4893.out --cpu 1 /data/busco_downloads/lineages/saccharomycetaceae_odb12/hmms/14414at4893.hmm outputs/busco_output/run_saccharomycetaceae_odb12/miniprot_output/translated_proteins/14414at4893.faa
2026-09-24 16:31:56 DEBUG:busco.busco_tools.Toolset	cmd call: hmmsearch --domtblout outputs/busco_output/run_saccharomycetaceae_odb12/hmmer_output/21903at4893.out --cpu 1 /data/busco_downloads/lineages/saccharomycetaceae_odb12/hmms/21903at4893.hmm outputs/busco_output/run_saccharomycetaceae_odb12/miniprot_output/translated_proteins/21903at4893.faa
2026-09-24 16:31:56 DEBUG:busco.busco_tools.Toolset	cmd call: hmmsearch --domtblout outputs/busco_output/run_saccharomycetaceae_odb12/hmmer_output/19350at4893.out --cpu 1 /data/busco_downloads/lineages/saccharomycetaceae_odb12/hmms/19350at4893.hmm outputs/busco_output/run_saccharomycetaceae_odb12/miniprot_output/translated_proteins/19350at4893.faa
2026-09-24 16:31:57 DEBUG:busco.busco_tools.Toolset	cmd call: hmmsearch --domtblout outputs/busco_output/run_saccharomycetaceae_odb12/hmmer_output/17693at4893.out --cpu 1 /data/busco_downloads/lineages/saccharomycetaceae_odb12/hmms/17693at4893.hmm outputs/busco_output/run_saccharomycetaceae_odb12/miniprot_output/translated_proteins/17693at4893.faa
2026-09-24 16:31:57 DEBUG:busco.busco_tools.Toolset	cmd call: hmmsearch --domtblout outputs/busco_output/run_saccharomycetaceae_odb12/hmmer_output/20566at4893.out --cpu 1 /data/busco_downloads/lineages/saccharomycetaceae_odb12/hmms/20566at4893.hmm outputs/busco_output/run_saccharomycetaceae_odb12/miniprot_output/translated_proteins/20566at4893.faa
2026-09-24 16:31:57 DEBUG:busco.busco_tools.Toolset	cmd call: hmmsearch --domtblout outputs/busco_output/run_saccharomycetaceae_odb12/hmmer_output/12246at4893.out --cpu 1 /data/busco_downloads/lineages/saccharomycetaceae_odb12/hmms/12246at4893.hmm outputs/busco_output/run_saccharomycetaceae_odb12/miniprot_output/translated_proteins/12246at4893.faa
2026-09-24 16:31:57 DEBUG:busco.busco_tools.Toolset	cmd call: hmmsearch --domtblout outputs/busco_output/run_saccharomycetaceae_odb12/hmmer_output/16235at4893.out --cpu 1 /data/busco_downloads/lineages/saccharomycetaceae_odb12/hmms/16235at4893.hmm outputs/busco_output/run_saccharomycetaceae_odb12/miniprot_output/translated_proteins/16235at4893.faa
2026-09-24 16:31:57 DEBUG:busco.busco_tools.Toolset	cmd call: hmmsearch --domtblout outputs/busco_output/run_saccharomycetaceae_odb12/hmmer_output/14543at4893.out --cpu 1 /data/busco_downloads/lineages/saccharomycetaceae_odb12/hmms/14543at4893.hmm outputs/busco_output/run_saccharomycetaceae_odb12/miniprot_output/translated_proteins/14543at4893.faa
2026-09-24 16:31:57 DEBUG:busco.busco_tools.Toolset	cmd call: hmmsearch --domtblout outputs/busco_output/run_saccharomycetaceae_odb12/hmmer_output/23310at4893.out --cpu 1 /data/busco_downloads/lineages/saccharomycetaceae_odb12/hmms/23310at4893.hmm outputs/busco_output/run_saccharomycetaceae_odb12/miniprot_output/translated_proteins/23310at4893.faa
2026-09-24 16:31:57 DEBUG:busco.busco_tools.Toolset	cmd call: hmmsearch --domtblout outputs/busco_output/run_saccharomycetaceae_odb12/hmmer_output/21909at4893.out --cpu 1 /data/busco_downloads/lineages/saccharomycetaceae_odb12/hmms/21909at4893.hmm outputs/busco_output/run_saccharomycetaceae_odb12/miniprot_output/translated_proteins/21909at4893.faa
2026-09-24 16:31:57 DEBUG:busco.busco_tools.Toolset	cmd call: hmmsearch --domtblout outputs/busco_output/run_saccharomycetaceae_odb12/hmmer_output/19353at4893.out --cpu 1 /data/busco_downloads/lineages/saccharomycetaceae_odb12/hmms/19353at4893.hmm outputs/busco_output/run_saccharomycetaceae_odb12/miniprot_output/translated_proteins/19353at4893.faa
2026-09-24 16:31:57 DEBUG:busco.busco_tools.Toolset	cmd call: hmmsearch --domtblout outputs/busco_output/run_saccharomycetaceae_odb12/hmmer_output/12258at4893.out --cpu 1 /data/busco_downloads/lineages/saccharomycetaceae_odb12/hmms/12258at4893.hmm outputs/busco_output/run_saccharomycetaceae_odb12/miniprot_output/translated_proteins/12258at4893.faa
2026-09-24 16:31:57 DEBUG:busco.busco_tools.Toolset	cmd call: hmmsearch --domtblout outputs/busco_output/run_saccharomycetaceae_odb12/hmmer_output/17709at4893.out --cpu 1 /data/busco_downloads/lineages/saccharomycetaceae_odb12/hmms/17709at4893.hmm outputs/busco_output/run_saccharomycetaceae_odb12/miniprot_output/translated_proteins/17709at4893.faa
2026-09-24 16:31:57 DEBUG:busco.busco_tools.Toolset	cmd call: hmmsearch --domtblout outputs/busco_output/run_saccharomycetaceae_odb12/hmmer_output/14547at4893.out --cpu 1 /data/busco_downloads/lineages/saccharomycetaceae_odb12/hmms/14547at4893.hmm outputs/busco_output/run_saccharomycetaceae_odb12/miniprot_output/translated_proteins/14547at4893.faa
2026-09-24 16:31:57 DEBUG:busco.busco_tools.Toolset	cmd call: hmmsearch --domtblout outputs/busco_output/run_saccharomycetaceae_odb12/hmmer_output/20584at4893.out --cpu 1 /data/busco_downloads/lineages/saccharomycetaceae_odb12/hmms/20584at4893.hmm outputs/busco_output/run_saccharomycetaceae_odb12/miniprot_output/translated_proteins/20584at4893.faa
2026-09-24 16:31:57 DEBUG:busco.busco_tools.Toolset	cmd call: hmmsearch --domtblout outputs/busco_output/run_saccharomycetaceae_odb12/hmmer_output/23319at4893.out --cpu 1 /data/busco_downloads/lineages/saccharomycetaceae_odb12/hmms/23319at4893.hmm outputs/busco_output/run_saccharomycetaceae_odb12/miniprot_output/translated_proteins/23319at4893.faa
2026-09-24 16:31:57 DEBUG:busco.busco_tools.Toolset	cmd call: hmmsearch --domtblout outputs/busco_output/run_saccharomycetaceae_odb12/hmmer_output/19376at4893.out --cpu 1 /data/busco_downloads/lineages/saccharomycetaceae_odb12/hmms/19376at4893.hmm outputs/busco_output/run_saccharomycetaceae_odb12/miniprot_output/translated_proteins/19376at4893.faa
2026-09-24 16:31:57 DEBUG:busco.busco_tools.Toolset	cmd call: hmmsearch --domtblout outputs/busco_output/run_saccharomycetaceae_odb12/hmmer_output/17741at4893.out --cpu 1 /data/busco_downloads/lineages/saccharomycetaceae_odb12/hmms/17741at4893.hmm outputs/busco_output/run_saccharomycetaceae_odb12/miniprot_output/translated_proteins/17741at4893.faa
2026-09-24 16:31:57 DEBUG:busco.busco_tools.Toolset	cmd call: hmmsearch --domtblout outputs/busco_output/run_saccharomycetaceae_odb12/hmmer_output/1235at4893.out --cpu 1 /data/busco_downloads/lineages/saccharomycetaceae_odb12/hmms/1235at4893.hmm outputs/busco_output/run_saccharomycetaceae_odb12/miniprot_output/translated_proteins/1235at4893.faa
2026-09-24 16:31:57 DEBUG:busco.busco_tools.Toolset	cmd call: hmmsearch --domtblout outputs/busco_output/run_saccharomycetaceae_odb12/hmmer_output/2196at4893.out --cpu 1 /data/busco_downloads/lineages/saccharomycetaceae_odb12/hmms/2196at4893.hmm outputs/busco_output/run_saccharomycetaceae_odb12/miniprot_output/translated_proteins/2196at4893.faa
2026-09-24 16:31:57 DEBUG:busco.busco_tools.Toolset	cmd call: hmmsearch --domtblout outputs/busco_output/run_saccharomycetaceae_odb12/hmmer_output/16289at4893.out --cpu 1 /data/busco_downloads/lineages/saccharomycetaceae_odb12/hmms/16289at4893.hmm outputs/busco_output/run_saccharomycetaceae_odb12/miniprot_output/translated_proteins/16289at4893.faa
2026-09-24 16:31:57 DEBUG:busco.busco_tools.Toolset	cmd call: hmmsearch --domtblout outputs/busco_output/run_saccharomycetaceae_odb12/hmmer_output/20596at4893.out --cpu 1 /data/busco_downloads/lineages/saccharomycetaceae_odb12/hmms/20596at4893.hmm outputs/busco_output/run_saccharomycetaceae_odb12/miniprot_output/translated_proteins/20596at4893.faa
2026-09-24 16:31:57 DEBUG:busco.busco_tools.Toolset	cmd call: hmmsearch --domtblout outputs/busco_output/run_saccharomycetaceae_odb12/hmmer_output/19379at4893.out --cpu 1 /data/busco_downloads/lineages/saccharomycetaceae_odb12/hmms/19379at4893.hmm outputs/busco_output/run_saccharomycetaceae_odb12/miniprot_output/translated_proteins/19379at4893.faa
2026-09-24 16:31:57 DEBUG:busco.busco_tools.Toolset	cmd call: hmmsearch --domtblout outputs/busco_output/run_saccharomycetaceae_odb12/hmmer_output/23325at4893.out --cpu 1 /data/busco_downloads/lineages/saccharomycetaceae_odb12/hmms/23325at4893.hmm outputs/busco_output/run_saccharomycetaceae_odb12/miniprot_output/translated_proteins/23325at4893.faa
2026-09-24 16:31:57 DEBUG:busco.busco_tools.Toolset	cmd call: hmmsearch --domtblout outputs/busco_output/run_saccharomycetaceae_odb12/hmmer_output/14600at4893.out --cpu 1 /data/busco_downloads/lineages/saccharomycetaceae_odb12/hmms/14600at4893.hmm outputs/busco_output/run_saccharomycetaceae_odb12/miniprot_output/translated_proteins/14600at4893.faa
2026-09-24 16:31:57 DEBUG:busco.busco_tools.Toolset	cmd call: hmmsearch --domtblout outputs/busco_output/run_saccharomycetaceae_odb12/hmmer_output/17769at4893.out --cpu 1 /data/busco_downloads/lineages/saccharomycetaceae_odb12/hmms/17769at4893.hmm outputs/busco_output/run_saccharomycetaceae_odb12/miniprot_output/translated_proteins/17769at4893.faa
2026-09-24 16:31:57 DEBUG:busco.busco_tools.Toolset	cmd call: hmmsearch --domtblout outputs/busco_output/run_saccharomycetaceae_odb12/hmmer_output/21973at4893.out --cpu 1 /data/busco_downloads/lineages/saccharomycetaceae_odb12/hmms/21973at4893.hmm outputs/busco_output/run_saccharomycetaceae_odb12/miniprot_output/translated_proteins/21973at4893.faa
2026-09-24 16:31:57 DEBUG:busco.busco_tools.Toolset	cmd call: hmmsearch --domtblout outputs/busco_output/run_saccharomycetaceae_odb12/hmmer_output/12366at4893.out --cpu 1 /data/busco_downloads/lineages/saccharomycetaceae_odb12/hmms/12366at4893.hmm outputs/busco_output/run_saccharomycetaceae_odb12/miniprot_output/translated_proteins/12366at4893.faa
2026-09-24 16:31:57 DEBUG:busco.busco_tools.Toolset	cmd call: hmmsearch --domtblout outputs/busco_output/run_saccharomycetaceae_odb12/hmmer_output/16308at4893.out --cpu 1 /data/busco_downloads/lineages/saccharomycetaceae_odb12/hmms/16308at4893.hmm outputs/busco_output/run_saccharomycetaceae_odb12/miniprot_output/translated_proteins/16308at4893.faa
2026-09-24 16:31:57 DEBUG:busco.busco_tools.Toolset	cmd call: hmmsearch --domtblout outputs/busco_output/run_saccharomycetaceae_odb12/hmmer_output/20613at4893.out --cpu 1 /data/busco_downloads/lineages/saccharomycetaceae_odb12/hmms/20613at4893.hmm outputs/busco_output/run_saccharomycetaceae_odb12/miniprot_output/translated_proteins/20613at4893.faa
2026-09-24 16:31:57 DEBUG:busco.busco_tools.Toolset	cmd call: hmmsearch --domtblout outputs/busco_output/run_saccharomycetaceae_odb12/hmmer_output/19393at4893.out --cpu 1 /data/busco_downloads/lineages/saccharomycetaceae_odb12/hmms/19393at4893.hmm outputs/busco_output/run_saccharomycetaceae_odb12/miniprot_output/translated_proteins/19393at4893.faa
2026-09-24 16:31:57 DEBUG:busco.busco_tools.Toolset	cmd call: hmmsearch --domtblout outputs/busco_output/run_saccharomycetaceae_odb12/hmmer_output/14622at4893.out --cpu 1 /data/busco_downloads/lineages/saccharomycetaceae_odb12/hmms/14622at4893.hmm outputs/busco_output/run_saccharomycetaceae_odb12/miniprot_output/translated_proteins/14622at4893.faa
2026-09-24 16:31:57 DEBUG:busco.busco_tools.Toolset	cmd call: hmmsearch --domtblout outputs/busco_output/run_saccharomycetaceae_odb12/hmmer_output/23335at4893.out --cpu 1 /data/busco_downloads/lineages/saccharomycetaceae_odb12/hmms/23335at4893.hmm outputs/busco_output/run_saccharomycetaceae_odb12/miniprot_output/translated_proteins/23335at4893.faa
2026-09-24 16:31:57 DEBUG:busco.busco_tools.Toolset	cmd call: hmmsearch --domtblout outputs/busco_output/run_saccharomycetaceae_odb12/hmmer_output/17778at4893.out --cpu 1 /data/busco_downloads/lineages/saccharomycetaceae_odb12/hmms/17778at4893.hmm outputs/busco_output/run_saccharomycetaceae_odb12/miniprot_output/translated_proteins/17778at4893.faa
2026-09-24 16:31:57 DEBUG:busco.busco_tools.Toolset	cmd call: hmmsearch --domtblout outputs/busco_output/run_saccharomycetaceae_odb12/hmmer_output/16311at4893.out --cpu 1 /data/busco_downloads/lineages/saccharomycetaceae_odb12/hmms/16311at4893.hmm outputs/busco_output/run_saccharomycetaceae_odb12/miniprot_output/translated_proteins/16311at4893.faa
2026-09-24 16:31:57 DEBUG:busco.busco_tools.Toolset	cmd call: hmmsearch --domtblout outputs/busco_output/run_saccharomycetaceae_odb12/hmmer_output/23660at4893.out --cpu 1 /data/busco_downloads/lineages/saccharomycetaceae_odb12/hmms/23660at4893.hmm outputs/busco_output/run_saccharomycetaceae_odb12/miniprot_output/translated_proteins/23660at4893.faa
2026-09-24 16:31:57 DEBUG:busco.busco_tools.Toolset	cmd call: hmmsearch --domtblout outputs/busco_output/run_saccharomycetaceae_odb12/hmmer_output/20691at4893.out --cpu 1 /data/busco_downloads/lineages/saccharomycetaceae_odb12/hmms/20691at4893.hmm outputs/busco_output/run_saccharomycetaceae_odb12/miniprot_output/translated_proteins/20691at4893.faa
2026-09-24 16:31:57 DEBUG:busco.busco_tools.Toolset	cmd call: hmmsearch --domtblout outputs/busco_output/run_saccharomycetaceae_odb12/hmmer_output/14626at4893.out --cpu 1 /data/busco_downloads/lineages/saccharomycetaceae_odb12/hmms/14626at4893.hmm outputs/busco_output/run_saccharomycetaceae_odb12/miniprot_output/translated_proteins/14626at4893.faa
2026-09-24 16:31:57 DEBUG:busco.busco_tools.Toolset	cmd call: hmmsearch --domtblout outputs/busco_output/run_saccharomycetaceae_odb12/hmmer_output/2197at4893.out --cpu 1 /data/busco_downloads/lineages/saccharomycetaceae_odb12/hmms/2197at4893.hmm outputs/busco_output/run_saccharomycetaceae_odb12/miniprot_output/translated_proteins/2197at4893.faa
2026-09-24 16:31:57 DEBUG:busco.busco_tools.Toolset	cmd call: hmmsearch --domtblout outputs/busco_output/run_saccharomycetaceae_odb12/hmmer_output/19410at4893.out --cpu 1 /data/busco_downloads/lineages/saccharomycetaceae_odb12/hmms/19410at4893.hmm outputs/busco_output/run_saccharomycetaceae_odb12/miniprot_output/translated_proteins/19410at4893.faa
2026-09-24 16:31:57 DEBUG:busco.busco_tools.Toolset	cmd call: hmmsearch --domtblout outputs/busco_output/run_saccharomycetaceae_odb12/hmmer_output/16341at4893.out --cpu 1 /data/busco_downloads/lineages/saccharomycetaceae_odb12/hmms/16341at4893.hmm outputs/busco_output/run_saccharomycetaceae_odb12/miniprot_output/translated_proteins/16341at4893.faa
2026-09-24 16:31:57 DEBUG:busco.busco_tools.Toolset	cmd call: hmmsearch --domtblout outputs/busco_output/run_saccharomycetaceae_odb12/hmmer_output/23368at4893.out --cpu 1 /data/busco_downloads/lineages/saccharomycetaceae_odb12/hmms/23368at4893.hmm outputs/busco_output/run_saccharomycetaceae_odb12/miniprot_output/translated_proteins/23368at4893.faa
2026-09-24 16:31:57 DEBUG:busco.busco_tools.Toolset	cmd call: hmmsearch --domtblout outputs/busco_output/run_saccharomycetaceae_odb12/hmmer_output/23675at4893.out --cpu 1 /data/busco_downloads/lineages/saccharomycetaceae_odb12/hmms/23675at4893.hmm outputs/busco_output/run_saccharomycetaceae_odb12/miniprot_output/translated_proteins/23675at4893.faa
2026-09-24 16:31:57 DEBUG:busco.busco_tools.Toolset	cmd call: hmmsearch --domtblout outputs/busco_output/run_saccharomycetaceae_odb12/hmmer_output/17860at4893.out --cpu 1 /data/busco_downloads/lineages/saccharomycetaceae_odb12/hmms/17860at4893.hmm outputs/busco_output/run_saccharomycetaceae_odb12/miniprot_output/translated_proteins/17860at4893.faa
2026-09-24 16:31:57 DEBUG:busco.busco_tools.Toolset	cmd call: hmmsearch --domtblout outputs/busco_output/run_saccharomycetaceae_odb12/hmmer_output/21993at4893.out --cpu 1 /data/busco_downloads/lineages/saccharomycetaceae_odb12/hmms/21993at4893.hmm outputs/busco_output/run_saccharomycetaceae_odb12/miniprot_output/translated_proteins/21993at4893.faa
2026-09-24 16:31:57 DEBUG:busco.busco_tools.Toolset	cmd call: hmmsearch --domtblout outputs/busco_output/run_saccharomycetaceae_odb12/hmmer_output/24987at4893.out --cpu 1 /data/busco_downloads/lineages/saccharomycetaceae_odb12/hmms/24987at4893.hmm outputs/busco_output/run_saccharomycetaceae_odb12/miniprot_output/translated_proteins/24987at4893.faa
2026-09-24 16:31:58 DEBUG:busco.busco_tools.Toolset	cmd call: hmmsearch --domtblout outputs/busco_output/run_saccharomycetaceae_odb12/hmmer_output/19444at4893.out --cpu 1 /data/busco_downloads/lineages/saccharomycetaceae_odb12/hmms/19444at4893.hmm outputs/busco_output/run_saccharomycetaceae_odb12/miniprot_output/translated_proteins/19444at4893.faa
2026-09-24 16:31:58 DEBUG:busco.busco_tools.Toolset	cmd call: hmmsearch --domtblout outputs/busco_output/run_saccharomycetaceae_odb12/hmmer_output/20701at4893.out --cpu 1 /data/busco_downloads/lineages/saccharomycetaceae_odb12/hmms/20701at4893.hmm outputs/busco_output/run_saccharomycetaceae_odb12/miniprot_output/translated_proteins/20701at4893.faa
2026-09-24 16:31:58 DEBUG:busco.busco_tools.Toolset	cmd call: hmmsearch --domtblout outputs/busco_output/run_saccharomycetaceae_odb12/hmmer_output/1635at4893.out --cpu 1 /data/busco_downloads/lineages/saccharomycetaceae_odb12/hmms/1635at4893.hmm outputs/busco_output/run_saccharomycetaceae_odb12/miniprot_output/translated_proteins/1635at4893.faa
2026-09-24 16:31:58 DEBUG:busco.busco_tools.Toolset	cmd call: hmmsearch --domtblout outputs/busco_output/run_saccharomycetaceae_odb12/hmmer_output/17908at4893.out --cpu 1 /data/busco_downloads/lineages/saccharomycetaceae_odb12/hmms/17908at4893.hmm outputs/busco_output/run_saccharomycetaceae_odb12/miniprot_output/translated_proteins/17908at4893.faa
2026-09-24 16:31:58 DEBUG:busco.busco_tools.Toolset	cmd call: hmmsearch --domtblout outputs/busco_output/run_saccharomycetaceae_odb12/hmmer_output/22001at4893.out --cpu 1 /data/busco_downloads/lineages/saccharomycetaceae_odb12/hmms/22001at4893.hmm outputs/busco_output/run_saccharomycetaceae_odb12/miniprot_output/translated_proteins/22001at4893.faa
2026-09-24 16:31:58 DEBUG:busco.busco_tools.Toolset	cmd call: hmmsearch --domtblout outputs/busco_output/run_saccharomycetaceae_odb12/hmmer_output/23700at4893.out --cpu 1 /data/busco_downloads/lineages/saccharomycetaceae_odb12/hmms/23700at4893.hmm outputs/busco_output/run_saccharomycetaceae_odb12/miniprot_output/translated_proteins/23700at4893.faa
2026-09-24 16:31:58 DEBUG:busco.busco_tools.Toolset	cmd call: hmmsearch --domtblout outputs/busco_output/run_saccharomycetaceae_odb12/hmmer_output/23418at4893.out --cpu 1 /data/busco_downloads/lineages/saccharomycetaceae_odb12/hmms/23418at4893.hmm outputs/busco_output/run_saccharomycetaceae_odb12/miniprot_output/translated_proteins/23418at4893.faa
2026-09-24 16:31:58 DEBUG:busco.busco_tools.Toolset	cmd call: hmmsearch --domtblout outputs/busco_output/run_saccharomycetaceae_odb12/hmmer_output/20725at4893.out --cpu 1 /data/busco_downloads/lineages/saccharomycetaceae_odb12/hmms/20725at4893.hmm outputs/busco_output/run_saccharomycetaceae_odb12/miniprot_output/translated_proteins/20725at4893.faa
2026-09-24 16:31:58 DEBUG:busco.busco_tools.Toolset	cmd call: hmmsearch --domtblout outputs/busco_output/run_saccharomycetaceae_odb12/hmmer_output/24990at4893.out --cpu 1 /data/busco_downloads/lineages/saccharomycetaceae_odb12/hmms/24990at4893.hmm outputs/busco_output/run_saccharomycetaceae_odb12/miniprot_output/translated_proteins/24990at4893.faa
2026-09-24 16:31:58 DEBUG:busco.busco_tools.Toolset	cmd call: hmmsearch --domtblout outputs/busco_output/run_saccharomycetaceae_odb12/hmmer_output/16367at4893.out --cpu 1 /data/busco_downloads/lineages/saccharomycetaceae_odb12/hmms/16367at4893.hmm outputs/busco_output/run_saccharomycetaceae_odb12/miniprot_output/translated_proteins/16367at4893.faa
2026-09-24 16:31:58 DEBUG:busco.busco_tools.Toolset	cmd call: hmmsearch --domtblout outputs/busco_output/run_saccharomycetaceae_odb12/hmmer_output/1946at4893.out --cpu 1 /data/busco_downloads/lineages/saccharomycetaceae_odb12/hmms/1946at4893.hmm outputs/busco_output/run_saccharomycetaceae_odb12/miniprot_output/translated_proteins/1946at4893.faa
2026-09-24 16:31:58 DEBUG:busco.busco_tools.Toolset	cmd call: hmmsearch --domtblout outputs/busco_output/run_saccharomycetaceae_odb12/hmmer_output/17931at4893.out --cpu 1 /data/busco_downloads/lineages/saccharomycetaceae_odb12/hmms/17931at4893.hmm outputs/busco_output/run_saccharomycetaceae_odb12/miniprot_output/translated_proteins/17931at4893.faa
2026-09-24 16:31:58 DEBUG:busco.busco_tools.Toolset	cmd call: hmmsearch --domtblout outputs/busco_output/run_saccharomycetaceae_odb12/hmmer_output/23730at4893.out --cpu 1 /data/busco_downloads/lineages/saccharomycetaceae_odb12/hmms/23730at4893.hmm outputs/busco_output/run_saccharomycetaceae_odb12/miniprot_output/translated_proteins/23730at4893.faa
2026-09-24 16:31:58 DEBUG:busco.busco_tools.Toolset	cmd call: hmmsearch --domtblout outputs/busco_output/run_saccharomycetaceae_odb12/hmmer_output/20728at4893.out --cpu 1 /data/busco_downloads/lineages/saccharomycetaceae_odb12/hmms/20728at4893.hmm outputs/busco_output/run_saccharomycetaceae_odb12/miniprot_output/translated_proteins/20728at4893.faa
2026-09-24 16:31:58 DEBUG:busco.busco_tools.Toolset	cmd call: hmmsearch --domtblout outputs/busco_output/run_saccharomycetaceae_odb12/hmmer_output/22096at4893.out --cpu 1 /data/busco_downloads/lineages/saccharomycetaceae_odb12/hmms/22096at4893.hmm outputs/busco_output/run_saccharomycetaceae_odb12/miniprot_output/translated_proteins/22096at4893.faa
2026-09-24 16:31:58 DEBUG:busco.busco_tools.Toolset	cmd call: hmmsearch --domtblout outputs/busco_output/run_saccharomycetaceae_odb12/hmmer_output/23435at4893.out --cpu 1 /data/busco_downloads/lineages/saccharomycetaceae_odb12/hmms/23435at4893.hmm outputs/busco_output/run_saccharomycetaceae_odb12/miniprot_output/translated_proteins/23435at4893.faa
2026-09-24 16:31:58 DEBUG:busco.busco_tools.Toolset	cmd call: hmmsearch --domtblout outputs/busco_output/run_saccharomycetaceae_odb12/hmmer_output/16375at4893.out --cpu 1 /data/busco_downloads/lineages/saccharomycetaceae_odb12/hmms/16375at4893.hmm outputs/busco_output/run_saccharomycetaceae_odb12/miniprot_output/translated_proteins/16375at4893.faa
2026-09-24 16:31:58 DEBUG:busco.busco_tools.Toolset	cmd call: hmmsearch --domtblout outputs/busco_output/run_saccharomycetaceae_odb12/hmmer_output/25001at4893.out --cpu 1 /data/busco_downloads/lineages/saccharomycetaceae_odb12/hmms/25001at4893.hmm outputs/busco_output/run_saccharomycetaceae_odb12/miniprot_output/translated_proteins/25001at4893.faa
2026-09-24 16:31:58 DEBUG:busco.busco_tools.Toolset	cmd call: hmmsearch --domtblout outputs/busco_output/run_saccharomycetaceae_odb12/hmmer_output/17946at4893.out --cpu 1 /data/busco_downloads/lineages/saccharomycetaceae_odb12/hmms/17946at4893.hmm outputs/busco_output/run_saccharomycetaceae_odb12/miniprot_output/translated_proteins/17946at4893.faa
2026-09-24 16:31:58 DEBUG:busco.busco_tools.Toolset	cmd call: hmmsearch --domtblout outputs/busco_output/run_saccharomycetaceae_odb12/hmmer_output/19490at4893.out --cpu 1 /data/busco_downloads/lineages/saccharomycetaceae_odb12/hmms/19490at4893.hmm outputs/busco_output/run_saccharomycetaceae_odb12/miniprot_output/translated_proteins/19490at4893.faa
2026-09-24 16:31:58 DEBUG:busco.busco_tools.Toolset	cmd call: hmmsearch --domtblout outputs/busco_output/run_saccharomycetaceae_odb12/hmmer_output/23734at4893.out --cpu 1 /data/busco_downloads/lineages/saccharomycetaceae_odb12/hmms/23734at4893.hmm outputs/busco_output/run_saccharomycetaceae_odb12/miniprot_output/translated_proteins/23734at4893.faa
2026-09-24 16:31:58 DEBUG:busco.busco_tools.Toolset	cmd call: hmmsearch --domtblout outputs/busco_output/run_saccharomycetaceae_odb12/hmmer_output/22126at4893.out --cpu 1 /data/busco_downloads/lineages/saccharomycetaceae_odb12/hmms/22126at4893.hmm outputs/busco_output/run_saccharomycetaceae_odb12/miniprot_output/translated_proteins/22126at4893.faa
2026-09-24 16:31:58 DEBUG:busco.busco_tools.Toolset	cmd call: hmmsearch --domtblout outputs/busco_output/run_saccharomycetaceae_odb12/hmmer_output/23481at4893.out --cpu 1 /data/busco_downloads/lineages/saccharomycetaceae_odb12/hmms/23481at4893.hmm outputs/busco_output/run_saccharomycetaceae_odb12/miniprot_output/translated_proteins/23481at4893.faa
2026-09-24 16:31:58 DEBUG:busco.busco_tools.Toolset	cmd call: hmmsearch --domtblout outputs/busco_output/run_saccharomycetaceae_odb12/hmmer_output/17960at4893.out --cpu 1 /data/busco_downloads/lineages/saccharomycetaceae_odb12/hmms/17960at4893.hmm outputs/busco_output/run_saccharomycetaceae_odb12/miniprot_output/translated_proteins/17960at4893.faa
2026-09-24 16:31:58 DEBUG:busco.busco_tools.Toolset	cmd call: hmmsearch --domtblout outputs/busco_output/run_saccharomycetaceae_odb12/hmmer_output/19495at4893.out --cpu 1 /data/busco_downloads/lineages/saccharomycetaceae_odb12/hmms/19495at4893.hmm outputs/busco_output/run_saccharomycetaceae_odb12/miniprot_output/translated_proteins/19495at4893.faa
2026-09-24 16:31:58 DEBUG:busco.busco_tools.Toolset	cmd call: hmmsearch --domtblout outputs/busco_output/run_saccharomycetaceae_odb12/hmmer_output/23763at4893.out --cpu 1 /data/busco_downloads/lineages/saccharomycetaceae_odb12/hmms/23763at4893.hmm outputs/busco_output/run_saccharomycetaceae_odb12/miniprot_output/translated_proteins/23763at4893.faa
2026-09-24 16:31:58 DEBUG:busco.busco_tools.Toolset	cmd call: hmmsearch --domtblout outputs/busco_output/run_saccharomycetaceae_odb12/hmmer_output/23524at4893.out --cpu 1 /data/busco_downloads/lineages/saccharomycetaceae_odb12/hmms/23524at4893.hmm outputs/busco_output/run_saccharomycetaceae_odb12/miniprot_output/translated_proteins/23524at4893.faa
2026-09-24 16:31:58 DEBUG:busco.busco_tools.Toolset	cmd call: hmmsearch --domtblout outputs/busco_output/run_saccharomycetaceae_odb12/hmmer_output/2212at4893.out --cpu 1 /data/busco_downloads/lineages/saccharomycetaceae_odb12/hmms/2212at4893.hmm outputs/busco_output/run_saccharomycetaceae_odb12/miniprot_output/translated_proteins/2212at4893.faa
2026-09-24 16:31:58 DEBUG:busco.busco_tools.Toolset	cmd call: hmmsearch --domtblout outputs/busco_output/run_saccharomycetaceae_odb12/hmmer_output/25077at4893.out --cpu 1 /data/busco_downloads/lineages/saccharomycetaceae_odb12/hmms/25077at4893.hmm outputs/busco_output/run_saccharomycetaceae_odb12/miniprot_output/translated_proteins/25077at4893.faa
2026-09-24 16:31:58 DEBUG:busco.busco_tools.Toolset	cmd call: hmmsearch --domtblout outputs/busco_output/run_saccharomycetaceae_odb12/hmmer_output/16392at4893.out --cpu 1 /data/busco_downloads/lineages/saccharomycetaceae_odb12/hmms/16392at4893.hmm outputs/busco_output/run_saccharomycetaceae_odb12/miniprot_output/translated_proteins/16392at4893.faa
2026-09-24 16:31:58 DEBUG:busco.busco_tools.Toolset	cmd call: hmmsearch --domtblout outputs/busco_output/run_saccharomycetaceae_odb12/hmmer_output/17965at4893.out --cpu 1 /data/busco_downloads/lineages/saccharomycetaceae_odb12/hmms/17965at4893.hmm outputs/busco_output/run_saccharomycetaceae_odb12/miniprot_output/translated_proteins/17965at4893.faa
2026-09-24 16:31:58 DEBUG:busco.busco_tools.Toolset	cmd call: hmmsearch --domtblout outputs/busco_output/run_saccharomycetaceae_odb12/hmmer_output/20779at4893.out --cpu 1 /data/busco_downloads/lineages/saccharomycetaceae_odb12/hmms/20779at4893.hmm outputs/busco_output/run_saccharomycetaceae_odb12/miniprot_output/translated_proteins/20779at4893.faa
2026-09-24 16:31:58 DEBUG:busco.busco_tools.Toolset	cmd call: hmmsearch --domtblout outputs/busco_output/run_saccharomycetaceae_odb12/hmmer_output/22148at4893.out --cpu 1 /data/busco_downloads/lineages/saccharomycetaceae_odb12/hmms/22148at4893.hmm outputs/busco_output/run_saccharomycetaceae_odb12/miniprot_output/translated_proteins/22148at4893.faa
2026-09-24 16:31:58 DEBUG:busco.busco_tools.Toolset	cmd call: hmmsearch --domtblout outputs/busco_output/run_saccharomycetaceae_odb12/hmmer_output/23596at4893.out --cpu 1 /data/busco_downloads/lineages/saccharomycetaceae_odb12/hmms/23596at4893.hmm outputs/busco_output/run_saccharomycetaceae_odb12/miniprot_output/translated_proteins/23596at4893.faa
2026-09-24 16:31:58 DEBUG:busco.busco_tools.Toolset	cmd call: hmmsearch --domtblout outputs/busco_output/run_saccharomycetaceae_odb12/hmmer_output/19507at4893.out --cpu 1 /data/busco_downloads/lineages/saccharomycetaceae_odb12/hmms/19507at4893.hmm outputs/busco_output/run_saccharomycetaceae_odb12/miniprot_output/translated_proteins/19507at4893.faa
2026-09-24 16:31:58 DEBUG:busco.busco_tools.Toolset	cmd call: hmmsearch --domtblout outputs/busco_output/run_saccharomycetaceae_odb12/hmmer_output/23820at4893.out --cpu 1 /data/busco_downloads/lineages/saccharomycetaceae_odb12/hmms/23820at4893.hmm outputs/busco_output/run_saccharomycetaceae_odb12/miniprot_output/translated_proteins/23820at4893.faa
2026-09-24 16:31:58 DEBUG:busco.busco_tools.Toolset	cmd call: hmmsearch --domtblout outputs/busco_output/run_saccharomycetaceae_odb12/hmmer_output/16403at4893.out --cpu 1 /data/busco_downloads/lineages/saccharomycetaceae_odb12/hmms/16403at4893.hmm outputs/busco_output/run_saccharomycetaceae_odb12/miniprot_output/translated_proteins/16403at4893.faa
2026-09-24 16:31:58 DEBUG:busco.busco_tools.Toolset	cmd call: hmmsearch --domtblout outputs/busco_output/run_saccharomycetaceae_odb12/hmmer_output/20792at4893.out --cpu 1 /data/busco_downloads/lineages/saccharomycetaceae_odb12/hmms/20792at4893.hmm outputs/busco_output/run_saccharomycetaceae_odb12/miniprot_output/translated_proteins/20792at4893.faa
2026-09-24 16:31:58 DEBUG:busco.busco_tools.Toolset	cmd call: hmmsearch --domtblout outputs/busco_output/run_saccharomycetaceae_odb12/hmmer_output/26146at4893.out --cpu 1 /data/busco_downloads/lineages/saccharomycetaceae_odb12/hmms/26146at4893.hmm outputs/busco_output/run_saccharomycetaceae_odb12/miniprot_output/translated_proteins/26146at4893.faa
2026-09-24 16:31:59 DEBUG:busco.busco_tools.Toolset	cmd call: hmmsearch --domtblout outputs/busco_output/run_saccharomycetaceae_odb12/hmmer_output/22150at4893.out --cpu 1 /data/busco_downloads/lineages/saccharomycetaceae_odb12/hmms/22150at4893.hmm outputs/busco_output/run_saccharomycetaceae_odb12/miniprot_output/translated_proteins/22150at4893.faa
2026-09-24 16:31:59 DEBUG:busco.busco_tools.Toolset	cmd call: hmmsearch --domtblout outputs/busco_output/run_saccharomycetaceae_odb12/hmmer_output/23610at4893.out --cpu 1 /data/busco_downloads/lineages/saccharomycetaceae_odb12/hmms/23610at4893.hmm outputs/busco_output/run_saccharomycetaceae_odb12/miniprot_output/translated_proteins/23610at4893.faa
2026-09-24 16:31:59 DEBUG:busco.busco_tools.Toolset	cmd call: hmmsearch --domtblout outputs/busco_output/run_saccharomycetaceae_odb12/hmmer_output/25083at4893.out --cpu 1 /data/busco_downloads/lineages/saccharomycetaceae_odb12/hmms/25083at4893.hmm outputs/busco_output/run_saccharomycetaceae_odb12/miniprot_output/translated_proteins/25083at4893.faa
2026-09-24 16:31:59 DEBUG:busco.busco_tools.Toolset	cmd call: hmmsearch --domtblout outputs/busco_output/run_saccharomycetaceae_odb12/hmmer_output/27479at4893.out --cpu 1 /data/busco_downloads/lineages/saccharomycetaceae_odb12/hmms/27479at4893.hmm outputs/busco_output/run_saccharomycetaceae_odb12/miniprot_output/translated_proteins/27479at4893.faa
2026-09-24 16:31:59 DEBUG:busco.busco_tools.Toolset	cmd call: hmmsearch --domtblout outputs/busco_output/run_saccharomycetaceae_odb12/hmmer_output/17978at4893.out --cpu 1 /data/busco_downloads/lineages/saccharomycetaceae_odb12/hmms/17978at4893.hmm outputs/busco_output/run_saccharomycetaceae_odb12/miniprot_output/translated_proteins/17978at4893.faa
2026-09-24 16:31:59 DEBUG:busco.busco_tools.Toolset	cmd call: hmmsearch --domtblout outputs/busco_output/run_saccharomycetaceae_odb12/hmmer_output/23852at4893.out --cpu 1 /data/busco_downloads/lineages/saccharomycetaceae_odb12/hmms/23852at4893.hmm outputs/busco_output/run_saccharomycetaceae_odb12/miniprot_output/translated_proteins/23852at4893.faa
2026-09-24 16:31:59 DEBUG:busco.busco_tools.Toolset	cmd call: hmmsearch --domtblout outputs/busco_output/run_saccharomycetaceae_odb12/hmmer_output/22152at4893.out --cpu 1 /data/busco_downloads/lineages/saccharomycetaceae_odb12/hmms/22152at4893.hmm outputs/busco_output/run_saccharomycetaceae_odb12/miniprot_output/translated_proteins/22152at4893.faa
2026-09-24 16:31:59 DEBUG:busco.busco_tools.Toolset	cmd call: hmmsearch --domtblout outputs/busco_output/run_saccharomycetaceae_odb12/hmmer_output/2362at4893.out --cpu 1 /data/busco_downloads/lineages/saccharomycetaceae_odb12/hmms/2362at4893.hmm outputs/busco_output/run_saccharomycetaceae_odb12/miniprot_output/translated_proteins/2362at4893.faa
2026-09-24 16:31:59 DEBUG:busco.busco_tools.Toolset	cmd call: hmmsearch --domtblout outputs/busco_output/run_saccharomycetaceae_odb12/hmmer_output/20799at4893.out --cpu 1 /data/busco_downloads/lineages/saccharomycetaceae_odb12/hmms/20799at4893.hmm outputs/busco_output/run_saccharomycetaceae_odb12/miniprot_output/translated_proteins/20799at4893.faa
2026-09-24 16:31:59 DEBUG:busco.busco_tools.Toolset	cmd call: hmmsearch --domtblout outputs/busco_output/run_saccharomycetaceae_odb12/hmmer_output/26165at4893.out --cpu 1 /data/busco_downloads/lineages/saccharomycetaceae_odb12/hmms/26165at4893.hmm outputs/busco_output/run_saccharomycetaceae_odb12/miniprot_output/translated_proteins/26165at4893.faa
2026-09-24 16:31:59 DEBUG:busco.busco_tools.Toolset	cmd call: hmmsearch --domtblout outputs/busco_output/run_saccharomycetaceae_odb12/hmmer_output/27484at4893.out --cpu 1 /data/busco_downloads/lineages/saccharomycetaceae_odb12/hmms/27484at4893.hmm outputs/busco_output/run_saccharomycetaceae_odb12/miniprot_output/translated_proteins/27484at4893.faa
2026-09-24 16:31:59 DEBUG:busco.busco_tools.Toolset	cmd call: hmmsearch --domtblout outputs/busco_output/run_saccharomycetaceae_odb12/hmmer_output/25098at4893.out --cpu 1 /data/busco_downloads/lineages/saccharomycetaceae_odb12/hmms/25098at4893.hmm outputs/busco_output/run_saccharomycetaceae_odb12/miniprot_output/translated_proteins/25098at4893.faa
2026-09-24 16:31:59 DEBUG:busco.busco_tools.Toolset	cmd call: hmmsearch --domtblout outputs/busco_output/run_saccharomycetaceae_odb12/hmmer_output/28588at4893.out --cpu 1 /data/busco_downloads/lineages/saccharomycetaceae_odb12/hmms/28588at4893.hmm outputs/busco_output/run_saccharomycetaceae_odb12/miniprot_output/translated_proteins/28588at4893.faa
2026-09-24 16:31:59 DEBUG:busco.busco_tools.Toolset	cmd call: hmmsearch --domtblout outputs/busco_output/run_saccharomycetaceae_odb12/hmmer_output/23864at4893.out --cpu 1 /data/busco_downloads/lineages/saccharomycetaceae_odb12/hmms/23864at4893.hmm outputs/busco_output/run_saccharomycetaceae_odb12/miniprot_output/translated_proteins/23864at4893.faa
2026-09-24 16:31:59 DEBUG:busco.busco_tools.Toolset	cmd call: hmmsearch --domtblout outputs/busco_output/run_saccharomycetaceae_odb12/hmmer_output/23637at4893.out --cpu 1 /data/busco_downloads/lineages/saccharomycetaceae_odb12/hmms/23637at4893.hmm outputs/busco_output/run_saccharomycetaceae_odb12/miniprot_output/translated_proteins/23637at4893.faa
2026-09-24 16:31:59 DEBUG:busco.busco_tools.Toolset	cmd call: hmmsearch --domtblout outputs/busco_output/run_saccharomycetaceae_odb12/hmmer_output/26173at4893.out --cpu 1 /data/busco_downloads/lineages/saccharomycetaceae_odb12/hmms/26173at4893.hmm outputs/busco_output/run_saccharomycetaceae_odb12/miniprot_output/translated_proteins/26173at4893.faa
2026-09-24 16:31:59 DEBUG:busco.busco_tools.Toolset	cmd call: hmmsearch --domtblout outputs/busco_output/run_saccharomycetaceae_odb12/hmmer_output/2748at4893.out --cpu 1 /data/busco_downloads/lineages/saccharomycetaceae_odb12/hmms/2748at4893.hmm outputs/busco_output/run_saccharomycetaceae_odb12/miniprot_output/translated_proteins/2748at4893.faa
2026-09-24 16:31:59 DEBUG:busco.busco_tools.Toolset	cmd call: hmmsearch --domtblout outputs/busco_output/run_saccharomycetaceae_odb12/hmmer_output/2859at4893.out --cpu 1 /data/busco_downloads/lineages/saccharomycetaceae_odb12/hmms/2859at4893.hmm outputs/busco_output/run_saccharomycetaceae_odb12/miniprot_output/translated_proteins/2859at4893.faa
2026-09-24 16:31:59 DEBUG:busco.busco_tools.Toolset	cmd call: hmmsearch --domtblout outputs/busco_output/run_saccharomycetaceae_odb12/hmmer_output/250at4893.out --cpu 1 /data/busco_downloads/lineages/saccharomycetaceae_odb12/hmms/250at4893.hmm outputs/busco_output/run_saccharomycetaceae_odb12/miniprot_output/translated_proteins/250at4893.faa
2026-09-24 16:31:59 DEBUG:busco.busco_tools.Toolset	cmd call: hmmsearch --domtblout outputs/busco_output/run_saccharomycetaceae_odb12/hmmer_output/2081at4893.out --cpu 1 /data/busco_downloads/lineages/saccharomycetaceae_odb12/hmms/2081at4893.hmm outputs/busco_output/run_saccharomycetaceae_odb12/miniprot_output/translated_proteins/2081at4893.faa
2026-09-24 16:31:59 DEBUG:busco.busco_tools.Toolset	cmd call: hmmsearch --domtblout outputs/busco_output/run_saccharomycetaceae_odb12/hmmer_output/22194at4893.out --cpu 1 /data/busco_downloads/lineages/saccharomycetaceae_odb12/hmms/22194at4893.hmm outputs/busco_output/run_saccharomycetaceae_odb12/miniprot_output/translated_proteins/22194at4893.faa
2026-09-24 16:31:59 DEBUG:busco.busco_tools.Toolset	cmd call: hmmsearch --domtblout outputs/busco_output/run_saccharomycetaceae_odb12/hmmer_output/23645at4893.out --cpu 1 /data/busco_downloads/lineages/saccharomycetaceae_odb12/hmms/23645at4893.hmm outputs/busco_output/run_saccharomycetaceae_odb12/miniprot_output/translated_proteins/23645at4893.faa
2026-09-24 16:31:59 DEBUG:busco.busco_tools.Toolset	cmd call: hmmsearch --domtblout outputs/busco_output/run_saccharomycetaceae_odb12/hmmer_output/23873at4893.out --cpu 1 /data/busco_downloads/lineages/saccharomycetaceae_odb12/hmms/23873at4893.hmm outputs/busco_output/run_saccharomycetaceae_odb12/miniprot_output/translated_proteins/23873at4893.faa
2026-09-24 16:31:59 DEBUG:busco.busco_tools.Toolset	cmd call: hmmsearch --domtblout outputs/busco_output/run_saccharomycetaceae_odb12/hmmer_output/25116at4893.out --cpu 1 /data/busco_downloads/lineages/saccharomycetaceae_odb12/hmms/25116at4893.hmm outputs/busco_output/run_saccharomycetaceae_odb12/miniprot_output/translated_proteins/25116at4893.faa
2026-09-24 16:31:59 DEBUG:busco.busco_tools.Toolset	cmd call: hmmsearch --domtblout outputs/busco_output/run_saccharomycetaceae_odb12/hmmer_output/28654at4893.out --cpu 1 /data/busco_downloads/lineages/saccharomycetaceae_odb12/hmms/28654at4893.hmm outputs/busco_output/run_saccharomycetaceae_odb12/miniprot_output/translated_proteins/28654at4893.faa
2026-09-24 16:31:59 DEBUG:busco.busco_tools.Toolset	cmd call: hmmsearch --domtblout outputs/busco_output/run_saccharomycetaceae_odb12/hmmer_output/27503at4893.out --cpu 1 /data/busco_downloads/lineages/saccharomycetaceae_odb12/hmms/27503at4893.hmm outputs/busco_output/run_saccharomycetaceae_odb12/miniprot_output/translated_proteins/27503at4893.faa
2026-09-24 16:31:59 DEBUG:busco.busco_tools.Toolset	cmd call: hmmsearch --domtblout outputs/busco_output/run_saccharomycetaceae_odb12/hmmer_output/26257at4893.out --cpu 1 /data/busco_downloads/lineages/saccharomycetaceae_odb12/hmms/26257at4893.hmm outputs/busco_output/run_saccharomycetaceae_odb12/miniprot_output/translated_proteins/26257at4893.faa
2026-09-24 16:31:59 DEBUG:busco.busco_tools.Toolset	cmd call: hmmsearch --domtblout outputs/busco_output/run_saccharomycetaceae_odb12/hmmer_output/2387at4893.out --cpu 1 /data/busco_downloads/lineages/saccharomycetaceae_odb12/hmms/2387at4893.hmm outputs/busco_output/run_saccharomycetaceae_odb12/miniprot_output/translated_proteins/2387at4893.faa
2026-09-24 16:31:59 DEBUG:busco.busco_tools.Toolset	cmd call: hmmsearch --domtblout outputs/busco_output/run_saccharomycetaceae_odb12/hmmer_output/22205at4893.out --cpu 1 /data/busco_downloads/lineages/saccharomycetaceae_odb12/hmms/22205at4893.hmm outputs/busco_output/run_saccharomycetaceae_odb12/miniprot_output/translated_proteins/22205at4893.faa
2026-09-24 16:31:59 DEBUG:busco.busco_tools.Toolset	cmd call: hmmsearch --domtblout outputs/busco_output/run_saccharomycetaceae_odb12/hmmer_output/29883at4893.out --cpu 1 /data/busco_downloads/lineages/saccharomycetaceae_odb12/hmms/29883at4893.hmm outputs/busco_output/run_saccharomycetaceae_odb12/miniprot_output/translated_proteins/29883at4893.faa
2026-09-24 16:31:59 DEBUG:busco.busco_tools.Toolset	cmd call: hmmsearch --domtblout outputs/busco_output/run_saccharomycetaceae_odb12/hmmer_output/20836at4893.out --cpu 1 /data/busco_downloads/lineages/saccharomycetaceae_odb12/hmms/20836at4893.hmm outputs/busco_output/run_saccharomycetaceae_odb12/miniprot_output/translated_proteins/20836at4893.faa
2026-09-24 16:31:59 DEBUG:busco.busco_tools.Toolset	cmd call: hmmsearch --domtblout outputs/busco_output/run_saccharomycetaceae_odb12/hmmer_output/25122at4893.out --cpu 1 /data/busco_downloads/lineages/saccharomycetaceae_odb12/hmms/25122at4893.hmm outputs/busco_output/run_saccharomycetaceae_odb12/miniprot_output/translated_proteins/25122at4893.faa
2026-09-24 16:31:59 DEBUG:busco.busco_tools.Toolset	cmd call: hmmsearch --domtblout outputs/busco_output/run_saccharomycetaceae_odb12/hmmer_output/28682at4893.out --cpu 1 /data/busco_downloads/lineages/saccharomycetaceae_odb12/hmms/28682at4893.hmm outputs/busco_output/run_saccharomycetaceae_odb12/miniprot_output/translated_proteins/28682at4893.faa
2026-09-24 16:31:59 DEBUG:busco.busco_tools.Toolset	cmd call: hmmsearch --domtblout outputs/busco_output/run_saccharomycetaceae_odb12/hmmer_output/2625at4893.out --cpu 1 /data/busco_downloads/lineages/saccharomycetaceae_odb12/hmms/2625at4893.hmm outputs/busco_output/run_saccharomycetaceae_odb12/miniprot_output/translated_proteins/2625at4893.faa
2026-09-24 16:31:59 DEBUG:busco.busco_tools.Toolset	cmd call: hmmsearch --domtblout outputs/busco_output/run_saccharomycetaceae_odb12/hmmer_output/23894at4893.out --cpu 1 /data/busco_downloads/lineages/saccharomycetaceae_odb12/hmms/23894at4893.hmm outputs/busco_output/run_saccharomycetaceae_odb12/miniprot_output/translated_proteins/23894at4893.faa
2026-09-24 16:31:59 DEBUG:busco.busco_tools.Toolset	cmd call: hmmsearch --domtblout outputs/busco_output/run_saccharomycetaceae_odb12/hmmer_output/29884at4893.out --cpu 1 /data/busco_downloads/lineages/saccharomycetaceae_odb12/hmms/29884at4893.hmm outputs/busco_output/run_saccharomycetaceae_odb12/miniprot_output/translated_proteins/29884at4893.faa
2026-09-24 16:31:59 DEBUG:busco.busco_tools.Toolset	cmd call: hmmsearch --domtblout outputs/busco_output/run_saccharomycetaceae_odb12/hmmer_output/27516at4893.out --cpu 1 /data/busco_downloads/lineages/saccharomycetaceae_odb12/hmms/27516at4893.hmm outputs/busco_output/run_saccharomycetaceae_odb12/miniprot_output/translated_proteins/27516at4893.faa
2026-09-24 16:31:59 DEBUG:busco.busco_tools.Toolset	cmd call: hmmsearch --domtblout outputs/busco_output/run_saccharomycetaceae_odb12/hmmer_output/22214at4893.out --cpu 1 /data/busco_downloads/lineages/saccharomycetaceae_odb12/hmms/22214at4893.hmm outputs/busco_output/run_saccharomycetaceae_odb12/miniprot_output/translated_proteins/22214at4893.faa
2026-09-24 16:31:59 DEBUG:busco.busco_tools.Toolset	cmd call: hmmsearch --domtblout outputs/busco_output/run_saccharomycetaceae_odb12/hmmer_output/20879at4893.out --cpu 1 /data/busco_downloads/lineages/saccharomycetaceae_odb12/hmms/20879at4893.hmm outputs/busco_output/run_saccharomycetaceae_odb12/miniprot_output/translated_proteins/20879at4893.faa
2026-09-24 16:31:59 DEBUG:busco.busco_tools.Toolset	cmd call: hmmsearch --domtblout outputs/busco_output/run_saccharomycetaceae_odb12/hmmer_output/25146at4893.out --cpu 1 /data/busco_downloads/lineages/saccharomycetaceae_odb12/hmms/25146at4893.hmm outputs/busco_output/run_saccharomycetaceae_odb12/miniprot_output/translated_proteins/25146at4893.faa
2026-09-24 16:31:59 DEBUG:busco.busco_tools.Toolset	cmd call: hmmsearch --domtblout outputs/busco_output/run_saccharomycetaceae_odb12/hmmer_output/28693at4893.out --cpu 1 /data/busco_downloads/lineages/saccharomycetaceae_odb12/hmms/28693at4893.hmm outputs/busco_output/run_saccharomycetaceae_odb12/miniprot_output/translated_proteins/28693at4893.faa
2026-09-24 16:31:59 DEBUG:busco.busco_tools.Toolset	cmd call: hmmsearch --domtblout outputs/busco_output/run_saccharomycetaceae_odb12/hmmer_output/27535at4893.out --cpu 1 /data/busco_downloads/lineages/saccharomycetaceae_odb12/hmms/27535at4893.hmm outputs/busco_output/run_saccharomycetaceae_odb12/miniprot_output/translated_proteins/27535at4893.faa
2026-09-24 16:32:00 DEBUG:busco.busco_tools.Toolset	cmd call: hmmsearch --domtblout outputs/busco_output/run_saccharomycetaceae_odb12/hmmer_output/26262at4893.out --cpu 1 /data/busco_downloads/lineages/saccharomycetaceae_odb12/hmms/26262at4893.hmm outputs/busco_output/run_saccharomycetaceae_odb12/miniprot_output/translated_proteins/26262at4893.faa
2026-09-24 16:32:00 DEBUG:busco.busco_tools.Toolset	cmd call: hmmsearch --domtblout outputs/busco_output/run_saccharomycetaceae_odb12/hmmer_output/22257at4893.out --cpu 1 /data/busco_downloads/lineages/saccharomycetaceae_odb12/hmms/22257at4893.hmm outputs/busco_output/run_saccharomycetaceae_odb12/miniprot_output/translated_proteins/22257at4893.faa
2026-09-24 16:32:00 DEBUG:busco.busco_tools.Toolset	cmd call: hmmsearch --domtblout outputs/busco_output/run_saccharomycetaceae_odb12/hmmer_output/25151at4893.out --cpu 1 /data/busco_downloads/lineages/saccharomycetaceae_odb12/hmms/25151at4893.hmm outputs/busco_output/run_saccharomycetaceae_odb12/miniprot_output/translated_proteins/25151at4893.faa
2026-09-24 16:32:00 DEBUG:busco.busco_tools.Toolset	cmd call: hmmsearch --domtblout outputs/busco_output/run_saccharomycetaceae_odb12/hmmer_output/30901at4893.out --cpu 1 /data/busco_downloads/lineages/saccharomycetaceae_odb12/hmms/30901at4893.hmm outputs/busco_output/run_saccharomycetaceae_odb12/miniprot_output/translated_proteins/30901at4893.faa
2026-09-24 16:32:00 DEBUG:busco.busco_tools.Toolset	cmd call: hmmsearch --domtblout outputs/busco_output/run_saccharomycetaceae_odb12/hmmer_output/2990at4893.out --cpu 1 /data/busco_downloads/lineages/saccharomycetaceae_odb12/hmms/2990at4893.hmm outputs/busco_output/run_saccharomycetaceae_odb12/miniprot_output/translated_proteins/2990at4893.faa
2026-09-24 16:32:00 DEBUG:busco.busco_tools.Toolset	cmd call: hmmsearch --domtblout outputs/busco_output/run_saccharomycetaceae_odb12/hmmer_output/28718at4893.out --cpu 1 /data/busco_downloads/lineages/saccharomycetaceae_odb12/hmms/28718at4893.hmm outputs/busco_output/run_saccharomycetaceae_odb12/miniprot_output/translated_proteins/28718at4893.faa
2026-09-24 16:32:00 DEBUG:busco.busco_tools.Toolset	cmd call: hmmsearch --domtblout outputs/busco_output/run_saccharomycetaceae_odb12/hmmer_output/23935at4893.out --cpu 1 /data/busco_downloads/lineages/saccharomycetaceae_odb12/hmms/23935at4893.hmm outputs/busco_output/run_saccharomycetaceae_odb12/miniprot_output/translated_proteins/23935at4893.faa
2026-09-24 16:32:00 DEBUG:busco.busco_tools.Toolset	cmd call: hmmsearch --domtblout outputs/busco_output/run_saccharomycetaceae_odb12/hmmer_output/27584at4893.out --cpu 1 /data/busco_downloads/lineages/saccharomycetaceae_odb12/hmms/27584at4893.hmm outputs/busco_output/run_saccharomycetaceae_odb12/miniprot_output/translated_proteins/27584at4893.faa
2026-09-24 16:32:00 DEBUG:busco.busco_tools.Toolset	cmd call: hmmsearch --domtblout outputs/busco_output/run_saccharomycetaceae_odb12/hmmer_output/22263at4893.out --cpu 1 /data/busco_downloads/lineages/saccharomycetaceae_odb12/hmms/22263at4893.hmm outputs/busco_output/run_saccharomycetaceae_odb12/miniprot_output/translated_proteins/22263at4893.faa
2026-09-24 16:32:00 DEBUG:busco.busco_tools.Toolset	cmd call: hmmsearch --domtblout outputs/busco_output/run_saccharomycetaceae_odb12/hmmer_output/26289at4893.out --cpu 1 /data/busco_downloads/lineages/saccharomycetaceae_odb12/hmms/26289at4893.hmm outputs/busco_output/run_saccharomycetaceae_odb12/miniprot_output/translated_proteins/26289at4893.faa
2026-09-24 16:32:00 DEBUG:busco.busco_tools.Toolset	cmd call: hmmsearch --domtblout outputs/busco_output/run_saccharomycetaceae_odb12/hmmer_output/23942at4893.out --cpu 1 /data/busco_downloads/lineages/saccharomycetaceae_odb12/hmms/23942at4893.hmm outputs/busco_output/run_saccharomycetaceae_odb12/miniprot_output/translated_proteins/23942at4893.faa
2026-09-24 16:32:00 DEBUG:busco.busco_tools.Toolset	cmd call: hmmsearch --domtblout outputs/busco_output/run_saccharomycetaceae_odb12/hmmer_output/29921at4893.out --cpu 1 /data/busco_downloads/lineages/saccharomycetaceae_odb12/hmms/29921at4893.hmm outputs/busco_output/run_saccharomycetaceae_odb12/miniprot_output/translated_proteins/29921at4893.faa
2026-09-24 16:32:00 DEBUG:busco.busco_tools.Toolset	cmd call: hmmsearch --domtblout outputs/busco_output/run_saccharomycetaceae_odb12/hmmer_output/28721at4893.out --cpu 1 /data/busco_downloads/lineages/saccharomycetaceae_odb12/hmms/28721at4893.hmm outputs/busco_output/run_saccharomycetaceae_odb12/miniprot_output/translated_proteins/28721at4893.faa
2026-09-24 16:32:00 DEBUG:busco.busco_tools.Toolset	cmd call: hmmsearch --domtblout outputs/busco_output/run_saccharomycetaceae_odb12/hmmer_output/27585at4893.out --cpu 1 /data/busco_downloads/lineages/saccharomycetaceae_odb12/hmms/27585at4893.hmm outputs/busco_output/run_saccharomycetaceae_odb12/miniprot_output/translated_proteins/27585at4893.faa
2026-09-24 16:32:00 DEBUG:busco.busco_tools.Toolset	cmd call: hmmsearch --domtblout outputs/busco_output/run_saccharomycetaceae_odb12/hmmer_output/30940at4893.out --cpu 1 /data/busco_downloads/lineages/saccharomycetaceae_odb12/hmms/30940at4893.hmm outputs/busco_output/run_saccharomycetaceae_odb12/miniprot_output/translated_proteins/30940at4893.faa
2026-09-24 16:32:00 DEBUG:busco.busco_tools.Toolset	cmd call: hmmsearch --domtblout outputs/busco_output/run_saccharomycetaceae_odb12/hmmer_output/2517at4893.out --cpu 1 /data/busco_downloads/lineages/saccharomycetaceae_odb12/hmms/2517at4893.hmm outputs/busco_output/run_saccharomycetaceae_odb12/miniprot_output/translated_proteins/2517at4893.faa
2026-09-24 16:32:00 DEBUG:busco.busco_tools.Toolset	cmd call: hmmsearch --domtblout outputs/busco_output/run_saccharomycetaceae_odb12/hmmer_output/32120at4893.out --cpu 1 /data/busco_downloads/lineages/saccharomycetaceae_odb12/hmms/32120at4893.hmm outputs/busco_output/run_saccharomycetaceae_odb12/miniprot_output/translated_proteins/32120at4893.faa
2026-09-24 16:32:00 DEBUG:busco.busco_tools.Toolset	cmd call: hmmsearch --domtblout outputs/busco_output/run_saccharomycetaceae_odb12/hmmer_output/2394at4893.out --cpu 1 /data/busco_downloads/lineages/saccharomycetaceae_odb12/hmms/2394at4893.hmm outputs/busco_output/run_saccharomycetaceae_odb12/miniprot_output/translated_proteins/2394at4893.faa
2026-09-24 16:32:00 DEBUG:busco.busco_tools.Toolset	cmd call: hmmsearch --domtblout outputs/busco_output/run_saccharomycetaceae_odb12/hmmer_output/25188at4893.out --cpu 1 /data/busco_downloads/lineages/saccharomycetaceae_odb12/hmms/25188at4893.hmm outputs/busco_output/run_saccharomycetaceae_odb12/miniprot_output/translated_proteins/25188at4893.faa
2026-09-24 16:32:00 DEBUG:busco.busco_tools.Toolset	cmd call: hmmsearch --domtblout outputs/busco_output/run_saccharomycetaceae_odb12/hmmer_output/28734at4893.out --cpu 1 /data/busco_downloads/lineages/saccharomycetaceae_odb12/hmms/28734at4893.hmm outputs/busco_output/run_saccharomycetaceae_odb12/miniprot_output/translated_proteins/28734at4893.faa
2026-09-24 16:32:00 DEBUG:busco.busco_tools.Toolset	cmd call: hmmsearch --domtblout outputs/busco_output/run_saccharomycetaceae_odb12/hmmer_output/29953at4893.out --cpu 1 /data/busco_downloads/lineages/saccharomycetaceae_odb12/hmms/29953at4893.hmm outputs/busco_output/run_saccharomycetaceae_odb12/miniprot_output/translated_proteins/29953at4893.faa
2026-09-24 16:32:00 DEBUG:busco.busco_tools.Toolset	cmd call: hmmsearch --domtblout outputs/busco_output/run_saccharomycetaceae_odb12/hmmer_output/27615at4893.out --cpu 1 /data/busco_downloads/lineages/saccharomycetaceae_odb12/hmms/27615at4893.hmm outputs/busco_output/run_saccharomycetaceae_odb12/miniprot_output/translated_proteins/27615at4893.faa
2026-09-24 16:32:00 DEBUG:busco.busco_tools.Toolset	cmd call: hmmsearch --domtblout outputs/busco_output/run_saccharomycetaceae_odb12/hmmer_output/23959at4893.out --cpu 1 /data/busco_downloads/lineages/saccharomycetaceae_odb12/hmms/23959at4893.hmm outputs/busco_output/run_saccharomycetaceae_odb12/miniprot_output/translated_proteins/23959at4893.faa
2026-09-24 16:32:00 DEBUG:busco.busco_tools.Toolset	cmd call: hmmsearch --domtblout outputs/busco_output/run_saccharomycetaceae_odb12/hmmer_output/26354at4893.out --cpu 1 /data/busco_downloads/lineages/saccharomycetaceae_odb12/hmms/26354at4893.hmm outputs/busco_output/run_saccharomycetaceae_odb12/miniprot_output/translated_proteins/26354at4893.faa
2026-09-24 16:32:00 DEBUG:busco.busco_tools.Toolset	cmd call: hmmsearch --domtblout outputs/busco_output/run_saccharomycetaceae_odb12/hmmer_output/32145at4893.out --cpu 1 /data/busco_downloads/lineages/saccharomycetaceae_odb12/hmms/32145at4893.hmm outputs/busco_output/run_saccharomycetaceae_odb12/miniprot_output/translated_proteins/32145at4893.faa
2026-09-24 16:32:00 DEBUG:busco.busco_tools.Toolset	cmd call: hmmsearch --domtblout outputs/busco_output/run_saccharomycetaceae_odb12/hmmer_output/30970at4893.out --cpu 1 /data/busco_downloads/lineages/saccharomycetaceae_odb12/hmms/30970at4893.hmm outputs/busco_output/run_saccharomycetaceae_odb12/miniprot_output/translated_proteins/30970at4893.faa
2026-09-24 16:32:00 DEBUG:busco.busco_tools.Toolset	cmd call: hmmsearch --domtblout outputs/busco_output/run_saccharomycetaceae_odb12/hmmer_output/29967at4893.out --cpu 1 /data/busco_downloads/lineages/saccharomycetaceae_odb12/hmms/29967at4893.hmm outputs/busco_output/run_saccharomycetaceae_odb12/miniprot_output/translated_proteins/29967at4893.faa
2026-09-24 16:32:00 DEBUG:busco.busco_tools.Toolset	cmd call: hmmsearch --domtblout outputs/busco_output/run_saccharomycetaceae_odb12/hmmer_output/25191at4893.out --cpu 1 /data/busco_downloads/lineages/saccharomycetaceae_odb12/hmms/25191at4893.hmm outputs/busco_output/run_saccharomycetaceae_odb12/miniprot_output/translated_proteins/25191at4893.faa
2026-09-24 16:32:00 DEBUG:busco.busco_tools.Toolset	cmd call: hmmsearch --domtblout outputs/busco_output/run_saccharomycetaceae_odb12/hmmer_output/28769at4893.out --cpu 1 /data/busco_downloads/lineages/saccharomycetaceae_odb12/hmms/28769at4893.hmm outputs/busco_output/run_saccharomycetaceae_odb12/miniprot_output/translated_proteins/28769at4893.faa
2026-09-24 16:32:00 DEBUG:busco.busco_tools.Toolset	cmd call: hmmsearch --domtblout outputs/busco_output/run_saccharomycetaceae_odb12/hmmer_output/27627at4893.out --cpu 1 /data/busco_downloads/lineages/saccharomycetaceae_odb12/hmms/27627at4893.hmm outputs/busco_output/run_saccharomycetaceae_odb12/miniprot_output/translated_proteins/27627at4893.faa
2026-09-24 16:32:00 DEBUG:busco.busco_tools.Toolset	cmd call: hmmsearch --domtblout outputs/busco_output/run_saccharomycetaceae_odb12/hmmer_output/32148at4893.out --cpu 1 /data/busco_downloads/lineages/saccharomycetaceae_odb12/hmms/32148at4893.hmm outputs/busco_output/run_saccharomycetaceae_odb12/miniprot_output/translated_proteins/32148at4893.faa
2026-09-24 16:32:00 DEBUG:busco.busco_tools.Toolset	cmd call: hmmsearch --domtblout outputs/busco_output/run_saccharomycetaceae_odb12/hmmer_output/23961at4893.out --cpu 1 /data/busco_downloads/lineages/saccharomycetaceae_odb12/hmms/23961at4893.hmm outputs/busco_output/run_saccharomycetaceae_odb12/miniprot_output/translated_proteins/23961at4893.faa
2026-09-24 16:32:00 DEBUG:busco.busco_tools.Toolset	cmd call: hmmsearch --domtblout outputs/busco_output/run_saccharomycetaceae_odb12/hmmer_output/2998at4893.out --cpu 1 /data/busco_downloads/lineages/saccharomycetaceae_odb12/hmms/2998at4893.hmm outputs/busco_output/run_saccharomycetaceae_odb12/miniprot_output/translated_proteins/2998at4893.faa
2026-09-24 16:32:00 DEBUG:busco.busco_tools.Toolset	cmd call: hmmsearch --domtblout outputs/busco_output/run_saccharomycetaceae_odb12/hmmer_output/25210at4893.out --cpu 1 /data/busco_downloads/lineages/saccharomycetaceae_odb12/hmms/25210at4893.hmm outputs/busco_output/run_saccharomycetaceae_odb12/miniprot_output/translated_proteins/25210at4893.faa
2026-09-24 16:32:00 DEBUG:busco.busco_tools.Toolset	cmd call: hmmsearch --domtblout outputs/busco_output/run_saccharomycetaceae_odb12/hmmer_output/2764at4893.out --cpu 1 /data/busco_downloads/lineages/saccharomycetaceae_odb12/hmms/2764at4893.hmm outputs/busco_output/run_saccharomycetaceae_odb12/miniprot_output/translated_proteins/2764at4893.faa
2026-09-24 16:32:00 DEBUG:busco.busco_tools.Toolset	cmd call: hmmsearch --domtblout outputs/busco_output/run_saccharomycetaceae_odb12/hmmer_output/26427at4893.out --cpu 1 /data/busco_downloads/lineages/saccharomycetaceae_odb12/hmms/26427at4893.hmm outputs/busco_output/run_saccharomycetaceae_odb12/miniprot_output/translated_proteins/26427at4893.faa
2026-09-24 16:32:00 DEBUG:busco.busco_tools.Toolset	cmd call: hmmsearch --domtblout outputs/busco_output/run_saccharomycetaceae_odb12/hmmer_output/30974at4893.out --cpu 1 /data/busco_downloads/lineages/saccharomycetaceae_odb12/hmms/30974at4893.hmm outputs/busco_output/run_saccharomycetaceae_odb12/miniprot_output/translated_proteins/30974at4893.faa
2026-09-24 16:32:01 DEBUG:busco.busco_tools.Toolset	cmd call: hmmsearch --domtblout outputs/busco_output/run_saccharomycetaceae_odb12/hmmer_output/32155at4893.out --cpu 1 /data/busco_downloads/lineages/saccharomycetaceae_odb12/hmms/32155at4893.hmm outputs/busco_output/run_saccharomycetaceae_odb12/miniprot_output/translated_proteins/32155at4893.faa
2026-09-24 16:32:01 DEBUG:busco.busco_tools.Toolset	cmd call: hmmsearch --domtblout outputs/busco_output/run_saccharomycetaceae_odb12/hmmer_output/23972at4893.out --cpu 1 /data/busco_downloads/lineages/saccharomycetaceae_odb12/hmms/23972at4893.hmm outputs/busco_output/run_saccharomycetaceae_odb12/miniprot_output/translated_proteins/23972at4893.faa
2026-09-24 16:32:01 DEBUG:busco.busco_tools.Toolset	cmd call: hmmsearch --domtblout outputs/busco_output/run_saccharomycetaceae_odb12/hmmer_output/25258at4893.out --cpu 1 /data/busco_downloads/lineages/saccharomycetaceae_odb12/hmms/25258at4893.hmm outputs/busco_output/run_saccharomycetaceae_odb12/miniprot_output/translated_proteins/25258at4893.faa
2026-09-24 16:32:01 DEBUG:busco.busco_tools.Toolset	cmd call: hmmsearch --domtblout outputs/busco_output/run_saccharomycetaceae_odb12/hmmer_output/26436at4893.out --cpu 1 /data/busco_downloads/lineages/saccharomycetaceae_odb12/hmms/26436at4893.hmm outputs/busco_output/run_saccharomycetaceae_odb12/miniprot_output/translated_proteins/26436at4893.faa
2026-09-24 16:32:01 DEBUG:busco.busco_tools.Toolset	cmd call: hmmsearch --domtblout outputs/busco_output/run_saccharomycetaceae_odb12/hmmer_output/31031at4893.out --cpu 1 /data/busco_downloads/lineages/saccharomycetaceae_odb12/hmms/31031at4893.hmm outputs/busco_output/run_saccharomycetaceae_odb12/miniprot_output/translated_proteins/31031at4893.faa
2026-09-24 16:32:01 DEBUG:busco.busco_tools.Toolset	cmd call: hmmsearch --domtblout outputs/busco_output/run_saccharomycetaceae_odb12/hmmer_output/28771at4893.out --cpu 1 /data/busco_downloads/lineages/saccharomycetaceae_odb12/hmms/28771at4893.hmm outputs/busco_output/run_saccharomycetaceae_odb12/miniprot_output/translated_proteins/28771at4893.faa
2026-09-24 16:32:01 DEBUG:busco.busco_tools.Toolset	cmd call: hmmsearch --domtblout outputs/busco_output/run_saccharomycetaceae_odb12/hmmer_output/2999at4893.out --cpu 1 /data/busco_downloads/lineages/saccharomycetaceae_odb12/hmms/2999at4893.hmm outputs/busco_output/run_saccharomycetaceae_odb12/miniprot_output/translated_proteins/2999at4893.faa
2026-09-24 16:32:01 DEBUG:busco.busco_tools.Toolset	cmd call: hmmsearch --domtblout outputs/busco_output/run_saccharomycetaceae_odb12/hmmer_output/27657at4893.out --cpu 1 /data/busco_downloads/lineages/saccharomycetaceae_odb12/hmms/27657at4893.hmm outputs/busco_output/run_saccharomycetaceae_odb12/miniprot_output/translated_proteins/27657at4893.faa
2026-09-24 16:32:01 DEBUG:busco.busco_tools.Toolset	cmd call: hmmsearch --domtblout outputs/busco_output/run_saccharomycetaceae_odb12/hmmer_output/32172at4893.out --cpu 1 /data/busco_downloads/lineages/saccharomycetaceae_odb12/hmms/32172at4893.hmm outputs/busco_output/run_saccharomycetaceae_odb12/miniprot_output/translated_proteins/32172at4893.faa
2026-09-24 16:32:01 DEBUG:busco.busco_tools.Toolset	cmd call: hmmsearch --domtblout outputs/busco_output/run_saccharomycetaceae_odb12/hmmer_output/24014at4893.out --cpu 1 /data/busco_downloads/lineages/saccharomycetaceae_odb12/hmms/24014at4893.hmm outputs/busco_output/run_saccharomycetaceae_odb12/miniprot_output/translated_proteins/24014at4893.faa
2026-09-24 16:32:01 DEBUG:busco.busco_tools.Toolset	cmd call: hmmsearch --domtblout outputs/busco_output/run_saccharomycetaceae_odb12/hmmer_output/26468at4893.out --cpu 1 /data/busco_downloads/lineages/saccharomycetaceae_odb12/hmms/26468at4893.hmm outputs/busco_output/run_saccharomycetaceae_odb12/miniprot_output/translated_proteins/26468at4893.faa
2026-09-24 16:32:01 DEBUG:busco.busco_tools.Toolset	cmd call: hmmsearch --domtblout outputs/busco_output/run_saccharomycetaceae_odb12/hmmer_output/30001at4893.out --cpu 1 /data/busco_downloads/lineages/saccharomycetaceae_odb12/hmms/30001at4893.hmm outputs/busco_output/run_saccharomycetaceae_odb12/miniprot_output/translated_proteins/30001at4893.faa
2026-09-24 16:32:01 DEBUG:busco.busco_tools.Toolset	cmd call: hmmsearch --domtblout outputs/busco_output/run_saccharomycetaceae_odb12/hmmer_output/27660at4893.out --cpu 1 /data/busco_downloads/lineages/saccharomycetaceae_odb12/hmms/27660at4893.hmm outputs/busco_output/run_saccharomycetaceae_odb12/miniprot_output/translated_proteins/27660at4893.faa
2026-09-24 16:32:01 DEBUG:busco.busco_tools.Toolset	cmd call: hmmsearch --domtblout outputs/busco_output/run_saccharomycetaceae_odb12/hmmer_output/25285at4893.out --cpu 1 /data/busco_downloads/lineages/saccharomycetaceae_odb12/hmms/25285at4893.hmm outputs/busco_output/run_saccharomycetaceae_odb12/miniprot_output/translated_proteins/25285at4893.faa
2026-09-24 16:32:01 DEBUG:busco.busco_tools.Toolset	cmd call: hmmsearch --domtblout outputs/busco_output/run_saccharomycetaceae_odb12/hmmer_output/31047at4893.out --cpu 1 /data/busco_downloads/lineages/saccharomycetaceae_odb12/hmms/31047at4893.hmm outputs/busco_output/run_saccharomycetaceae_odb12/miniprot_output/translated_proteins/31047at4893.faa
2026-09-24 16:32:01 DEBUG:busco.busco_tools.Toolset	cmd call: hmmsearch --domtblout outputs/busco_output/run_saccharomycetaceae_odb12/hmmer_output/28773at4893.out --cpu 1 /data/busco_downloads/lineages/saccharomycetaceae_odb12/hmms/28773at4893.hmm outputs/busco_output/run_saccharomycetaceae_odb12/miniprot_output/translated_proteins/28773at4893.faa
2026-09-24 16:32:01 DEBUG:busco.busco_tools.Toolset	cmd call: hmmsearch --domtblout outputs/busco_output/run_saccharomycetaceae_odb12/hmmer_output/32174at4893.out --cpu 1 /data/busco_downloads/lineages/saccharomycetaceae_odb12/hmms/32174at4893.hmm outputs/busco_output/run_saccharomycetaceae_odb12/miniprot_output/translated_proteins/32174at4893.faa
2026-09-24 16:32:01 DEBUG:busco.busco_tools.Toolset	cmd call: hmmsearch --domtblout outputs/busco_output/run_saccharomycetaceae_odb12/hmmer_output/24049at4893.out --cpu 1 /data/busco_downloads/lineages/saccharomycetaceae_odb12/hmms/24049at4893.hmm outputs/busco_output/run_saccharomycetaceae_odb12/miniprot_output/translated_proteins/24049at4893.faa
2026-09-24 16:32:01 DEBUG:busco.busco_tools.Toolset	cmd call: hmmsearch --domtblout outputs/busco_output/run_saccharomycetaceae_odb12/hmmer_output/26499at4893.out --cpu 1 /data/busco_downloads/lineages/saccharomycetaceae_odb12/hmms/26499at4893.hmm outputs/busco_output/run_saccharomycetaceae_odb12/miniprot_output/translated_proteins/26499at4893.faa
2026-09-24 16:32:01 DEBUG:busco.busco_tools.Toolset	cmd call: hmmsearch --domtblout outputs/busco_output/run_saccharomycetaceae_odb12/hmmer_output/30016at4893.out --cpu 1 /data/busco_downloads/lineages/saccharomycetaceae_odb12/hmms/30016at4893.hmm outputs/busco_output/run_saccharomycetaceae_odb12/miniprot_output/translated_proteins/30016at4893.faa
2026-09-24 16:32:01 DEBUG:busco.busco_tools.Toolset	cmd call: hmmsearch --domtblout outputs/busco_output/run_saccharomycetaceae_odb12/hmmer_output/28776at4893.out --cpu 1 /data/busco_downloads/lineages/saccharomycetaceae_odb12/hmms/28776at4893.hmm outputs/busco_output/run_saccharomycetaceae_odb12/miniprot_output/translated_proteins/28776at4893.faa
2026-09-24 16:32:01 DEBUG:busco.busco_tools.Toolset	cmd call: hmmsearch --domtblout outputs/busco_output/run_saccharomycetaceae_odb12/hmmer_output/27667at4893.out --cpu 1 /data/busco_downloads/lineages/saccharomycetaceae_odb12/hmms/27667at4893.hmm outputs/busco_output/run_saccharomycetaceae_odb12/miniprot_output/translated_proteins/27667at4893.faa
2026-09-24 16:32:01 DEBUG:busco.busco_tools.Toolset	cmd call: hmmsearch --domtblout outputs/busco_output/run_saccharomycetaceae_odb12/hmmer_output/32206at4893.out --cpu 1 /data/busco_downloads/lineages/saccharomycetaceae_odb12/hmms/32206at4893.hmm outputs/busco_output/run_saccharomycetaceae_odb12/miniprot_output/translated_proteins/32206at4893.faa
2026-09-24 16:32:01 DEBUG:busco.busco_tools.Toolset	cmd call: hmmsearch --domtblout outputs/busco_output/run_saccharomycetaceae_odb12/hmmer_output/31053at4893.out --cpu 1 /data/busco_downloads/lineages/saccharomycetaceae_odb12/hmms/31053at4893.hmm outputs/busco_output/run_saccharomycetaceae_odb12/miniprot_output/translated_proteins/31053at4893.faa
2026-09-24 16:32:01 DEBUG:busco.busco_tools.Toolset	cmd call: hmmsearch --domtblout outputs/busco_output/run_saccharomycetaceae_odb12/hmmer_output/24143at4893.out --cpu 1 /data/busco_downloads/lineages/saccharomycetaceae_odb12/hmms/24143at4893.hmm outputs/busco_output/run_saccharomycetaceae_odb12/miniprot_output/translated_proteins/24143at4893.faa
2026-09-24 16:32:01 DEBUG:busco.busco_tools.Toolset	cmd call: hmmsearch --domtblout outputs/busco_output/run_saccharomycetaceae_odb12/hmmer_output/25290at4893.out --cpu 1 /data/busco_downloads/lineages/saccharomycetaceae_odb12/hmms/25290at4893.hmm outputs/busco_output/run_saccharomycetaceae_odb12/miniprot_output/translated_proteins/25290at4893.faa
2026-09-24 16:32:01 DEBUG:busco.busco_tools.Toolset	cmd call: hmmsearch --domtblout outputs/busco_output/run_saccharomycetaceae_odb12/hmmer_output/26533at4893.out --cpu 1 /data/busco_downloads/lineages/saccharomycetaceae_odb12/hmms/26533at4893.hmm outputs/busco_output/run_saccharomycetaceae_odb12/miniprot_output/translated_proteins/26533at4893.faa
2026-09-24 16:32:01 DEBUG:busco.busco_tools.Toolset	cmd call: hmmsearch --domtblout outputs/busco_output/run_saccharomycetaceae_odb12/hmmer_output/27677at4893.out --cpu 1 /data/busco_downloads/lineages/saccharomycetaceae_odb12/hmms/27677at4893.hmm outputs/busco_output/run_saccharomycetaceae_odb12/miniprot_output/translated_proteins/27677at4893.faa
2026-09-24 16:32:01 DEBUG:busco.busco_tools.Toolset	cmd call: hmmsearch --domtblout outputs/busco_output/run_saccharomycetaceae_odb12/hmmer_output/32221at4893.out --cpu 1 /data/busco_downloads/lineages/saccharomycetaceae_odb12/hmms/32221at4893.hmm outputs/busco_output/run_saccharomycetaceae_odb12/miniprot_output/translated_proteins/32221at4893.faa
2026-09-24 16:32:01 DEBUG:busco.busco_tools.Toolset	cmd call: hmmsearch --domtblout outputs/busco_output/run_saccharomycetaceae_odb12/hmmer_output/31054at4893.out --cpu 1 /data/busco_downloads/lineages/saccharomycetaceae_odb12/hmms/31054at4893.hmm outputs/busco_output/run_saccharomycetaceae_odb12/miniprot_output/translated_proteins/31054at4893.faa
2026-09-24 16:32:01 DEBUG:busco.busco_tools.Toolset	cmd call: hmmsearch --domtblout outputs/busco_output/run_saccharomycetaceae_odb12/hmmer_output/30023at4893.out --cpu 1 /data/busco_downloads/lineages/saccharomycetaceae_odb12/hmms/30023at4893.hmm outputs/busco_output/run_saccharomycetaceae_odb12/miniprot_output/translated_proteins/30023at4893.faa
2026-09-24 16:32:01 DEBUG:busco.busco_tools.Toolset	cmd call: hmmsearch --domtblout outputs/busco_output/run_saccharomycetaceae_odb12/hmmer_output/25377at4893.out --cpu 1 /data/busco_downloads/lineages/saccharomycetaceae_odb12/hmms/25377at4893.hmm outputs/busco_output/run_saccharomycetaceae_odb12/miniprot_output/translated_proteins/25377at4893.faa
2026-09-24 16:32:01 DEBUG:busco.busco_tools.Toolset	cmd call: hmmsearch --domtblout outputs/busco_output/run_saccharomycetaceae_odb12/hmmer_output/28838at4893.out --cpu 1 /data/busco_downloads/lineages/saccharomycetaceae_odb12/hmms/28838at4893.hmm outputs/busco_output/run_saccharomycetaceae_odb12/miniprot_output/translated_proteins/28838at4893.faa
2026-09-24 16:32:01 DEBUG:busco.busco_tools.Toolset	cmd call: hmmsearch --domtblout outputs/busco_output/run_saccharomycetaceae_odb12/hmmer_output/24145at4893.out --cpu 1 /data/busco_downloads/lineages/saccharomycetaceae_odb12/hmms/24145at4893.hmm outputs/busco_output/run_saccharomycetaceae_odb12/miniprot_output/translated_proteins/24145at4893.faa
2026-09-24 16:32:01 DEBUG:busco.busco_tools.Toolset	cmd call: hmmsearch --domtblout outputs/busco_output/run_saccharomycetaceae_odb12/hmmer_output/32239at4893.out --cpu 1 /data/busco_downloads/lineages/saccharomycetaceae_odb12/hmms/32239at4893.hmm outputs/busco_output/run_saccharomycetaceae_odb12/miniprot_output/translated_proteins/32239at4893.faa
2026-09-24 16:32:01 INFO:busco.busco_tools.Toolset	[hmmsearch]	639 of 2129 task(s) completed
2026-09-24 16:32:01 DEBUG:busco.busco_tools.Toolset	cmd call: hmmsearch --domtblout outputs/busco_output/run_saccharomycetaceae_odb12/hmmer_output/31055at4893.out --cpu 1 /data/busco_downloads/lineages/saccharomycetaceae_odb12/hmms/31055at4893.hmm outputs/busco_output/run_saccharomycetaceae_odb12/miniprot_output/translated_proteins/31055at4893.faa
2026-09-24 16:32:01 DEBUG:busco.busco_tools.Toolset	cmd call: hmmsearch --domtblout outputs/busco_output/run_saccharomycetaceae_odb12/hmmer_output/27679at4893.out --cpu 1 /data/busco_downloads/lineages/saccharomycetaceae_odb12/hmms/27679at4893.hmm outputs/busco_output/run_saccharomycetaceae_odb12/miniprot_output/translated_proteins/27679at4893.faa
2026-09-24 16:32:01 DEBUG:busco.busco_tools.Toolset	cmd call: hmmsearch --domtblout outputs/busco_output/run_saccharomycetaceae_odb12/hmmer_output/25412at4893.out --cpu 1 /data/busco_downloads/lineages/saccharomycetaceae_odb12/hmms/25412at4893.hmm outputs/busco_output/run_saccharomycetaceae_odb12/miniprot_output/translated_proteins/25412at4893.faa
2026-09-24 16:32:01 DEBUG:busco.busco_tools.Toolset	cmd call: hmmsearch --domtblout outputs/busco_output/run_saccharomycetaceae_odb12/hmmer_output/26547at4893.out --cpu 1 /data/busco_downloads/lineages/saccharomycetaceae_odb12/hmms/26547at4893.hmm outputs/busco_output/run_saccharomycetaceae_odb12/miniprot_output/translated_proteins/26547at4893.faa
2026-09-24 16:32:01 DEBUG:busco.busco_tools.Toolset	cmd call: hmmsearch --domtblout outputs/busco_output/run_saccharomycetaceae_odb12/hmmer_output/24148at4893.out --cpu 1 /data/busco_downloads/lineages/saccharomycetaceae_odb12/hmms/24148at4893.hmm outputs/busco_output/run_saccharomycetaceae_odb12/miniprot_output/translated_proteins/24148at4893.faa
2026-09-24 16:32:01 DEBUG:busco.busco_tools.Toolset	cmd call: hmmsearch --domtblout outputs/busco_output/run_saccharomycetaceae_odb12/hmmer_output/28843at4893.out --cpu 1 /data/busco_downloads/lineages/saccharomycetaceae_odb12/hmms/28843at4893.hmm outputs/busco_output/run_saccharomycetaceae_odb12/miniprot_output/translated_proteins/28843at4893.faa
2026-09-24 16:32:01 DEBUG:busco.busco_tools.Toolset	cmd call: hmmsearch --domtblout outputs/busco_output/run_saccharomycetaceae_odb12/hmmer_output/2768at4893.out --cpu 1 /data/busco_downloads/lineages/saccharomycetaceae_odb12/hmms/2768at4893.hmm outputs/busco_output/run_saccharomycetaceae_odb12/miniprot_output/translated_proteins/2768at4893.faa
2026-09-24 16:32:01 DEBUG:busco.busco_tools.Toolset	cmd call: hmmsearch --domtblout outputs/busco_output/run_saccharomycetaceae_odb12/hmmer_output/31057at4893.out --cpu 1 /data/busco_downloads/lineages/saccharomycetaceae_odb12/hmms/31057at4893.hmm outputs/busco_output/run_saccharomycetaceae_odb12/miniprot_output/translated_proteins/31057at4893.faa
2026-09-24 16:32:01 DEBUG:busco.busco_tools.Toolset	cmd call: hmmsearch --domtblout outputs/busco_output/run_saccharomycetaceae_odb12/hmmer_output/30037at4893.out --cpu 1 /data/busco_downloads/lineages/saccharomycetaceae_odb12/hmms/30037at4893.hmm outputs/busco_output/run_saccharomycetaceae_odb12/miniprot_output/translated_proteins/30037at4893.faa
2026-09-24 16:32:02 DEBUG:busco.busco_tools.Toolset	cmd call: hmmsearch --domtblout outputs/busco_output/run_saccharomycetaceae_odb12/hmmer_output/32271at4893.out --cpu 1 /data/busco_downloads/lineages/saccharomycetaceae_odb12/hmms/32271at4893.hmm outputs/busco_output/run_saccharomycetaceae_odb12/miniprot_output/translated_proteins/32271at4893.faa
2026-09-24 16:32:02 DEBUG:busco.busco_tools.Toolset	cmd call: hmmsearch --domtblout outputs/busco_output/run_saccharomycetaceae_odb12/hmmer_output/24150at4893.out --cpu 1 /data/busco_downloads/lineages/saccharomycetaceae_odb12/hmms/24150at4893.hmm outputs/busco_output/run_saccharomycetaceae_odb12/miniprot_output/translated_proteins/24150at4893.faa
2026-09-24 16:32:02 DEBUG:busco.busco_tools.Toolset	cmd call: hmmsearch --domtblout outputs/busco_output/run_saccharomycetaceae_odb12/hmmer_output/25430at4893.out --cpu 1 /data/busco_downloads/lineages/saccharomycetaceae_odb12/hmms/25430at4893.hmm outputs/busco_output/run_saccharomycetaceae_odb12/miniprot_output/translated_proteins/25430at4893.faa
2026-09-24 16:32:02 DEBUG:busco.busco_tools.Toolset	cmd call: hmmsearch --domtblout outputs/busco_output/run_saccharomycetaceae_odb12/hmmer_output/26570at4893.out --cpu 1 /data/busco_downloads/lineages/saccharomycetaceae_odb12/hmms/26570at4893.hmm outputs/busco_output/run_saccharomycetaceae_odb12/miniprot_output/translated_proteins/26570at4893.faa
2026-09-24 16:32:02 DEBUG:busco.busco_tools.Toolset	cmd call: hmmsearch --domtblout outputs/busco_output/run_saccharomycetaceae_odb12/hmmer_output/31064at4893.out --cpu 1 /data/busco_downloads/lineages/saccharomycetaceae_odb12/hmms/31064at4893.hmm outputs/busco_output/run_saccharomycetaceae_odb12/miniprot_output/translated_proteins/31064at4893.faa
2026-09-24 16:32:02 DEBUG:busco.busco_tools.Toolset	cmd call: hmmsearch --domtblout outputs/busco_output/run_saccharomycetaceae_odb12/hmmer_output/30045at4893.out --cpu 1 /data/busco_downloads/lineages/saccharomycetaceae_odb12/hmms/30045at4893.hmm outputs/busco_output/run_saccharomycetaceae_odb12/miniprot_output/translated_proteins/30045at4893.faa
2026-09-24 16:32:02 DEBUG:busco.busco_tools.Toolset	cmd call: hmmsearch --domtblout outputs/busco_output/run_saccharomycetaceae_odb12/hmmer_output/27693at4893.out --cpu 1 /data/busco_downloads/lineages/saccharomycetaceae_odb12/hmms/27693at4893.hmm outputs/busco_output/run_saccharomycetaceae_odb12/miniprot_output/translated_proteins/27693at4893.faa
2026-09-24 16:32:02 DEBUG:busco.busco_tools.Toolset	cmd call: hmmsearch --domtblout outputs/busco_output/run_saccharomycetaceae_odb12/hmmer_output/28897at4893.out --cpu 1 /data/busco_downloads/lineages/saccharomycetaceae_odb12/hmms/28897at4893.hmm outputs/busco_output/run_saccharomycetaceae_odb12/miniprot_output/translated_proteins/28897at4893.faa
2026-09-24 16:32:02 DEBUG:busco.busco_tools.Toolset	cmd call: hmmsearch --domtblout outputs/busco_output/run_saccharomycetaceae_odb12/hmmer_output/32285at4893.out --cpu 1 /data/busco_downloads/lineages/saccharomycetaceae_odb12/hmms/32285at4893.hmm outputs/busco_output/run_saccharomycetaceae_odb12/miniprot_output/translated_proteins/32285at4893.faa
2026-09-24 16:32:02 DEBUG:busco.busco_tools.Toolset	cmd call: hmmsearch --domtblout outputs/busco_output/run_saccharomycetaceae_odb12/hmmer_output/25445at4893.out --cpu 1 /data/busco_downloads/lineages/saccharomycetaceae_odb12/hmms/25445at4893.hmm outputs/busco_output/run_saccharomycetaceae_odb12/miniprot_output/translated_proteins/25445at4893.faa
2026-09-24 16:32:02 DEBUG:busco.busco_tools.Toolset	cmd call: hmmsearch --domtblout outputs/busco_output/run_saccharomycetaceae_odb12/hmmer_output/31085at4893.out --cpu 1 /data/busco_downloads/lineages/saccharomycetaceae_odb12/hmms/31085at4893.hmm outputs/busco_output/run_saccharomycetaceae_odb12/miniprot_output/translated_proteins/31085at4893.faa
2026-09-24 16:32:02 DEBUG:busco.busco_tools.Toolset	cmd call: hmmsearch --domtblout outputs/busco_output/run_saccharomycetaceae_odb12/hmmer_output/30049at4893.out --cpu 1 /data/busco_downloads/lineages/saccharomycetaceae_odb12/hmms/30049at4893.hmm outputs/busco_output/run_saccharomycetaceae_odb12/miniprot_output/translated_proteins/30049at4893.faa
2026-09-24 16:32:02 DEBUG:busco.busco_tools.Toolset	cmd call: hmmsearch --domtblout outputs/busco_output/run_saccharomycetaceae_odb12/hmmer_output/24161at4893.out --cpu 1 /data/busco_downloads/lineages/saccharomycetaceae_odb12/hmms/24161at4893.hmm outputs/busco_output/run_saccharomycetaceae_odb12/miniprot_output/translated_proteins/24161at4893.faa
2026-09-24 16:32:02 DEBUG:busco.busco_tools.Toolset	cmd call: hmmsearch --domtblout outputs/busco_output/run_saccharomycetaceae_odb12/hmmer_output/26579at4893.out --cpu 1 /data/busco_downloads/lineages/saccharomycetaceae_odb12/hmms/26579at4893.hmm outputs/busco_output/run_saccharomycetaceae_odb12/miniprot_output/translated_proteins/26579at4893.faa
2026-09-24 16:32:02 DEBUG:busco.busco_tools.Toolset	cmd call: hmmsearch --domtblout outputs/busco_output/run_saccharomycetaceae_odb12/hmmer_output/2769at4893.out --cpu 1 /data/busco_downloads/lineages/saccharomycetaceae_odb12/hmms/2769at4893.hmm outputs/busco_output/run_saccharomycetaceae_odb12/miniprot_output/translated_proteins/2769at4893.faa
2026-09-24 16:32:02 DEBUG:busco.busco_tools.Toolset	cmd call: hmmsearch --domtblout outputs/busco_output/run_saccharomycetaceae_odb12/hmmer_output/32318at4893.out --cpu 1 /data/busco_downloads/lineages/saccharomycetaceae_odb12/hmms/32318at4893.hmm outputs/busco_output/run_saccharomycetaceae_odb12/miniprot_output/translated_proteins/32318at4893.faa
2026-09-24 16:32:02 DEBUG:busco.busco_tools.Toolset	cmd call: hmmsearch --domtblout outputs/busco_output/run_saccharomycetaceae_odb12/hmmer_output/25481at4893.out --cpu 1 /data/busco_downloads/lineages/saccharomycetaceae_odb12/hmms/25481at4893.hmm outputs/busco_output/run_saccharomycetaceae_odb12/miniprot_output/translated_proteins/25481at4893.faa
2026-09-24 16:32:02 DEBUG:busco.busco_tools.Toolset	cmd call: hmmsearch --domtblout outputs/busco_output/run_saccharomycetaceae_odb12/hmmer_output/31102at4893.out --cpu 1 /data/busco_downloads/lineages/saccharomycetaceae_odb12/hmms/31102at4893.hmm outputs/busco_output/run_saccharomycetaceae_odb12/miniprot_output/translated_proteins/31102at4893.faa
2026-09-24 16:32:02 DEBUG:busco.busco_tools.Toolset	cmd call: hmmsearch --domtblout outputs/busco_output/run_saccharomycetaceae_odb12/hmmer_output/24167at4893.out --cpu 1 /data/busco_downloads/lineages/saccharomycetaceae_odb12/hmms/24167at4893.hmm outputs/busco_output/run_saccharomycetaceae_odb12/miniprot_output/translated_proteins/24167at4893.faa
2026-09-24 16:32:02 DEBUG:busco.busco_tools.Toolset	cmd call: hmmsearch --domtblout outputs/busco_output/run_saccharomycetaceae_odb12/hmmer_output/30054at4893.out --cpu 1 /data/busco_downloads/lineages/saccharomycetaceae_odb12/hmms/30054at4893.hmm outputs/busco_output/run_saccharomycetaceae_odb12/miniprot_output/translated_proteins/30054at4893.faa
2026-09-24 16:32:02 DEBUG:busco.busco_tools.Toolset	cmd call: hmmsearch --domtblout outputs/busco_output/run_saccharomycetaceae_odb12/hmmer_output/27701at4893.out --cpu 1 /data/busco_downloads/lineages/saccharomycetaceae_odb12/hmms/27701at4893.hmm outputs/busco_output/run_saccharomycetaceae_odb12/miniprot_output/translated_proteins/27701at4893.faa
2026-09-24 16:32:02 DEBUG:busco.busco_tools.Toolset	cmd call: hmmsearch --domtblout outputs/busco_output/run_saccharomycetaceae_odb12/hmmer_output/26648at4893.out --cpu 1 /data/busco_downloads/lineages/saccharomycetaceae_odb12/hmms/26648at4893.hmm outputs/busco_output/run_saccharomycetaceae_odb12/miniprot_output/translated_proteins/26648at4893.faa
2026-09-24 16:32:02 DEBUG:busco.busco_tools.Toolset	cmd call: hmmsearch --domtblout outputs/busco_output/run_saccharomycetaceae_odb12/hmmer_output/32355at4893.out --cpu 1 /data/busco_downloads/lineages/saccharomycetaceae_odb12/hmms/32355at4893.hmm outputs/busco_output/run_saccharomycetaceae_odb12/miniprot_output/translated_proteins/32355at4893.faa
2026-09-24 16:32:02 DEBUG:busco.busco_tools.Toolset	cmd call: hmmsearch --domtblout outputs/busco_output/run_saccharomycetaceae_odb12/hmmer_output/25491at4893.out --cpu 1 /data/busco_downloads/lineages/saccharomycetaceae_odb12/hmms/25491at4893.hmm outputs/busco_output/run_saccharomycetaceae_odb12/miniprot_output/translated_proteins/25491at4893.faa
2026-09-24 16:32:02 DEBUG:busco.busco_tools.Toolset	cmd call: hmmsearch --domtblout outputs/busco_output/run_saccharomycetaceae_odb12/hmmer_output/2416at4893.out --cpu 1 /data/busco_downloads/lineages/saccharomycetaceae_odb12/hmms/2416at4893.hmm outputs/busco_output/run_saccharomycetaceae_odb12/miniprot_output/translated_proteins/2416at4893.faa
2026-09-24 16:32:02 DEBUG:busco.busco_tools.Toolset	cmd call: hmmsearch --domtblout outputs/busco_output/run_saccharomycetaceae_odb12/hmmer_output/30062at4893.out --cpu 1 /data/busco_downloads/lineages/saccharomycetaceae_odb12/hmms/30062at4893.hmm outputs/busco_output/run_saccharomycetaceae_odb12/miniprot_output/translated_proteins/30062at4893.faa
2026-09-24 16:32:02 DEBUG:busco.busco_tools.Toolset	cmd call: hmmsearch --domtblout outputs/busco_output/run_saccharomycetaceae_odb12/hmmer_output/31152at4893.out --cpu 1 /data/busco_downloads/lineages/saccharomycetaceae_odb12/hmms/31152at4893.hmm outputs/busco_output/run_saccharomycetaceae_odb12/miniprot_output/translated_proteins/31152at4893.faa
2026-09-24 16:32:02 DEBUG:busco.busco_tools.Toolset	cmd call: hmmsearch --domtblout outputs/busco_output/run_saccharomycetaceae_odb12/hmmer_output/25496at4893.out --cpu 1 /data/busco_downloads/lineages/saccharomycetaceae_odb12/hmms/25496at4893.hmm outputs/busco_output/run_saccharomycetaceae_odb12/miniprot_output/translated_proteins/25496at4893.faa
2026-09-24 16:32:02 DEBUG:busco.busco_tools.Toolset	cmd call: hmmsearch --domtblout outputs/busco_output/run_saccharomycetaceae_odb12/hmmer_output/2668at4893.out --cpu 1 /data/busco_downloads/lineages/saccharomycetaceae_odb12/hmms/2668at4893.hmm outputs/busco_output/run_saccharomycetaceae_odb12/miniprot_output/translated_proteins/2668at4893.faa
2026-09-24 16:32:02 DEBUG:busco.busco_tools.Toolset	cmd call: hmmsearch --domtblout outputs/busco_output/run_saccharomycetaceae_odb12/hmmer_output/30080at4893.out --cpu 1 /data/busco_downloads/lineages/saccharomycetaceae_odb12/hmms/30080at4893.hmm outputs/busco_output/run_saccharomycetaceae_odb12/miniprot_output/translated_proteins/30080at4893.faa
2026-09-24 16:32:02 DEBUG:busco.busco_tools.Toolset	cmd call: hmmsearch --domtblout outputs/busco_output/run_saccharomycetaceae_odb12/hmmer_output/32370at4893.out --cpu 1 /data/busco_downloads/lineages/saccharomycetaceae_odb12/hmms/32370at4893.hmm outputs/busco_output/run_saccharomycetaceae_odb12/miniprot_output/translated_proteins/32370at4893.faa
2026-09-24 16:32:02 DEBUG:busco.busco_tools.Toolset	cmd call: hmmsearch --domtblout outputs/busco_output/run_saccharomycetaceae_odb12/hmmer_output/2773at4893.out --cpu 1 /data/busco_downloads/lineages/saccharomycetaceae_odb12/hmms/2773at4893.hmm outputs/busco_output/run_saccharomycetaceae_odb12/miniprot_output/translated_proteins/2773at4893.faa
2026-09-24 16:32:02 DEBUG:busco.busco_tools.Toolset	cmd call: hmmsearch --domtblout outputs/busco_output/run_saccharomycetaceae_odb12/hmmer_output/24205at4893.out --cpu 1 /data/busco_downloads/lineages/saccharomycetaceae_odb12/hmms/24205at4893.hmm outputs/busco_output/run_saccharomycetaceae_odb12/miniprot_output/translated_proteins/24205at4893.faa
2026-09-24 16:32:03 DEBUG:busco.busco_tools.Toolset	cmd call: hmmsearch --domtblout outputs/busco_output/run_saccharomycetaceae_odb12/hmmer_output/25501at4893.out --cpu 1 /data/busco_downloads/lineages/saccharomycetaceae_odb12/hmms/25501at4893.hmm outputs/busco_output/run_saccharomycetaceae_odb12/miniprot_output/translated_proteins/25501at4893.faa
2026-09-24 16:32:03 DEBUG:busco.busco_tools.Toolset	cmd call: hmmsearch --domtblout outputs/busco_output/run_saccharomycetaceae_odb12/hmmer_output/28909at4893.out --cpu 1 /data/busco_downloads/lineages/saccharomycetaceae_odb12/hmms/28909at4893.hmm outputs/busco_output/run_saccharomycetaceae_odb12/miniprot_output/translated_proteins/28909at4893.faa
2026-09-24 16:32:03 DEBUG:busco.busco_tools.Toolset	cmd call: hmmsearch --domtblout outputs/busco_output/run_saccharomycetaceae_odb12/hmmer_output/31182at4893.out --cpu 1 /data/busco_downloads/lineages/saccharomycetaceae_odb12/hmms/31182at4893.hmm outputs/busco_output/run_saccharomycetaceae_odb12/miniprot_output/translated_proteins/31182at4893.faa
2026-09-24 16:32:03 DEBUG:busco.busco_tools.Toolset	cmd call: hmmsearch --domtblout outputs/busco_output/run_saccharomycetaceae_odb12/hmmer_output/3008at4893.out --cpu 1 /data/busco_downloads/lineages/saccharomycetaceae_odb12/hmms/3008at4893.hmm outputs/busco_output/run_saccharomycetaceae_odb12/miniprot_output/translated_proteins/3008at4893.faa
2026-09-24 16:32:03 DEBUG:busco.busco_tools.Toolset	cmd call: hmmsearch --domtblout outputs/busco_output/run_saccharomycetaceae_odb12/hmmer_output/27798at4893.out --cpu 1 /data/busco_downloads/lineages/saccharomycetaceae_odb12/hmms/27798at4893.hmm outputs/busco_output/run_saccharomycetaceae_odb12/miniprot_output/translated_proteins/27798at4893.faa
2026-09-24 16:32:03 DEBUG:busco.busco_tools.Toolset	cmd call: hmmsearch --domtblout outputs/busco_output/run_saccharomycetaceae_odb12/hmmer_output/32382at4893.out --cpu 1 /data/busco_downloads/lineages/saccharomycetaceae_odb12/hmms/32382at4893.hmm outputs/busco_output/run_saccharomycetaceae_odb12/miniprot_output/translated_proteins/32382at4893.faa
2026-09-24 16:32:03 DEBUG:busco.busco_tools.Toolset	cmd call: hmmsearch --domtblout outputs/busco_output/run_saccharomycetaceae_odb12/hmmer_output/25503at4893.out --cpu 1 /data/busco_downloads/lineages/saccharomycetaceae_odb12/hmms/25503at4893.hmm outputs/busco_output/run_saccharomycetaceae_odb12/miniprot_output/translated_proteins/25503at4893.faa
2026-09-24 16:32:03 DEBUG:busco.busco_tools.Toolset	cmd call: hmmsearch --domtblout outputs/busco_output/run_saccharomycetaceae_odb12/hmmer_output/26716at4893.out --cpu 1 /data/busco_downloads/lineages/saccharomycetaceae_odb12/hmms/26716at4893.hmm outputs/busco_output/run_saccharomycetaceae_odb12/miniprot_output/translated_proteins/26716at4893.faa
2026-09-24 16:32:03 DEBUG:busco.busco_tools.Toolset	cmd call: hmmsearch --domtblout outputs/busco_output/run_saccharomycetaceae_odb12/hmmer_output/30103at4893.out --cpu 1 /data/busco_downloads/lineages/saccharomycetaceae_odb12/hmms/30103at4893.hmm outputs/busco_output/run_saccharomycetaceae_odb12/miniprot_output/translated_proteins/30103at4893.faa
2026-09-24 16:32:03 DEBUG:busco.busco_tools.Toolset	cmd call: hmmsearch --domtblout outputs/busco_output/run_saccharomycetaceae_odb12/hmmer_output/28918at4893.out --cpu 1 /data/busco_downloads/lineages/saccharomycetaceae_odb12/hmms/28918at4893.hmm outputs/busco_output/run_saccharomycetaceae_odb12/miniprot_output/translated_proteins/28918at4893.faa
2026-09-24 16:32:03 DEBUG:busco.busco_tools.Toolset	cmd call: hmmsearch --domtblout outputs/busco_output/run_saccharomycetaceae_odb12/hmmer_output/24215at4893.out --cpu 1 /data/busco_downloads/lineages/saccharomycetaceae_odb12/hmms/24215at4893.hmm outputs/busco_output/run_saccharomycetaceae_odb12/miniprot_output/translated_proteins/24215at4893.faa
2026-09-24 16:32:03 DEBUG:busco.busco_tools.Toolset	cmd call: hmmsearch --domtblout outputs/busco_output/run_saccharomycetaceae_odb12/hmmer_output/31185at4893.out --cpu 1 /data/busco_downloads/lineages/saccharomycetaceae_odb12/hmms/31185at4893.hmm outputs/busco_output/run_saccharomycetaceae_odb12/miniprot_output/translated_proteins/31185at4893.faa
2026-09-24 16:32:03 DEBUG:busco.busco_tools.Toolset	cmd call: hmmsearch --domtblout outputs/busco_output/run_saccharomycetaceae_odb12/hmmer_output/27820at4893.out --cpu 1 /data/busco_downloads/lineages/saccharomycetaceae_odb12/hmms/27820at4893.hmm outputs/busco_output/run_saccharomycetaceae_odb12/miniprot_output/translated_proteins/27820at4893.faa
2026-09-24 16:32:03 DEBUG:busco.busco_tools.Toolset	cmd call: hmmsearch --domtblout outputs/busco_output/run_saccharomycetaceae_odb12/hmmer_output/25521at4893.out --cpu 1 /data/busco_downloads/lineages/saccharomycetaceae_odb12/hmms/25521at4893.hmm outputs/busco_output/run_saccharomycetaceae_odb12/miniprot_output/translated_proteins/25521at4893.faa
2026-09-24 16:32:03 DEBUG:busco.busco_tools.Toolset	cmd call: hmmsearch --domtblout outputs/busco_output/run_saccharomycetaceae_odb12/hmmer_output/30130at4893.out --cpu 1 /data/busco_downloads/lineages/saccharomycetaceae_odb12/hmms/30130at4893.hmm outputs/busco_output/run_saccharomycetaceae_odb12/miniprot_output/translated_proteins/30130at4893.faa
2026-09-24 16:32:03 DEBUG:busco.busco_tools.Toolset	cmd call: hmmsearch --domtblout outputs/busco_output/run_saccharomycetaceae_odb12/hmmer_output/32384at4893.out --cpu 1 /data/busco_downloads/lineages/saccharomycetaceae_odb12/hmms/32384at4893.hmm outputs/busco_output/run_saccharomycetaceae_odb12/miniprot_output/translated_proteins/32384at4893.faa
2026-09-24 16:32:03 DEBUG:busco.busco_tools.Toolset	cmd call: hmmsearch --domtblout outputs/busco_output/run_saccharomycetaceae_odb12/hmmer_output/24218at4893.out --cpu 1 /data/busco_downloads/lineages/saccharomycetaceae_odb12/hmms/24218at4893.hmm outputs/busco_output/run_saccharomycetaceae_odb12/miniprot_output/translated_proteins/24218at4893.faa
2026-09-24 16:32:03 DEBUG:busco.busco_tools.Toolset	cmd call: hmmsearch --domtblout outputs/busco_output/run_saccharomycetaceae_odb12/hmmer_output/26726at4893.out --cpu 1 /data/busco_downloads/lineages/saccharomycetaceae_odb12/hmms/26726at4893.hmm outputs/busco_output/run_saccharomycetaceae_odb12/miniprot_output/translated_proteins/26726at4893.faa
2026-09-24 16:32:03 DEBUG:busco.busco_tools.Toolset	cmd call: hmmsearch --domtblout outputs/busco_output/run_saccharomycetaceae_odb12/hmmer_output/28931at4893.out --cpu 1 /data/busco_downloads/lineages/saccharomycetaceae_odb12/hmms/28931at4893.hmm outputs/busco_output/run_saccharomycetaceae_odb12/miniprot_output/translated_proteins/28931at4893.faa
2026-09-24 16:32:03 DEBUG:busco.busco_tools.Toolset	cmd call: hmmsearch --domtblout outputs/busco_output/run_saccharomycetaceae_odb12/hmmer_output/27846at4893.out --cpu 1 /data/busco_downloads/lineages/saccharomycetaceae_odb12/hmms/27846at4893.hmm outputs/busco_output/run_saccharomycetaceae_odb12/miniprot_output/translated_proteins/27846at4893.faa
2026-09-24 16:32:03 DEBUG:busco.busco_tools.Toolset	cmd call: hmmsearch --domtblout outputs/busco_output/run_saccharomycetaceae_odb12/hmmer_output/31201at4893.out --cpu 1 /data/busco_downloads/lineages/saccharomycetaceae_odb12/hmms/31201at4893.hmm outputs/busco_output/run_saccharomycetaceae_odb12/miniprot_output/translated_proteins/31201at4893.faa
2026-09-24 16:32:03 DEBUG:busco.busco_tools.Toolset	cmd call: hmmsearch --domtblout outputs/busco_output/run_saccharomycetaceae_odb12/hmmer_output/30149at4893.out --cpu 1 /data/busco_downloads/lineages/saccharomycetaceae_odb12/hmms/30149at4893.hmm outputs/busco_output/run_saccharomycetaceae_odb12/miniprot_output/translated_proteins/30149at4893.faa
2026-09-24 16:32:03 DEBUG:busco.busco_tools.Toolset	cmd call: hmmsearch --domtblout outputs/busco_output/run_saccharomycetaceae_odb12/hmmer_output/32394at4893.out --cpu 1 /data/busco_downloads/lineages/saccharomycetaceae_odb12/hmms/32394at4893.hmm outputs/busco_output/run_saccharomycetaceae_odb12/miniprot_output/translated_proteins/32394at4893.faa
2026-09-24 16:32:03 DEBUG:busco.busco_tools.Toolset	cmd call: hmmsearch --domtblout outputs/busco_output/run_saccharomycetaceae_odb12/hmmer_output/3121at4893.out --cpu 1 /data/busco_downloads/lineages/saccharomycetaceae_odb12/hmms/3121at4893.hmm outputs/busco_output/run_saccharomycetaceae_odb12/miniprot_output/translated_proteins/3121at4893.faa
2026-09-24 16:32:03 DEBUG:busco.busco_tools.Toolset	cmd call: hmmsearch --domtblout outputs/busco_output/run_saccharomycetaceae_odb12/hmmer_output/28937at4893.out --cpu 1 /data/busco_downloads/lineages/saccharomycetaceae_odb12/hmms/28937at4893.hmm outputs/busco_output/run_saccharomycetaceae_odb12/miniprot_output/translated_proteins/28937at4893.faa
2026-09-24 16:32:03 DEBUG:busco.busco_tools.Toolset	cmd call: hmmsearch --domtblout outputs/busco_output/run_saccharomycetaceae_odb12/hmmer_output/25576at4893.out --cpu 1 /data/busco_downloads/lineages/saccharomycetaceae_odb12/hmms/25576at4893.hmm outputs/busco_output/run_saccharomycetaceae_odb12/miniprot_output/translated_proteins/25576at4893.faa
2026-09-24 16:32:03 DEBUG:busco.busco_tools.Toolset	cmd call: hmmsearch --domtblout outputs/busco_output/run_saccharomycetaceae_odb12/hmmer_output/24244at4893.out --cpu 1 /data/busco_downloads/lineages/saccharomycetaceae_odb12/hmms/24244at4893.hmm outputs/busco_output/run_saccharomycetaceae_odb12/miniprot_output/translated_proteins/24244at4893.faa
2026-09-24 16:32:03 DEBUG:busco.busco_tools.Toolset	cmd call: hmmsearch --domtblout outputs/busco_output/run_saccharomycetaceae_odb12/hmmer_output/27915at4893.out --cpu 1 /data/busco_downloads/lineages/saccharomycetaceae_odb12/hmms/27915at4893.hmm outputs/busco_output/run_saccharomycetaceae_odb12/miniprot_output/translated_proteins/27915at4893.faa
2026-09-24 16:32:03 DEBUG:busco.busco_tools.Toolset	cmd call: hmmsearch --domtblout outputs/busco_output/run_saccharomycetaceae_odb12/hmmer_output/30163at4893.out --cpu 1 /data/busco_downloads/lineages/saccharomycetaceae_odb12/hmms/30163at4893.hmm outputs/busco_output/run_saccharomycetaceae_odb12/miniprot_output/translated_proteins/30163at4893.faa
2026-09-24 16:32:03 DEBUG:busco.busco_tools.Toolset	cmd call: hmmsearch --domtblout outputs/busco_output/run_saccharomycetaceae_odb12/hmmer_output/32406at4893.out --cpu 1 /data/busco_downloads/lineages/saccharomycetaceae_odb12/hmms/32406at4893.hmm outputs/busco_output/run_saccharomycetaceae_odb12/miniprot_output/translated_proteins/32406at4893.faa
2026-09-24 16:32:03 DEBUG:busco.busco_tools.Toolset	cmd call: hmmsearch --domtblout outputs/busco_output/run_saccharomycetaceae_odb12/hmmer_output/26736at4893.out --cpu 1 /data/busco_downloads/lineages/saccharomycetaceae_odb12/hmms/26736at4893.hmm outputs/busco_output/run_saccharomycetaceae_odb12/miniprot_output/translated_proteins/26736at4893.faa
2026-09-24 16:32:03 DEBUG:busco.busco_tools.Toolset	cmd call: hmmsearch --domtblout outputs/busco_output/run_saccharomycetaceae_odb12/hmmer_output/28942at4893.out --cpu 1 /data/busco_downloads/lineages/saccharomycetaceae_odb12/hmms/28942at4893.hmm outputs/busco_output/run_saccharomycetaceae_odb12/miniprot_output/translated_proteins/28942at4893.faa
2026-09-24 16:32:03 DEBUG:busco.busco_tools.Toolset	cmd call: hmmsearch --domtblout outputs/busco_output/run_saccharomycetaceae_odb12/hmmer_output/31260at4893.out --cpu 1 /data/busco_downloads/lineages/saccharomycetaceae_odb12/hmms/31260at4893.hmm outputs/busco_output/run_saccharomycetaceae_odb12/miniprot_output/translated_proteins/31260at4893.faa
2026-09-24 16:32:03 DEBUG:busco.busco_tools.Toolset	cmd call: hmmsearch --domtblout outputs/busco_output/run_saccharomycetaceae_odb12/hmmer_output/2557at4893.out --cpu 1 /data/busco_downloads/lineages/saccharomycetaceae_odb12/hmms/2557at4893.hmm outputs/busco_output/run_saccharomycetaceae_odb12/miniprot_output/translated_proteins/2557at4893.faa
2026-09-24 16:32:03 DEBUG:busco.busco_tools.Toolset	cmd call: hmmsearch --domtblout outputs/busco_output/run_saccharomycetaceae_odb12/hmmer_output/30168at4893.out --cpu 1 /data/busco_downloads/lineages/saccharomycetaceae_odb12/hmms/30168at4893.hmm outputs/busco_output/run_saccharomycetaceae_odb12/miniprot_output/translated_proteins/30168at4893.faa
2026-09-24 16:32:03 DEBUG:busco.busco_tools.Toolset	cmd call: hmmsearch --domtblout outputs/busco_output/run_saccharomycetaceae_odb12/hmmer_output/27923at4893.out --cpu 1 /data/busco_downloads/lineages/saccharomycetaceae_odb12/hmms/27923at4893.hmm outputs/busco_output/run_saccharomycetaceae_odb12/miniprot_output/translated_proteins/27923at4893.faa
2026-09-24 16:32:03 DEBUG:busco.busco_tools.Toolset	cmd call: hmmsearch --domtblout outputs/busco_output/run_saccharomycetaceae_odb12/hmmer_output/3240at4893.out --cpu 1 /data/busco_downloads/lineages/saccharomycetaceae_odb12/hmms/3240at4893.hmm outputs/busco_output/run_saccharomycetaceae_odb12/miniprot_output/translated_proteins/3240at4893.faa
2026-09-24 16:32:03 DEBUG:busco.busco_tools.Toolset	cmd call: hmmsearch --domtblout outputs/busco_output/run_saccharomycetaceae_odb12/hmmer_output/24250at4893.out --cpu 1 /data/busco_downloads/lineages/saccharomycetaceae_odb12/hmms/24250at4893.hmm outputs/busco_output/run_saccharomycetaceae_odb12/miniprot_output/translated_proteins/24250at4893.faa
2026-09-24 16:32:03 DEBUG:busco.busco_tools.Toolset	cmd call: hmmsearch --domtblout outputs/busco_output/run_saccharomycetaceae_odb12/hmmer_output/28944at4893.out --cpu 1 /data/busco_downloads/lineages/saccharomycetaceae_odb12/hmms/28944at4893.hmm outputs/busco_output/run_saccharomycetaceae_odb12/miniprot_output/translated_proteins/28944at4893.faa
2026-09-24 16:32:03 DEBUG:busco.busco_tools.Toolset	cmd call: hmmsearch --domtblout outputs/busco_output/run_saccharomycetaceae_odb12/hmmer_output/31262at4893.out --cpu 1 /data/busco_downloads/lineages/saccharomycetaceae_odb12/hmms/31262at4893.hmm outputs/busco_output/run_saccharomycetaceae_odb12/miniprot_output/translated_proteins/31262at4893.faa
2026-09-24 16:32:03 DEBUG:busco.busco_tools.Toolset	cmd call: hmmsearch --domtblout outputs/busco_output/run_saccharomycetaceae_odb12/hmmer_output/26745at4893.out --cpu 1 /data/busco_downloads/lineages/saccharomycetaceae_odb12/hmms/26745at4893.hmm outputs/busco_output/run_saccharomycetaceae_odb12/miniprot_output/translated_proteins/26745at4893.faa
2026-09-24 16:32:03 DEBUG:busco.busco_tools.Toolset	cmd call: hmmsearch --domtblout outputs/busco_output/run_saccharomycetaceae_odb12/hmmer_output/30172at4893.out --cpu 1 /data/busco_downloads/lineages/saccharomycetaceae_odb12/hmms/30172at4893.hmm outputs/busco_output/run_saccharomycetaceae_odb12/miniprot_output/translated_proteins/30172at4893.faa
2026-09-24 16:32:03 DEBUG:busco.busco_tools.Toolset	cmd call: hmmsearch --domtblout outputs/busco_output/run_saccharomycetaceae_odb12/hmmer_output/25602at4893.out --cpu 1 /data/busco_downloads/lineages/saccharomycetaceae_odb12/hmms/25602at4893.hmm outputs/busco_output/run_saccharomycetaceae_odb12/miniprot_output/translated_proteins/25602at4893.faa
2026-09-24 16:32:04 DEBUG:busco.busco_tools.Toolset	cmd call: hmmsearch --domtblout outputs/busco_output/run_saccharomycetaceae_odb12/hmmer_output/24271at4893.out --cpu 1 /data/busco_downloads/lineages/saccharomycetaceae_odb12/hmms/24271at4893.hmm outputs/busco_output/run_saccharomycetaceae_odb12/miniprot_output/translated_proteins/24271at4893.faa
2026-09-24 16:32:04 DEBUG:busco.busco_tools.Toolset	cmd call: hmmsearch --domtblout outputs/busco_output/run_saccharomycetaceae_odb12/hmmer_output/27929at4893.out --cpu 1 /data/busco_downloads/lineages/saccharomycetaceae_odb12/hmms/27929at4893.hmm outputs/busco_output/run_saccharomycetaceae_odb12/miniprot_output/translated_proteins/27929at4893.faa
2026-09-24 16:32:04 DEBUG:busco.busco_tools.Toolset	cmd call: hmmsearch --domtblout outputs/busco_output/run_saccharomycetaceae_odb12/hmmer_output/32445at4893.out --cpu 1 /data/busco_downloads/lineages/saccharomycetaceae_odb12/hmms/32445at4893.hmm outputs/busco_output/run_saccharomycetaceae_odb12/miniprot_output/translated_proteins/32445at4893.faa
2026-09-24 16:32:04 DEBUG:busco.busco_tools.Toolset	cmd call: hmmsearch --domtblout outputs/busco_output/run_saccharomycetaceae_odb12/hmmer_output/28967at4893.out --cpu 1 /data/busco_downloads/lineages/saccharomycetaceae_odb12/hmms/28967at4893.hmm outputs/busco_output/run_saccharomycetaceae_odb12/miniprot_output/translated_proteins/28967at4893.faa
2026-09-24 16:32:04 DEBUG:busco.busco_tools.Toolset	cmd call: hmmsearch --domtblout outputs/busco_output/run_saccharomycetaceae_odb12/hmmer_output/2675at4893.out --cpu 1 /data/busco_downloads/lineages/saccharomycetaceae_odb12/hmms/2675at4893.hmm outputs/busco_output/run_saccharomycetaceae_odb12/miniprot_output/translated_proteins/2675at4893.faa
2026-09-24 16:32:04 DEBUG:busco.busco_tools.Toolset	cmd call: hmmsearch --domtblout outputs/busco_output/run_saccharomycetaceae_odb12/hmmer_output/31283at4893.out --cpu 1 /data/busco_downloads/lineages/saccharomycetaceae_odb12/hmms/31283at4893.hmm outputs/busco_output/run_saccharomycetaceae_odb12/miniprot_output/translated_proteins/31283at4893.faa
2026-09-24 16:32:04 DEBUG:busco.busco_tools.Toolset	cmd call: hmmsearch --domtblout outputs/busco_output/run_saccharomycetaceae_odb12/hmmer_output/25605at4893.out --cpu 1 /data/busco_downloads/lineages/saccharomycetaceae_odb12/hmms/25605at4893.hmm outputs/busco_output/run_saccharomycetaceae_odb12/miniprot_output/translated_proteins/25605at4893.faa
2026-09-24 16:32:04 DEBUG:busco.busco_tools.Toolset	cmd call: hmmsearch --domtblout outputs/busco_output/run_saccharomycetaceae_odb12/hmmer_output/24275at4893.out --cpu 1 /data/busco_downloads/lineages/saccharomycetaceae_odb12/hmms/24275at4893.hmm outputs/busco_output/run_saccharomycetaceae_odb12/miniprot_output/translated_proteins/24275at4893.faa
2026-09-24 16:32:04 DEBUG:busco.busco_tools.Toolset	cmd call: hmmsearch --domtblout outputs/busco_output/run_saccharomycetaceae_odb12/hmmer_output/30178at4893.out --cpu 1 /data/busco_downloads/lineages/saccharomycetaceae_odb12/hmms/30178at4893.hmm outputs/busco_output/run_saccharomycetaceae_odb12/miniprot_output/translated_proteins/30178at4893.faa
2026-09-24 16:32:04 DEBUG:busco.busco_tools.Toolset	cmd call: hmmsearch --domtblout outputs/busco_output/run_saccharomycetaceae_odb12/hmmer_output/27947at4893.out --cpu 1 /data/busco_downloads/lineages/saccharomycetaceae_odb12/hmms/27947at4893.hmm outputs/busco_output/run_saccharomycetaceae_odb12/miniprot_output/translated_proteins/27947at4893.faa
2026-09-24 16:32:04 DEBUG:busco.busco_tools.Toolset	cmd call: hmmsearch --domtblout outputs/busco_output/run_saccharomycetaceae_odb12/hmmer_output/32447at4893.out --cpu 1 /data/busco_downloads/lineages/saccharomycetaceae_odb12/hmms/32447at4893.hmm outputs/busco_output/run_saccharomycetaceae_odb12/miniprot_output/translated_proteins/32447at4893.faa
2026-09-24 16:32:04 DEBUG:busco.busco_tools.Toolset	cmd call: hmmsearch --domtblout outputs/busco_output/run_saccharomycetaceae_odb12/hmmer_output/28978at4893.out --cpu 1 /data/busco_downloads/lineages/saccharomycetaceae_odb12/hmms/28978at4893.hmm outputs/busco_output/run_saccharomycetaceae_odb12/miniprot_output/translated_proteins/28978at4893.faa
2026-09-24 16:32:04 DEBUG:busco.busco_tools.Toolset	cmd call: hmmsearch --domtblout outputs/busco_output/run_saccharomycetaceae_odb12/hmmer_output/24282at4893.out --cpu 1 /data/busco_downloads/lineages/saccharomycetaceae_odb12/hmms/24282at4893.hmm outputs/busco_output/run_saccharomycetaceae_odb12/miniprot_output/translated_proteins/24282at4893.faa
2026-09-24 16:32:04 DEBUG:busco.busco_tools.Toolset	cmd call: hmmsearch --domtblout outputs/busco_output/run_saccharomycetaceae_odb12/hmmer_output/25608at4893.out --cpu 1 /data/busco_downloads/lineages/saccharomycetaceae_odb12/hmms/25608at4893.hmm outputs/busco_output/run_saccharomycetaceae_odb12/miniprot_output/translated_proteins/25608at4893.faa
2026-09-24 16:32:04 DEBUG:busco.busco_tools.Toolset	cmd call: hmmsearch --domtblout outputs/busco_output/run_saccharomycetaceae_odb12/hmmer_output/30244at4893.out --cpu 1 /data/busco_downloads/lineages/saccharomycetaceae_odb12/hmms/30244at4893.hmm outputs/busco_output/run_saccharomycetaceae_odb12/miniprot_output/translated_proteins/30244at4893.faa
2026-09-24 16:32:04 DEBUG:busco.busco_tools.Toolset	cmd call: hmmsearch --domtblout outputs/busco_output/run_saccharomycetaceae_odb12/hmmer_output/31286at4893.out --cpu 1 /data/busco_downloads/lineages/saccharomycetaceae_odb12/hmms/31286at4893.hmm outputs/busco_output/run_saccharomycetaceae_odb12/miniprot_output/translated_proteins/31286at4893.faa
2026-09-24 16:32:04 DEBUG:busco.busco_tools.Toolset	cmd call: hmmsearch --domtblout outputs/busco_output/run_saccharomycetaceae_odb12/hmmer_output/32454at4893.out --cpu 1 /data/busco_downloads/lineages/saccharomycetaceae_odb12/hmms/32454at4893.hmm outputs/busco_output/run_saccharomycetaceae_odb12/miniprot_output/translated_proteins/32454at4893.faa
2026-09-24 16:32:04 DEBUG:busco.busco_tools.Toolset	cmd call: hmmsearch --domtblout outputs/busco_output/run_saccharomycetaceae_odb12/hmmer_output/27948at4893.out --cpu 1 /data/busco_downloads/lineages/saccharomycetaceae_odb12/hmms/27948at4893.hmm outputs/busco_output/run_saccharomycetaceae_odb12/miniprot_output/translated_proteins/27948at4893.faa
2026-09-24 16:32:04 DEBUG:busco.busco_tools.Toolset	cmd call: hmmsearch --domtblout outputs/busco_output/run_saccharomycetaceae_odb12/hmmer_output/2897at4893.out --cpu 1 /data/busco_downloads/lineages/saccharomycetaceae_odb12/hmms/2897at4893.hmm outputs/busco_output/run_saccharomycetaceae_odb12/miniprot_output/translated_proteins/2897at4893.faa
2026-09-24 16:32:04 DEBUG:busco.busco_tools.Toolset	cmd call: hmmsearch --domtblout outputs/busco_output/run_saccharomycetaceae_odb12/hmmer_output/25622at4893.out --cpu 1 /data/busco_downloads/lineages/saccharomycetaceae_odb12/hmms/25622at4893.hmm outputs/busco_output/run_saccharomycetaceae_odb12/miniprot_output/translated_proteins/25622at4893.faa
2026-09-24 16:32:04 DEBUG:busco.busco_tools.Toolset	cmd call: hmmsearch --domtblout outputs/busco_output/run_saccharomycetaceae_odb12/hmmer_output/24297at4893.out --cpu 1 /data/busco_downloads/lineages/saccharomycetaceae_odb12/hmms/24297at4893.hmm outputs/busco_output/run_saccharomycetaceae_odb12/miniprot_output/translated_proteins/24297at4893.faa
2026-09-24 16:32:04 DEBUG:busco.busco_tools.Toolset	cmd call: hmmsearch --domtblout outputs/busco_output/run_saccharomycetaceae_odb12/hmmer_output/32478at4893.out --cpu 1 /data/busco_downloads/lineages/saccharomycetaceae_odb12/hmms/32478at4893.hmm outputs/busco_output/run_saccharomycetaceae_odb12/miniprot_output/translated_proteins/32478at4893.faa
2026-09-24 16:32:04 DEBUG:busco.busco_tools.Toolset	cmd call: hmmsearch --domtblout outputs/busco_output/run_saccharomycetaceae_odb12/hmmer_output/26769at4893.out --cpu 1 /data/busco_downloads/lineages/saccharomycetaceae_odb12/hmms/26769at4893.hmm outputs/busco_output/run_saccharomycetaceae_odb12/miniprot_output/translated_proteins/26769at4893.faa
2026-09-24 16:32:04 DEBUG:busco.busco_tools.Toolset	cmd call: hmmsearch --domtblout outputs/busco_output/run_saccharomycetaceae_odb12/hmmer_output/30254at4893.out --cpu 1 /data/busco_downloads/lineages/saccharomycetaceae_odb12/hmms/30254at4893.hmm outputs/busco_output/run_saccharomycetaceae_odb12/miniprot_output/translated_proteins/30254at4893.faa
2026-09-24 16:32:04 DEBUG:busco.busco_tools.Toolset	cmd call: hmmsearch --domtblout outputs/busco_output/run_saccharomycetaceae_odb12/hmmer_output/31346at4893.out --cpu 1 /data/busco_downloads/lineages/saccharomycetaceae_odb12/hmms/31346at4893.hmm outputs/busco_output/run_saccharomycetaceae_odb12/miniprot_output/translated_proteins/31346at4893.faa
2026-09-24 16:32:04 DEBUG:busco.busco_tools.Toolset	cmd call: hmmsearch --domtblout outputs/busco_output/run_saccharomycetaceae_odb12/hmmer_output/27966at4893.out --cpu 1 /data/busco_downloads/lineages/saccharomycetaceae_odb12/hmms/27966at4893.hmm outputs/busco_output/run_saccharomycetaceae_odb12/miniprot_output/translated_proteins/27966at4893.faa
2026-09-24 16:32:04 DEBUG:busco.busco_tools.Toolset	cmd call: hmmsearch --domtblout outputs/busco_output/run_saccharomycetaceae_odb12/hmmer_output/28987at4893.out --cpu 1 /data/busco_downloads/lineages/saccharomycetaceae_odb12/hmms/28987at4893.hmm outputs/busco_output/run_saccharomycetaceae_odb12/miniprot_output/translated_proteins/28987at4893.faa
2026-09-24 16:32:04 DEBUG:busco.busco_tools.Toolset	cmd call: hmmsearch --domtblout outputs/busco_output/run_saccharomycetaceae_odb12/hmmer_output/24407at4893.out --cpu 1 /data/busco_downloads/lineages/saccharomycetaceae_odb12/hmms/24407at4893.hmm outputs/busco_output/run_saccharomycetaceae_odb12/miniprot_output/translated_proteins/24407at4893.faa
2026-09-24 16:32:04 DEBUG:busco.busco_tools.Toolset	cmd call: hmmsearch --domtblout outputs/busco_output/run_saccharomycetaceae_odb12/hmmer_output/26777at4893.out --cpu 1 /data/busco_downloads/lineages/saccharomycetaceae_odb12/hmms/26777at4893.hmm outputs/busco_output/run_saccharomycetaceae_odb12/miniprot_output/translated_proteins/26777at4893.faa
2026-09-24 16:32:04 DEBUG:busco.busco_tools.Toolset	cmd call: hmmsearch --domtblout outputs/busco_output/run_saccharomycetaceae_odb12/hmmer_output/32494at4893.out --cpu 1 /data/busco_downloads/lineages/saccharomycetaceae_odb12/hmms/32494at4893.hmm outputs/busco_output/run_saccharomycetaceae_odb12/miniprot_output/translated_proteins/32494at4893.faa
2026-09-24 16:32:04 DEBUG:busco.busco_tools.Toolset	cmd call: hmmsearch --domtblout outputs/busco_output/run_saccharomycetaceae_odb12/hmmer_output/25640at4893.out --cpu 1 /data/busco_downloads/lineages/saccharomycetaceae_odb12/hmms/25640at4893.hmm outputs/busco_output/run_saccharomycetaceae_odb12/miniprot_output/translated_proteins/25640at4893.faa
2026-09-24 16:32:04 DEBUG:busco.busco_tools.Toolset	cmd call: hmmsearch --domtblout outputs/busco_output/run_saccharomycetaceae_odb12/hmmer_output/27981at4893.out --cpu 1 /data/busco_downloads/lineages/saccharomycetaceae_odb12/hmms/27981at4893.hmm outputs/busco_output/run_saccharomycetaceae_odb12/miniprot_output/translated_proteins/27981at4893.faa
2026-09-24 16:32:04 DEBUG:busco.busco_tools.Toolset	cmd call: hmmsearch --domtblout outputs/busco_output/run_saccharomycetaceae_odb12/hmmer_output/30255at4893.out --cpu 1 /data/busco_downloads/lineages/saccharomycetaceae_odb12/hmms/30255at4893.hmm outputs/busco_output/run_saccharomycetaceae_odb12/miniprot_output/translated_proteins/30255at4893.faa
2026-09-24 16:32:04 DEBUG:busco.busco_tools.Toolset	cmd call: hmmsearch --domtblout outputs/busco_output/run_saccharomycetaceae_odb12/hmmer_output/31359at4893.out --cpu 1 /data/busco_downloads/lineages/saccharomycetaceae_odb12/hmms/31359at4893.hmm outputs/busco_output/run_saccharomycetaceae_odb12/miniprot_output/translated_proteins/31359at4893.faa
2026-09-24 16:32:04 DEBUG:busco.busco_tools.Toolset	cmd call: hmmsearch --domtblout outputs/busco_output/run_saccharomycetaceae_odb12/hmmer_output/29010at4893.out --cpu 1 /data/busco_downloads/lineages/saccharomycetaceae_odb12/hmms/29010at4893.hmm outputs/busco_output/run_saccharomycetaceae_odb12/miniprot_output/translated_proteins/29010at4893.faa
2026-09-24 16:32:04 DEBUG:busco.busco_tools.Toolset	cmd call: hmmsearch --domtblout outputs/busco_output/run_saccharomycetaceae_odb12/hmmer_output/26781at4893.out --cpu 1 /data/busco_downloads/lineages/saccharomycetaceae_odb12/hmms/26781at4893.hmm outputs/busco_output/run_saccharomycetaceae_odb12/miniprot_output/translated_proteins/26781at4893.faa
2026-09-24 16:32:04 DEBUG:busco.busco_tools.Toolset	cmd call: hmmsearch --domtblout outputs/busco_output/run_saccharomycetaceae_odb12/hmmer_output/32506at4893.out --cpu 1 /data/busco_downloads/lineages/saccharomycetaceae_odb12/hmms/32506at4893.hmm outputs/busco_output/run_saccharomycetaceae_odb12/miniprot_output/translated_proteins/32506at4893.faa
2026-09-24 16:32:04 DEBUG:busco.busco_tools.Toolset	cmd call: hmmsearch --domtblout outputs/busco_output/run_saccharomycetaceae_odb12/hmmer_output/27986at4893.out --cpu 1 /data/busco_downloads/lineages/saccharomycetaceae_odb12/hmms/27986at4893.hmm outputs/busco_output/run_saccharomycetaceae_odb12/miniprot_output/translated_proteins/27986at4893.faa
2026-09-24 16:32:04 DEBUG:busco.busco_tools.Toolset	cmd call: hmmsearch --domtblout outputs/busco_output/run_saccharomycetaceae_odb12/hmmer_output/24501at4893.out --cpu 1 /data/busco_downloads/lineages/saccharomycetaceae_odb12/hmms/24501at4893.hmm outputs/busco_output/run_saccharomycetaceae_odb12/miniprot_output/translated_proteins/24501at4893.faa
2026-09-24 16:32:05 DEBUG:busco.busco_tools.Toolset	cmd call: hmmsearch --domtblout outputs/busco_output/run_saccharomycetaceae_odb12/hmmer_output/30268at4893.out --cpu 1 /data/busco_downloads/lineages/saccharomycetaceae_odb12/hmms/30268at4893.hmm outputs/busco_output/run_saccharomycetaceae_odb12/miniprot_output/translated_proteins/30268at4893.faa
2026-09-24 16:32:05 DEBUG:busco.busco_tools.Toolset	cmd call: hmmsearch --domtblout outputs/busco_output/run_saccharomycetaceae_odb12/hmmer_output/29112at4893.out --cpu 1 /data/busco_downloads/lineages/saccharomycetaceae_odb12/hmms/29112at4893.hmm outputs/busco_output/run_saccharomycetaceae_odb12/miniprot_output/translated_proteins/29112at4893.faa
2026-09-24 16:32:05 DEBUG:busco.busco_tools.Toolset	cmd call: hmmsearch --domtblout outputs/busco_output/run_saccharomycetaceae_odb12/hmmer_output/25663at4893.out --cpu 1 /data/busco_downloads/lineages/saccharomycetaceae_odb12/hmms/25663at4893.hmm outputs/busco_output/run_saccharomycetaceae_odb12/miniprot_output/translated_proteins/25663at4893.faa
2026-09-24 16:32:05 DEBUG:busco.busco_tools.Toolset	cmd call: hmmsearch --domtblout outputs/busco_output/run_saccharomycetaceae_odb12/hmmer_output/31368at4893.out --cpu 1 /data/busco_downloads/lineages/saccharomycetaceae_odb12/hmms/31368at4893.hmm outputs/busco_output/run_saccharomycetaceae_odb12/miniprot_output/translated_proteins/31368at4893.faa
2026-09-24 16:32:05 DEBUG:busco.busco_tools.Toolset	cmd call: hmmsearch --domtblout outputs/busco_output/run_saccharomycetaceae_odb12/hmmer_output/32515at4893.out --cpu 1 /data/busco_downloads/lineages/saccharomycetaceae_odb12/hmms/32515at4893.hmm outputs/busco_output/run_saccharomycetaceae_odb12/miniprot_output/translated_proteins/32515at4893.faa
2026-09-24 16:32:05 DEBUG:busco.busco_tools.Toolset	cmd call: hmmsearch --domtblout outputs/busco_output/run_saccharomycetaceae_odb12/hmmer_output/24503at4893.out --cpu 1 /data/busco_downloads/lineages/saccharomycetaceae_odb12/hmms/24503at4893.hmm outputs/busco_output/run_saccharomycetaceae_odb12/miniprot_output/translated_proteins/24503at4893.faa
2026-09-24 16:32:05 DEBUG:busco.busco_tools.Toolset	cmd call: hmmsearch --domtblout outputs/busco_output/run_saccharomycetaceae_odb12/hmmer_output/28002at4893.out --cpu 1 /data/busco_downloads/lineages/saccharomycetaceae_odb12/hmms/28002at4893.hmm outputs/busco_output/run_saccharomycetaceae_odb12/miniprot_output/translated_proteins/28002at4893.faa
2026-09-24 16:32:05 DEBUG:busco.busco_tools.Toolset	cmd call: hmmsearch --domtblout outputs/busco_output/run_saccharomycetaceae_odb12/hmmer_output/26814at4893.out --cpu 1 /data/busco_downloads/lineages/saccharomycetaceae_odb12/hmms/26814at4893.hmm outputs/busco_output/run_saccharomycetaceae_odb12/miniprot_output/translated_proteins/26814at4893.faa
2026-09-24 16:32:05 DEBUG:busco.busco_tools.Toolset	cmd call: hmmsearch --domtblout outputs/busco_output/run_saccharomycetaceae_odb12/hmmer_output/25664at4893.out --cpu 1 /data/busco_downloads/lineages/saccharomycetaceae_odb12/hmms/25664at4893.hmm outputs/busco_output/run_saccharomycetaceae_odb12/miniprot_output/translated_proteins/25664at4893.faa
2026-09-24 16:32:05 DEBUG:busco.busco_tools.Toolset	cmd call: hmmsearch --domtblout outputs/busco_output/run_saccharomycetaceae_odb12/hmmer_output/29148at4893.out --cpu 1 /data/busco_downloads/lineages/saccharomycetaceae_odb12/hmms/29148at4893.hmm outputs/busco_output/run_saccharomycetaceae_odb12/miniprot_output/translated_proteins/29148at4893.faa
2026-09-24 16:32:05 DEBUG:busco.busco_tools.Toolset	cmd call: hmmsearch --domtblout outputs/busco_output/run_saccharomycetaceae_odb12/hmmer_output/3029at4893.out --cpu 1 /data/busco_downloads/lineages/saccharomycetaceae_odb12/hmms/3029at4893.hmm outputs/busco_output/run_saccharomycetaceae_odb12/miniprot_output/translated_proteins/3029at4893.faa
2026-09-24 16:32:05 DEBUG:busco.busco_tools.Toolset	cmd call: hmmsearch --domtblout outputs/busco_output/run_saccharomycetaceae_odb12/hmmer_output/31370at4893.out --cpu 1 /data/busco_downloads/lineages/saccharomycetaceae_odb12/hmms/31370at4893.hmm outputs/busco_output/run_saccharomycetaceae_odb12/miniprot_output/translated_proteins/31370at4893.faa
2026-09-24 16:32:05 DEBUG:busco.busco_tools.Toolset	cmd call: hmmsearch --domtblout outputs/busco_output/run_saccharomycetaceae_odb12/hmmer_output/32526at4893.out --cpu 1 /data/busco_downloads/lineages/saccharomycetaceae_odb12/hmms/32526at4893.hmm outputs/busco_output/run_saccharomycetaceae_odb12/miniprot_output/translated_proteins/32526at4893.faa
2026-09-24 16:32:05 DEBUG:busco.busco_tools.Toolset	cmd call: hmmsearch --domtblout outputs/busco_output/run_saccharomycetaceae_odb12/hmmer_output/2450at4893.out --cpu 1 /data/busco_downloads/lineages/saccharomycetaceae_odb12/hmms/2450at4893.hmm outputs/busco_output/run_saccharomycetaceae_odb12/miniprot_output/translated_proteins/2450at4893.faa
2026-09-24 16:32:05 DEBUG:busco.busco_tools.Toolset	cmd call: hmmsearch --domtblout outputs/busco_output/run_saccharomycetaceae_odb12/hmmer_output/25716at4893.out --cpu 1 /data/busco_downloads/lineages/saccharomycetaceae_odb12/hmms/25716at4893.hmm outputs/busco_output/run_saccharomycetaceae_odb12/miniprot_output/translated_proteins/25716at4893.faa
2026-09-24 16:32:05 DEBUG:busco.busco_tools.Toolset	cmd call: hmmsearch --domtblout outputs/busco_output/run_saccharomycetaceae_odb12/hmmer_output/28006at4893.out --cpu 1 /data/busco_downloads/lineages/saccharomycetaceae_odb12/hmms/28006at4893.hmm outputs/busco_output/run_saccharomycetaceae_odb12/miniprot_output/translated_proteins/28006at4893.faa
2026-09-24 16:32:05 DEBUG:busco.busco_tools.Toolset	cmd call: hmmsearch --domtblout outputs/busco_output/run_saccharomycetaceae_odb12/hmmer_output/26815at4893.out --cpu 1 /data/busco_downloads/lineages/saccharomycetaceae_odb12/hmms/26815at4893.hmm outputs/busco_output/run_saccharomycetaceae_odb12/miniprot_output/translated_proteins/26815at4893.faa
2026-09-24 16:32:05 DEBUG:busco.busco_tools.Toolset	cmd call: hmmsearch --domtblout outputs/busco_output/run_saccharomycetaceae_odb12/hmmer_output/29152at4893.out --cpu 1 /data/busco_downloads/lineages/saccharomycetaceae_odb12/hmms/29152at4893.hmm outputs/busco_output/run_saccharomycetaceae_odb12/miniprot_output/translated_proteins/29152at4893.faa
2026-09-24 16:32:05 DEBUG:busco.busco_tools.Toolset	cmd call: hmmsearch --domtblout outputs/busco_output/run_saccharomycetaceae_odb12/hmmer_output/31372at4893.out --cpu 1 /data/busco_downloads/lineages/saccharomycetaceae_odb12/hmms/31372at4893.hmm outputs/busco_output/run_saccharomycetaceae_odb12/miniprot_output/translated_proteins/31372at4893.faa
2026-09-24 16:32:05 DEBUG:busco.busco_tools.Toolset	cmd call: hmmsearch --domtblout outputs/busco_output/run_saccharomycetaceae_odb12/hmmer_output/3030at4893.out --cpu 1 /data/busco_downloads/lineages/saccharomycetaceae_odb12/hmms/3030at4893.hmm outputs/busco_output/run_saccharomycetaceae_odb12/miniprot_output/translated_proteins/3030at4893.faa
2026-09-24 16:32:05 DEBUG:busco.busco_tools.Toolset	cmd call: hmmsearch --domtblout outputs/busco_output/run_saccharomycetaceae_odb12/hmmer_output/26836at4893.out --cpu 1 /data/busco_downloads/lineages/saccharomycetaceae_odb12/hmms/26836at4893.hmm outputs/busco_output/run_saccharomycetaceae_odb12/miniprot_output/translated_proteins/26836at4893.faa
2026-09-24 16:32:05 DEBUG:busco.busco_tools.Toolset	cmd call: hmmsearch --domtblout outputs/busco_output/run_saccharomycetaceae_odb12/hmmer_output/24544at4893.out --cpu 1 /data/busco_downloads/lineages/saccharomycetaceae_odb12/hmms/24544at4893.hmm outputs/busco_output/run_saccharomycetaceae_odb12/miniprot_output/translated_proteins/24544at4893.faa
2026-09-24 16:32:05 DEBUG:busco.busco_tools.Toolset	cmd call: hmmsearch --domtblout outputs/busco_output/run_saccharomycetaceae_odb12/hmmer_output/25718at4893.out --cpu 1 /data/busco_downloads/lineages/saccharomycetaceae_odb12/hmms/25718at4893.hmm outputs/busco_output/run_saccharomycetaceae_odb12/miniprot_output/translated_proteins/25718at4893.faa
2026-09-24 16:32:05 DEBUG:busco.busco_tools.Toolset	cmd call: hmmsearch --domtblout outputs/busco_output/run_saccharomycetaceae_odb12/hmmer_output/32552at4893.out --cpu 1 /data/busco_downloads/lineages/saccharomycetaceae_odb12/hmms/32552at4893.hmm outputs/busco_output/run_saccharomycetaceae_odb12/miniprot_output/translated_proteins/32552at4893.faa
2026-09-24 16:32:05 DEBUG:busco.busco_tools.Toolset	cmd call: hmmsearch --domtblout outputs/busco_output/run_saccharomycetaceae_odb12/hmmer_output/28012at4893.out --cpu 1 /data/busco_downloads/lineages/saccharomycetaceae_odb12/hmms/28012at4893.hmm outputs/busco_output/run_saccharomycetaceae_odb12/miniprot_output/translated_proteins/28012at4893.faa
2026-09-24 16:32:05 DEBUG:busco.busco_tools.Toolset	cmd call: hmmsearch --domtblout outputs/busco_output/run_saccharomycetaceae_odb12/hmmer_output/29161at4893.out --cpu 1 /data/busco_downloads/lineages/saccharomycetaceae_odb12/hmms/29161at4893.hmm outputs/busco_output/run_saccharomycetaceae_odb12/miniprot_output/translated_proteins/29161at4893.faa
2026-09-24 16:32:05 DEBUG:busco.busco_tools.Toolset	cmd call: hmmsearch --domtblout outputs/busco_output/run_saccharomycetaceae_odb12/hmmer_output/31389at4893.out --cpu 1 /data/busco_downloads/lineages/saccharomycetaceae_odb12/hmms/31389at4893.hmm outputs/busco_output/run_saccharomycetaceae_odb12/miniprot_output/translated_proteins/31389at4893.faa
2026-09-24 16:32:05 DEBUG:busco.busco_tools.Toolset	cmd call: hmmsearch --domtblout outputs/busco_output/run_saccharomycetaceae_odb12/hmmer_output/30312at4893.out --cpu 1 /data/busco_downloads/lineages/saccharomycetaceae_odb12/hmms/30312at4893.hmm outputs/busco_output/run_saccharomycetaceae_odb12/miniprot_output/translated_proteins/30312at4893.faa
2026-09-24 16:32:05 DEBUG:busco.busco_tools.Toolset	cmd call: hmmsearch --domtblout outputs/busco_output/run_saccharomycetaceae_odb12/hmmer_output/32593at4893.out --cpu 1 /data/busco_downloads/lineages/saccharomycetaceae_odb12/hmms/32593at4893.hmm outputs/busco_output/run_saccharomycetaceae_odb12/miniprot_output/translated_proteins/32593at4893.faa
2026-09-24 16:32:05 DEBUG:busco.busco_tools.Toolset	cmd call: hmmsearch --domtblout outputs/busco_output/run_saccharomycetaceae_odb12/hmmer_output/25738at4893.out --cpu 1 /data/busco_downloads/lineages/saccharomycetaceae_odb12/hmms/25738at4893.hmm outputs/busco_output/run_saccharomycetaceae_odb12/miniprot_output/translated_proteins/25738at4893.faa
2026-09-24 16:32:05 DEBUG:busco.busco_tools.Toolset	cmd call: hmmsearch --domtblout outputs/busco_output/run_saccharomycetaceae_odb12/hmmer_output/24545at4893.out --cpu 1 /data/busco_downloads/lineages/saccharomycetaceae_odb12/hmms/24545at4893.hmm outputs/busco_output/run_saccharomycetaceae_odb12/miniprot_output/translated_proteins/24545at4893.faa
2026-09-24 16:32:05 DEBUG:busco.busco_tools.Toolset	cmd call: hmmsearch --domtblout outputs/busco_output/run_saccharomycetaceae_odb12/hmmer_output/26849at4893.out --cpu 1 /data/busco_downloads/lineages/saccharomycetaceae_odb12/hmms/26849at4893.hmm outputs/busco_output/run_saccharomycetaceae_odb12/miniprot_output/translated_proteins/26849at4893.faa
2026-09-24 16:32:05 DEBUG:busco.busco_tools.Toolset	cmd call: hmmsearch --domtblout outputs/busco_output/run_saccharomycetaceae_odb12/hmmer_output/28013at4893.out --cpu 1 /data/busco_downloads/lineages/saccharomycetaceae_odb12/hmms/28013at4893.hmm outputs/busco_output/run_saccharomycetaceae_odb12/miniprot_output/translated_proteins/28013at4893.faa
2026-09-24 16:32:05 DEBUG:busco.busco_tools.Toolset	cmd call: hmmsearch --domtblout outputs/busco_output/run_saccharomycetaceae_odb12/hmmer_output/29165at4893.out --cpu 1 /data/busco_downloads/lineages/saccharomycetaceae_odb12/hmms/29165at4893.hmm outputs/busco_output/run_saccharomycetaceae_odb12/miniprot_output/translated_proteins/29165at4893.faa
2026-09-24 16:32:05 DEBUG:busco.busco_tools.Toolset	cmd call: hmmsearch --domtblout outputs/busco_output/run_saccharomycetaceae_odb12/hmmer_output/31400at4893.out --cpu 1 /data/busco_downloads/lineages/saccharomycetaceae_odb12/hmms/31400at4893.hmm outputs/busco_output/run_saccharomycetaceae_odb12/miniprot_output/translated_proteins/31400at4893.faa
2026-09-24 16:32:05 DEBUG:busco.busco_tools.Toolset	cmd call: hmmsearch --domtblout outputs/busco_output/run_saccharomycetaceae_odb12/hmmer_output/32604at4893.out --cpu 1 /data/busco_downloads/lineages/saccharomycetaceae_odb12/hmms/32604at4893.hmm outputs/busco_output/run_saccharomycetaceae_odb12/miniprot_output/translated_proteins/32604at4893.faa
2026-09-24 16:32:05 DEBUG:busco.busco_tools.Toolset	cmd call: hmmsearch --domtblout outputs/busco_output/run_saccharomycetaceae_odb12/hmmer_output/28024at4893.out --cpu 1 /data/busco_downloads/lineages/saccharomycetaceae_odb12/hmms/28024at4893.hmm outputs/busco_output/run_saccharomycetaceae_odb12/miniprot_output/translated_proteins/28024at4893.faa
2026-09-24 16:32:05 DEBUG:busco.busco_tools.Toolset	cmd call: hmmsearch --domtblout outputs/busco_output/run_saccharomycetaceae_odb12/hmmer_output/24558at4893.out --cpu 1 /data/busco_downloads/lineages/saccharomycetaceae_odb12/hmms/24558at4893.hmm outputs/busco_output/run_saccharomycetaceae_odb12/miniprot_output/translated_proteins/24558at4893.faa
2026-09-24 16:32:05 DEBUG:busco.busco_tools.Toolset	cmd call: hmmsearch --domtblout outputs/busco_output/run_saccharomycetaceae_odb12/hmmer_output/29186at4893.out --cpu 1 /data/busco_downloads/lineages/saccharomycetaceae_odb12/hmms/29186at4893.hmm outputs/busco_output/run_saccharomycetaceae_odb12/miniprot_output/translated_proteins/29186at4893.faa
2026-09-24 16:32:05 DEBUG:busco.busco_tools.Toolset	cmd call: hmmsearch --domtblout outputs/busco_output/run_saccharomycetaceae_odb12/hmmer_output/30314at4893.out --cpu 1 /data/busco_downloads/lineages/saccharomycetaceae_odb12/hmms/30314at4893.hmm outputs/busco_output/run_saccharomycetaceae_odb12/miniprot_output/translated_proteins/30314at4893.faa
2026-09-24 16:32:05 DEBUG:busco.busco_tools.Toolset	cmd call: hmmsearch --domtblout outputs/busco_output/run_saccharomycetaceae_odb12/hmmer_output/25739at4893.out --cpu 1 /data/busco_downloads/lineages/saccharomycetaceae_odb12/hmms/25739at4893.hmm outputs/busco_output/run_saccharomycetaceae_odb12/miniprot_output/translated_proteins/25739at4893.faa
2026-09-24 16:32:05 DEBUG:busco.busco_tools.Toolset	cmd call: hmmsearch --domtblout outputs/busco_output/run_saccharomycetaceae_odb12/hmmer_output/26883at4893.out --cpu 1 /data/busco_downloads/lineages/saccharomycetaceae_odb12/hmms/26883at4893.hmm outputs/busco_output/run_saccharomycetaceae_odb12/miniprot_output/translated_proteins/26883at4893.faa
2026-09-24 16:32:06 DEBUG:busco.busco_tools.Toolset	cmd call: hmmsearch --domtblout outputs/busco_output/run_saccharomycetaceae_odb12/hmmer_output/28045at4893.out --cpu 1 /data/busco_downloads/lineages/saccharomycetaceae_odb12/hmms/28045at4893.hmm outputs/busco_output/run_saccharomycetaceae_odb12/miniprot_output/translated_proteins/28045at4893.faa
2026-09-24 16:32:06 DEBUG:busco.busco_tools.Toolset	cmd call: hmmsearch --domtblout outputs/busco_output/run_saccharomycetaceae_odb12/hmmer_output/32609at4893.out --cpu 1 /data/busco_downloads/lineages/saccharomycetaceae_odb12/hmms/32609at4893.hmm outputs/busco_output/run_saccharomycetaceae_odb12/miniprot_output/translated_proteins/32609at4893.faa
2026-09-24 16:32:06 DEBUG:busco.busco_tools.Toolset	cmd call: hmmsearch --domtblout outputs/busco_output/run_saccharomycetaceae_odb12/hmmer_output/24604at4893.out --cpu 1 /data/busco_downloads/lineages/saccharomycetaceae_odb12/hmms/24604at4893.hmm outputs/busco_output/run_saccharomycetaceae_odb12/miniprot_output/translated_proteins/24604at4893.faa
2026-09-24 16:32:06 DEBUG:busco.busco_tools.Toolset	cmd call: hmmsearch --domtblout outputs/busco_output/run_saccharomycetaceae_odb12/hmmer_output/31419at4893.out --cpu 1 /data/busco_downloads/lineages/saccharomycetaceae_odb12/hmms/31419at4893.hmm outputs/busco_output/run_saccharomycetaceae_odb12/miniprot_output/translated_proteins/31419at4893.faa
2026-09-24 16:32:06 DEBUG:busco.busco_tools.Toolset	cmd call: hmmsearch --domtblout outputs/busco_output/run_saccharomycetaceae_odb12/hmmer_output/29192at4893.out --cpu 1 /data/busco_downloads/lineages/saccharomycetaceae_odb12/hmms/29192at4893.hmm outputs/busco_output/run_saccharomycetaceae_odb12/miniprot_output/translated_proteins/29192at4893.faa
2026-09-24 16:32:06 DEBUG:busco.busco_tools.Toolset	cmd call: hmmsearch --domtblout outputs/busco_output/run_saccharomycetaceae_odb12/hmmer_output/30317at4893.out --cpu 1 /data/busco_downloads/lineages/saccharomycetaceae_odb12/hmms/30317at4893.hmm outputs/busco_output/run_saccharomycetaceae_odb12/miniprot_output/translated_proteins/30317at4893.faa
2026-09-24 16:32:06 DEBUG:busco.busco_tools.Toolset	cmd call: hmmsearch --domtblout outputs/busco_output/run_saccharomycetaceae_odb12/hmmer_output/2575at4893.out --cpu 1 /data/busco_downloads/lineages/saccharomycetaceae_odb12/hmms/2575at4893.hmm outputs/busco_output/run_saccharomycetaceae_odb12/miniprot_output/translated_proteins/2575at4893.faa
2026-09-24 16:32:06 DEBUG:busco.busco_tools.Toolset	cmd call: hmmsearch --domtblout outputs/busco_output/run_saccharomycetaceae_odb12/hmmer_output/26900at4893.out --cpu 1 /data/busco_downloads/lineages/saccharomycetaceae_odb12/hmms/26900at4893.hmm outputs/busco_output/run_saccharomycetaceae_odb12/miniprot_output/translated_proteins/26900at4893.faa
2026-09-24 16:32:06 DEBUG:busco.busco_tools.Toolset	cmd call: hmmsearch --domtblout outputs/busco_output/run_saccharomycetaceae_odb12/hmmer_output/24620at4893.out --cpu 1 /data/busco_downloads/lineages/saccharomycetaceae_odb12/hmms/24620at4893.hmm outputs/busco_output/run_saccharomycetaceae_odb12/miniprot_output/translated_proteins/24620at4893.faa
2026-09-24 16:32:06 DEBUG:busco.busco_tools.Toolset	cmd call: hmmsearch --domtblout outputs/busco_output/run_saccharomycetaceae_odb12/hmmer_output/2804at4893.out --cpu 1 /data/busco_downloads/lineages/saccharomycetaceae_odb12/hmms/2804at4893.hmm outputs/busco_output/run_saccharomycetaceae_odb12/miniprot_output/translated_proteins/2804at4893.faa
2026-09-24 16:32:06 DEBUG:busco.busco_tools.Toolset	cmd call: hmmsearch --domtblout outputs/busco_output/run_saccharomycetaceae_odb12/hmmer_output/32635at4893.out --cpu 1 /data/busco_downloads/lineages/saccharomycetaceae_odb12/hmms/32635at4893.hmm outputs/busco_output/run_saccharomycetaceae_odb12/miniprot_output/translated_proteins/32635at4893.faa
2026-09-24 16:32:06 DEBUG:busco.busco_tools.Toolset	cmd call: hmmsearch --domtblout outputs/busco_output/run_saccharomycetaceae_odb12/hmmer_output/29194at4893.out --cpu 1 /data/busco_downloads/lineages/saccharomycetaceae_odb12/hmms/29194at4893.hmm outputs/busco_output/run_saccharomycetaceae_odb12/miniprot_output/translated_proteins/29194at4893.faa
2026-09-24 16:32:06 DEBUG:busco.busco_tools.Toolset	cmd call: hmmsearch --domtblout outputs/busco_output/run_saccharomycetaceae_odb12/hmmer_output/31451at4893.out --cpu 1 /data/busco_downloads/lineages/saccharomycetaceae_odb12/hmms/31451at4893.hmm outputs/busco_output/run_saccharomycetaceae_odb12/miniprot_output/translated_proteins/31451at4893.faa
2026-09-24 16:32:06 DEBUG:busco.busco_tools.Toolset	cmd call: hmmsearch --domtblout outputs/busco_output/run_saccharomycetaceae_odb12/hmmer_output/30327at4893.out --cpu 1 /data/busco_downloads/lineages/saccharomycetaceae_odb12/hmms/30327at4893.hmm outputs/busco_output/run_saccharomycetaceae_odb12/miniprot_output/translated_proteins/30327at4893.faa
2026-09-24 16:32:06 DEBUG:busco.busco_tools.Toolset	cmd call: hmmsearch --domtblout outputs/busco_output/run_saccharomycetaceae_odb12/hmmer_output/24630at4893.out --cpu 1 /data/busco_downloads/lineages/saccharomycetaceae_odb12/hmms/24630at4893.hmm outputs/busco_output/run_saccharomycetaceae_odb12/miniprot_output/translated_proteins/24630at4893.faa
2026-09-24 16:32:06 DEBUG:busco.busco_tools.Toolset	cmd call: hmmsearch --domtblout outputs/busco_output/run_saccharomycetaceae_odb12/hmmer_output/26901at4893.out --cpu 1 /data/busco_downloads/lineages/saccharomycetaceae_odb12/hmms/26901at4893.hmm outputs/busco_output/run_saccharomycetaceae_odb12/miniprot_output/translated_proteins/26901at4893.faa
2026-09-24 16:32:06 DEBUG:busco.busco_tools.Toolset	cmd call: hmmsearch --domtblout outputs/busco_output/run_saccharomycetaceae_odb12/hmmer_output/25794at4893.out --cpu 1 /data/busco_downloads/lineages/saccharomycetaceae_odb12/hmms/25794at4893.hmm outputs/busco_output/run_saccharomycetaceae_odb12/miniprot_output/translated_proteins/25794at4893.faa
2026-09-24 16:32:06 DEBUG:busco.busco_tools.Toolset	cmd call: hmmsearch --domtblout outputs/busco_output/run_saccharomycetaceae_odb12/hmmer_output/28076at4893.out --cpu 1 /data/busco_downloads/lineages/saccharomycetaceae_odb12/hmms/28076at4893.hmm outputs/busco_output/run_saccharomycetaceae_odb12/miniprot_output/translated_proteins/28076at4893.faa
2026-09-24 16:32:06 DEBUG:busco.busco_tools.Toolset	cmd call: hmmsearch --domtblout outputs/busco_output/run_saccharomycetaceae_odb12/hmmer_output/32650at4893.out --cpu 1 /data/busco_downloads/lineages/saccharomycetaceae_odb12/hmms/32650at4893.hmm outputs/busco_output/run_saccharomycetaceae_odb12/miniprot_output/translated_proteins/32650at4893.faa
2026-09-24 16:32:06 DEBUG:busco.busco_tools.Toolset	cmd call: hmmsearch --domtblout outputs/busco_output/run_saccharomycetaceae_odb12/hmmer_output/29197at4893.out --cpu 1 /data/busco_downloads/lineages/saccharomycetaceae_odb12/hmms/29197at4893.hmm outputs/busco_output/run_saccharomycetaceae_odb12/miniprot_output/translated_proteins/29197at4893.faa
2026-09-24 16:32:06 DEBUG:busco.busco_tools.Toolset	cmd call: hmmsearch --domtblout outputs/busco_output/run_saccharomycetaceae_odb12/hmmer_output/31452at4893.out --cpu 1 /data/busco_downloads/lineages/saccharomycetaceae_odb12/hmms/31452at4893.hmm outputs/busco_output/run_saccharomycetaceae_odb12/miniprot_output/translated_proteins/31452at4893.faa
2026-09-24 16:32:06 DEBUG:busco.busco_tools.Toolset	cmd call: hmmsearch --domtblout outputs/busco_output/run_saccharomycetaceae_odb12/hmmer_output/26904at4893.out --cpu 1 /data/busco_downloads/lineages/saccharomycetaceae_odb12/hmms/26904at4893.hmm outputs/busco_output/run_saccharomycetaceae_odb12/miniprot_output/translated_proteins/26904at4893.faa
2026-09-24 16:32:06 DEBUG:busco.busco_tools.Toolset	cmd call: hmmsearch --domtblout outputs/busco_output/run_saccharomycetaceae_odb12/hmmer_output/24646at4893.out --cpu 1 /data/busco_downloads/lineages/saccharomycetaceae_odb12/hmms/24646at4893.hmm outputs/busco_output/run_saccharomycetaceae_odb12/miniprot_output/translated_proteins/24646at4893.faa
2026-09-24 16:32:06 DEBUG:busco.busco_tools.Toolset	cmd call: hmmsearch --domtblout outputs/busco_output/run_saccharomycetaceae_odb12/hmmer_output/30331at4893.out --cpu 1 /data/busco_downloads/lineages/saccharomycetaceae_odb12/hmms/30331at4893.hmm outputs/busco_output/run_saccharomycetaceae_odb12/miniprot_output/translated_proteins/30331at4893.faa
2026-09-24 16:32:06 DEBUG:busco.busco_tools.Toolset	cmd call: hmmsearch --domtblout outputs/busco_output/run_saccharomycetaceae_odb12/hmmer_output/32658at4893.out --cpu 1 /data/busco_downloads/lineages/saccharomycetaceae_odb12/hmms/32658at4893.hmm outputs/busco_output/run_saccharomycetaceae_odb12/miniprot_output/translated_proteins/32658at4893.faa
2026-09-24 16:32:06 DEBUG:busco.busco_tools.Toolset	cmd call: hmmsearch --domtblout outputs/busco_output/run_saccharomycetaceae_odb12/hmmer_output/29198at4893.out --cpu 1 /data/busco_downloads/lineages/saccharomycetaceae_odb12/hmms/29198at4893.hmm outputs/busco_output/run_saccharomycetaceae_odb12/miniprot_output/translated_proteins/29198at4893.faa
2026-09-24 16:32:06 DEBUG:busco.busco_tools.Toolset	cmd call: hmmsearch --domtblout outputs/busco_output/run_saccharomycetaceae_odb12/hmmer_output/28092at4893.out --cpu 1 /data/busco_downloads/lineages/saccharomycetaceae_odb12/hmms/28092at4893.hmm outputs/busco_output/run_saccharomycetaceae_odb12/miniprot_output/translated_proteins/28092at4893.faa
2026-09-24 16:32:06 DEBUG:busco.busco_tools.Toolset	cmd call: hmmsearch --domtblout outputs/busco_output/run_saccharomycetaceae_odb12/hmmer_output/25796at4893.out --cpu 1 /data/busco_downloads/lineages/saccharomycetaceae_odb12/hmms/25796at4893.hmm outputs/busco_output/run_saccharomycetaceae_odb12/miniprot_output/translated_proteins/25796at4893.faa
2026-09-24 16:32:06 DEBUG:busco.busco_tools.Toolset	cmd call: hmmsearch --domtblout outputs/busco_output/run_saccharomycetaceae_odb12/hmmer_output/31463at4893.out --cpu 1 /data/busco_downloads/lineages/saccharomycetaceae_odb12/hmms/31463at4893.hmm outputs/busco_output/run_saccharomycetaceae_odb12/miniprot_output/translated_proteins/31463at4893.faa
2026-09-24 16:32:06 DEBUG:busco.busco_tools.Toolset	cmd call: hmmsearch --domtblout outputs/busco_output/run_saccharomycetaceae_odb12/hmmer_output/26912at4893.out --cpu 1 /data/busco_downloads/lineages/saccharomycetaceae_odb12/hmms/26912at4893.hmm outputs/busco_output/run_saccharomycetaceae_odb12/miniprot_output/translated_proteins/26912at4893.faa
2026-09-24 16:32:06 DEBUG:busco.busco_tools.Toolset	cmd call: hmmsearch --domtblout outputs/busco_output/run_saccharomycetaceae_odb12/hmmer_output/25798at4893.out --cpu 1 /data/busco_downloads/lineages/saccharomycetaceae_odb12/hmms/25798at4893.hmm outputs/busco_output/run_saccharomycetaceae_odb12/miniprot_output/translated_proteins/25798at4893.faa
2026-09-24 16:32:06 DEBUG:busco.busco_tools.Toolset	cmd call: hmmsearch --domtblout outputs/busco_output/run_saccharomycetaceae_odb12/hmmer_output/29222at4893.out --cpu 1 /data/busco_downloads/lineages/saccharomycetaceae_odb12/hmms/29222at4893.hmm outputs/busco_output/run_saccharomycetaceae_odb12/miniprot_output/translated_proteins/29222at4893.faa
2026-09-24 16:32:06 DEBUG:busco.busco_tools.Toolset	cmd call: hmmsearch --domtblout outputs/busco_output/run_saccharomycetaceae_odb12/hmmer_output/3265at4893.out --cpu 1 /data/busco_downloads/lineages/saccharomycetaceae_odb12/hmms/3265at4893.hmm outputs/busco_output/run_saccharomycetaceae_odb12/miniprot_output/translated_proteins/3265at4893.faa
2026-09-24 16:32:06 DEBUG:busco.busco_tools.Toolset	cmd call: hmmsearch --domtblout outputs/busco_output/run_saccharomycetaceae_odb12/hmmer_output/24688at4893.out --cpu 1 /data/busco_downloads/lineages/saccharomycetaceae_odb12/hmms/24688at4893.hmm outputs/busco_output/run_saccharomycetaceae_odb12/miniprot_output/translated_proteins/24688at4893.faa
2026-09-24 16:32:06 DEBUG:busco.busco_tools.Toolset	cmd call: hmmsearch --domtblout outputs/busco_output/run_saccharomycetaceae_odb12/hmmer_output/30341at4893.out --cpu 1 /data/busco_downloads/lineages/saccharomycetaceae_odb12/hmms/30341at4893.hmm outputs/busco_output/run_saccharomycetaceae_odb12/miniprot_output/translated_proteins/30341at4893.faa
2026-09-24 16:32:06 DEBUG:busco.busco_tools.Toolset	cmd call: hmmsearch --domtblout outputs/busco_output/run_saccharomycetaceae_odb12/hmmer_output/3146at4893.out --cpu 1 /data/busco_downloads/lineages/saccharomycetaceae_odb12/hmms/3146at4893.hmm outputs/busco_output/run_saccharomycetaceae_odb12/miniprot_output/translated_proteins/3146at4893.faa
2026-09-24 16:32:06 DEBUG:busco.busco_tools.Toolset	cmd call: hmmsearch --domtblout outputs/busco_output/run_saccharomycetaceae_odb12/hmmer_output/28095at4893.out --cpu 1 /data/busco_downloads/lineages/saccharomycetaceae_odb12/hmms/28095at4893.hmm outputs/busco_output/run_saccharomycetaceae_odb12/miniprot_output/translated_proteins/28095at4893.faa
2026-09-24 16:32:06 DEBUG:busco.busco_tools.Toolset	cmd call: hmmsearch --domtblout outputs/busco_output/run_saccharomycetaceae_odb12/hmmer_output/26914at4893.out --cpu 1 /data/busco_downloads/lineages/saccharomycetaceae_odb12/hmms/26914at4893.hmm outputs/busco_output/run_saccharomycetaceae_odb12/miniprot_output/translated_proteins/26914at4893.faa
2026-09-24 16:32:06 DEBUG:busco.busco_tools.Toolset	cmd call: hmmsearch --domtblout outputs/busco_output/run_saccharomycetaceae_odb12/hmmer_output/32660at4893.out --cpu 1 /data/busco_downloads/lineages/saccharomycetaceae_odb12/hmms/32660at4893.hmm outputs/busco_output/run_saccharomycetaceae_odb12/miniprot_output/translated_proteins/32660at4893.faa
2026-09-24 16:32:06 DEBUG:busco.busco_tools.Toolset	cmd call: hmmsearch --domtblout outputs/busco_output/run_saccharomycetaceae_odb12/hmmer_output/2468at4893.out --cpu 1 /data/busco_downloads/lineages/saccharomycetaceae_odb12/hmms/2468at4893.hmm outputs/busco_output/run_saccharomycetaceae_odb12/miniprot_output/translated_proteins/2468at4893.faa
2026-09-24 16:32:06 DEBUG:busco.busco_tools.Toolset	cmd call: hmmsearch --domtblout outputs/busco_output/run_saccharomycetaceae_odb12/hmmer_output/28109at4893.out --cpu 1 /data/busco_downloads/lineages/saccharomycetaceae_odb12/hmms/28109at4893.hmm outputs/busco_output/run_saccharomycetaceae_odb12/miniprot_output/translated_proteins/28109at4893.faa
2026-09-24 16:32:06 DEBUG:busco.busco_tools.Toolset	cmd call: hmmsearch --domtblout outputs/busco_output/run_saccharomycetaceae_odb12/hmmer_output/30365at4893.out --cpu 1 /data/busco_downloads/lineages/saccharomycetaceae_odb12/hmms/30365at4893.hmm outputs/busco_output/run_saccharomycetaceae_odb12/miniprot_output/translated_proteins/30365at4893.faa
2026-09-24 16:32:06 DEBUG:busco.busco_tools.Toolset	cmd call: hmmsearch --domtblout outputs/busco_output/run_saccharomycetaceae_odb12/hmmer_output/25799at4893.out --cpu 1 /data/busco_downloads/lineages/saccharomycetaceae_odb12/hmms/25799at4893.hmm outputs/busco_output/run_saccharomycetaceae_odb12/miniprot_output/translated_proteins/25799at4893.faa
2026-09-24 16:32:06 DEBUG:busco.busco_tools.Toolset	cmd call: hmmsearch --domtblout outputs/busco_output/run_saccharomycetaceae_odb12/hmmer_output/31481at4893.out --cpu 1 /data/busco_downloads/lineages/saccharomycetaceae_odb12/hmms/31481at4893.hmm outputs/busco_output/run_saccharomycetaceae_odb12/miniprot_output/translated_proteins/31481at4893.faa
2026-09-24 16:32:06 DEBUG:busco.busco_tools.Toolset	cmd call: hmmsearch --domtblout outputs/busco_output/run_saccharomycetaceae_odb12/hmmer_output/29230at4893.out --cpu 1 /data/busco_downloads/lineages/saccharomycetaceae_odb12/hmms/29230at4893.hmm outputs/busco_output/run_saccharomycetaceae_odb12/miniprot_output/translated_proteins/29230at4893.faa
2026-09-24 16:32:06 DEBUG:busco.busco_tools.Toolset	cmd call: hmmsearch --domtblout outputs/busco_output/run_saccharomycetaceae_odb12/hmmer_output/2691at4893.out --cpu 1 /data/busco_downloads/lineages/saccharomycetaceae_odb12/hmms/2691at4893.hmm outputs/busco_output/run_saccharomycetaceae_odb12/miniprot_output/translated_proteins/2691at4893.faa
2026-09-24 16:32:07 DEBUG:busco.busco_tools.Toolset	cmd call: hmmsearch --domtblout outputs/busco_output/run_saccharomycetaceae_odb12/hmmer_output/28139at4893.out --cpu 1 /data/busco_downloads/lineages/saccharomycetaceae_odb12/hmms/28139at4893.hmm outputs/busco_output/run_saccharomycetaceae_odb12/miniprot_output/translated_proteins/28139at4893.faa
2026-09-24 16:32:07 DEBUG:busco.busco_tools.Toolset	cmd call: hmmsearch --domtblout outputs/busco_output/run_saccharomycetaceae_odb12/hmmer_output/25820at4893.out --cpu 1 /data/busco_downloads/lineages/saccharomycetaceae_odb12/hmms/25820at4893.hmm outputs/busco_output/run_saccharomycetaceae_odb12/miniprot_output/translated_proteins/25820at4893.faa
2026-09-24 16:32:07 INFO:busco.busco_tools.Toolset	[hmmsearch]	852 of 2129 task(s) completed
2026-09-24 16:32:07 DEBUG:busco.busco_tools.Toolset	cmd call: hmmsearch --domtblout outputs/busco_output/run_saccharomycetaceae_odb12/hmmer_output/32683at4893.out --cpu 1 /data/busco_downloads/lineages/saccharomycetaceae_odb12/hmms/32683at4893.hmm outputs/busco_output/run_saccharomycetaceae_odb12/miniprot_output/translated_proteins/32683at4893.faa
2026-09-24 16:32:07 DEBUG:busco.busco_tools.Toolset	cmd call: hmmsearch --domtblout outputs/busco_output/run_saccharomycetaceae_odb12/hmmer_output/24698at4893.out --cpu 1 /data/busco_downloads/lineages/saccharomycetaceae_odb12/hmms/24698at4893.hmm outputs/busco_output/run_saccharomycetaceae_odb12/miniprot_output/translated_proteins/24698at4893.faa
2026-09-24 16:32:07 DEBUG:busco.busco_tools.Toolset	cmd call: hmmsearch --domtblout outputs/busco_output/run_saccharomycetaceae_odb12/hmmer_output/30385at4893.out --cpu 1 /data/busco_downloads/lineages/saccharomycetaceae_odb12/hmms/30385at4893.hmm outputs/busco_output/run_saccharomycetaceae_odb12/miniprot_output/translated_proteins/30385at4893.faa
2026-09-24 16:32:07 DEBUG:busco.busco_tools.Toolset	cmd call: hmmsearch --domtblout outputs/busco_output/run_saccharomycetaceae_odb12/hmmer_output/29292at4893.out --cpu 1 /data/busco_downloads/lineages/saccharomycetaceae_odb12/hmms/29292at4893.hmm outputs/busco_output/run_saccharomycetaceae_odb12/miniprot_output/translated_proteins/29292at4893.faa
2026-09-24 16:32:07 DEBUG:busco.busco_tools.Toolset	cmd call: hmmsearch --domtblout outputs/busco_output/run_saccharomycetaceae_odb12/hmmer_output/26927at4893.out --cpu 1 /data/busco_downloads/lineages/saccharomycetaceae_odb12/hmms/26927at4893.hmm outputs/busco_output/run_saccharomycetaceae_odb12/miniprot_output/translated_proteins/26927at4893.faa
2026-09-24 16:32:07 DEBUG:busco.busco_tools.Toolset	cmd call: hmmsearch --domtblout outputs/busco_output/run_saccharomycetaceae_odb12/hmmer_output/31536at4893.out --cpu 1 /data/busco_downloads/lineages/saccharomycetaceae_odb12/hmms/31536at4893.hmm outputs/busco_output/run_saccharomycetaceae_odb12/miniprot_output/translated_proteins/31536at4893.faa
2026-09-24 16:32:07 DEBUG:busco.busco_tools.Toolset	cmd call: hmmsearch --domtblout outputs/busco_output/run_saccharomycetaceae_odb12/hmmer_output/24719at4893.out --cpu 1 /data/busco_downloads/lineages/saccharomycetaceae_odb12/hmms/24719at4893.hmm outputs/busco_output/run_saccharomycetaceae_odb12/miniprot_output/translated_proteins/24719at4893.faa
2026-09-24 16:32:07 DEBUG:busco.busco_tools.Toolset	cmd call: hmmsearch --domtblout outputs/busco_output/run_saccharomycetaceae_odb12/hmmer_output/3269at4893.out --cpu 1 /data/busco_downloads/lineages/saccharomycetaceae_odb12/hmms/3269at4893.hmm outputs/busco_output/run_saccharomycetaceae_odb12/miniprot_output/translated_proteins/3269at4893.faa
2026-09-24 16:32:07 DEBUG:busco.busco_tools.Toolset	cmd call: hmmsearch --domtblout outputs/busco_output/run_saccharomycetaceae_odb12/hmmer_output/25821at4893.out --cpu 1 /data/busco_downloads/lineages/saccharomycetaceae_odb12/hmms/25821at4893.hmm outputs/busco_output/run_saccharomycetaceae_odb12/miniprot_output/translated_proteins/25821at4893.faa
2026-09-24 16:32:07 DEBUG:busco.busco_tools.Toolset	cmd call: hmmsearch --domtblout outputs/busco_output/run_saccharomycetaceae_odb12/hmmer_output/30456at4893.out --cpu 1 /data/busco_downloads/lineages/saccharomycetaceae_odb12/hmms/30456at4893.hmm outputs/busco_output/run_saccharomycetaceae_odb12/miniprot_output/translated_proteins/30456at4893.faa
2026-09-24 16:32:07 DEBUG:busco.busco_tools.Toolset	cmd call: hmmsearch --domtblout outputs/busco_output/run_saccharomycetaceae_odb12/hmmer_output/269at4893.out --cpu 1 /data/busco_downloads/lineages/saccharomycetaceae_odb12/hmms/269at4893.hmm outputs/busco_output/run_saccharomycetaceae_odb12/miniprot_output/translated_proteins/269at4893.faa
2026-09-24 16:32:07 DEBUG:busco.busco_tools.Toolset	cmd call: hmmsearch --domtblout outputs/busco_output/run_saccharomycetaceae_odb12/hmmer_output/25899at4893.out --cpu 1 /data/busco_downloads/lineages/saccharomycetaceae_odb12/hmms/25899at4893.hmm outputs/busco_output/run_saccharomycetaceae_odb12/miniprot_output/translated_proteins/25899at4893.faa
2026-09-24 16:32:07 DEBUG:busco.busco_tools.Toolset	cmd call: hmmsearch --domtblout outputs/busco_output/run_saccharomycetaceae_odb12/hmmer_output/32720at4893.out --cpu 1 /data/busco_downloads/lineages/saccharomycetaceae_odb12/hmms/32720at4893.hmm outputs/busco_output/run_saccharomycetaceae_odb12/miniprot_output/translated_proteins/32720at4893.faa
2026-09-24 16:32:07 DEBUG:busco.busco_tools.Toolset	cmd call: hmmsearch --domtblout outputs/busco_output/run_saccharomycetaceae_odb12/hmmer_output/29318at4893.out --cpu 1 /data/busco_downloads/lineages/saccharomycetaceae_odb12/hmms/29318at4893.hmm outputs/busco_output/run_saccharomycetaceae_odb12/miniprot_output/translated_proteins/29318at4893.faa
2026-09-24 16:32:07 DEBUG:busco.busco_tools.Toolset	cmd call: hmmsearch --domtblout outputs/busco_output/run_saccharomycetaceae_odb12/hmmer_output/28165at4893.out --cpu 1 /data/busco_downloads/lineages/saccharomycetaceae_odb12/hmms/28165at4893.hmm outputs/busco_output/run_saccharomycetaceae_odb12/miniprot_output/translated_proteins/28165at4893.faa
2026-09-24 16:32:07 DEBUG:busco.busco_tools.Toolset	cmd call: hmmsearch --domtblout outputs/busco_output/run_saccharomycetaceae_odb12/hmmer_output/30534at4893.out --cpu 1 /data/busco_downloads/lineages/saccharomycetaceae_odb12/hmms/30534at4893.hmm outputs/busco_output/run_saccharomycetaceae_odb12/miniprot_output/translated_proteins/30534at4893.faa
2026-09-24 16:32:07 DEBUG:busco.busco_tools.Toolset	cmd call: hmmsearch --domtblout outputs/busco_output/run_saccharomycetaceae_odb12/hmmer_output/31548at4893.out --cpu 1 /data/busco_downloads/lineages/saccharomycetaceae_odb12/hmms/31548at4893.hmm outputs/busco_output/run_saccharomycetaceae_odb12/miniprot_output/translated_proteins/31548at4893.faa
2026-09-24 16:32:07 DEBUG:busco.busco_tools.Toolset	cmd call: hmmsearch --domtblout outputs/busco_output/run_saccharomycetaceae_odb12/hmmer_output/27010at4893.out --cpu 1 /data/busco_downloads/lineages/saccharomycetaceae_odb12/hmms/27010at4893.hmm outputs/busco_output/run_saccharomycetaceae_odb12/miniprot_output/translated_proteins/27010at4893.faa
2026-09-24 16:32:07 DEBUG:busco.busco_tools.Toolset	cmd call: hmmsearch --domtblout outputs/busco_output/run_saccharomycetaceae_odb12/hmmer_output/24766at4893.out --cpu 1 /data/busco_downloads/lineages/saccharomycetaceae_odb12/hmms/24766at4893.hmm outputs/busco_output/run_saccharomycetaceae_odb12/miniprot_output/translated_proteins/24766at4893.faa
2026-09-24 16:32:07 DEBUG:busco.busco_tools.Toolset	cmd call: hmmsearch --domtblout outputs/busco_output/run_saccharomycetaceae_odb12/hmmer_output/25906at4893.out --cpu 1 /data/busco_downloads/lineages/saccharomycetaceae_odb12/hmms/25906at4893.hmm outputs/busco_output/run_saccharomycetaceae_odb12/miniprot_output/translated_proteins/25906at4893.faa
2026-09-24 16:32:07 DEBUG:busco.busco_tools.Toolset	cmd call: hmmsearch --domtblout outputs/busco_output/run_saccharomycetaceae_odb12/hmmer_output/29338at4893.out --cpu 1 /data/busco_downloads/lineages/saccharomycetaceae_odb12/hmms/29338at4893.hmm outputs/busco_output/run_saccharomycetaceae_odb12/miniprot_output/translated_proteins/29338at4893.faa
2026-09-24 16:32:07 DEBUG:busco.busco_tools.Toolset	cmd call: hmmsearch --domtblout outputs/busco_output/run_saccharomycetaceae_odb12/hmmer_output/32725at4893.out --cpu 1 /data/busco_downloads/lineages/saccharomycetaceae_odb12/hmms/32725at4893.hmm outputs/busco_output/run_saccharomycetaceae_odb12/miniprot_output/translated_proteins/32725at4893.faa
2026-09-24 16:32:07 DEBUG:busco.busco_tools.Toolset	cmd call: hmmsearch --domtblout outputs/busco_output/run_saccharomycetaceae_odb12/hmmer_output/30537at4893.out --cpu 1 /data/busco_downloads/lineages/saccharomycetaceae_odb12/hmms/30537at4893.hmm outputs/busco_output/run_saccharomycetaceae_odb12/miniprot_output/translated_proteins/30537at4893.faa
2026-09-24 16:32:07 DEBUG:busco.busco_tools.Toolset	cmd call: hmmsearch --domtblout outputs/busco_output/run_saccharomycetaceae_odb12/hmmer_output/28169at4893.out --cpu 1 /data/busco_downloads/lineages/saccharomycetaceae_odb12/hmms/28169at4893.hmm outputs/busco_output/run_saccharomycetaceae_odb12/miniprot_output/translated_proteins/28169at4893.faa
2026-09-24 16:32:07 DEBUG:busco.busco_tools.Toolset	cmd call: hmmsearch --domtblout outputs/busco_output/run_saccharomycetaceae_odb12/hmmer_output/31602at4893.out --cpu 1 /data/busco_downloads/lineages/saccharomycetaceae_odb12/hmms/31602at4893.hmm outputs/busco_output/run_saccharomycetaceae_odb12/miniprot_output/translated_proteins/31602at4893.faa
2026-09-24 16:32:07 DEBUG:busco.busco_tools.Toolset	cmd call: hmmsearch --domtblout outputs/busco_output/run_saccharomycetaceae_odb12/hmmer_output/27064at4893.out --cpu 1 /data/busco_downloads/lineages/saccharomycetaceae_odb12/hmms/27064at4893.hmm outputs/busco_output/run_saccharomycetaceae_odb12/miniprot_output/translated_proteins/27064at4893.faa
2026-09-24 16:32:07 DEBUG:busco.busco_tools.Toolset	cmd call: hmmsearch --domtblout outputs/busco_output/run_saccharomycetaceae_odb12/hmmer_output/24779at4893.out --cpu 1 /data/busco_downloads/lineages/saccharomycetaceae_odb12/hmms/24779at4893.hmm outputs/busco_output/run_saccharomycetaceae_odb12/miniprot_output/translated_proteins/24779at4893.faa
2026-09-24 16:32:07 DEBUG:busco.busco_tools.Toolset	cmd call: hmmsearch --domtblout outputs/busco_output/run_saccharomycetaceae_odb12/hmmer_output/25918at4893.out --cpu 1 /data/busco_downloads/lineages/saccharomycetaceae_odb12/hmms/25918at4893.hmm outputs/busco_output/run_saccharomycetaceae_odb12/miniprot_output/translated_proteins/25918at4893.faa
2026-09-24 16:32:07 DEBUG:busco.busco_tools.Toolset	cmd call: hmmsearch --domtblout outputs/busco_output/run_saccharomycetaceae_odb12/hmmer_output/30555at4893.out --cpu 1 /data/busco_downloads/lineages/saccharomycetaceae_odb12/hmms/30555at4893.hmm outputs/busco_output/run_saccharomycetaceae_odb12/miniprot_output/translated_proteins/30555at4893.faa
2026-09-24 16:32:07 DEBUG:busco.busco_tools.Toolset	cmd call: hmmsearch --domtblout outputs/busco_output/run_saccharomycetaceae_odb12/hmmer_output/29375at4893.out --cpu 1 /data/busco_downloads/lineages/saccharomycetaceae_odb12/hmms/29375at4893.hmm outputs/busco_output/run_saccharomycetaceae_odb12/miniprot_output/translated_proteins/29375at4893.faa
2026-09-24 16:32:07 DEBUG:busco.busco_tools.Toolset	cmd call: hmmsearch --domtblout outputs/busco_output/run_saccharomycetaceae_odb12/hmmer_output/32774at4893.out --cpu 1 /data/busco_downloads/lineages/saccharomycetaceae_odb12/hmms/32774at4893.hmm outputs/busco_output/run_saccharomycetaceae_odb12/miniprot_output/translated_proteins/32774at4893.faa
2026-09-24 16:32:07 DEBUG:busco.busco_tools.Toolset	cmd call: hmmsearch --domtblout outputs/busco_output/run_saccharomycetaceae_odb12/hmmer_output/31644at4893.out --cpu 1 /data/busco_downloads/lineages/saccharomycetaceae_odb12/hmms/31644at4893.hmm outputs/busco_output/run_saccharomycetaceae_odb12/miniprot_output/translated_proteins/31644at4893.faa
2026-09-24 16:32:07 DEBUG:busco.busco_tools.Toolset	cmd call: hmmsearch --domtblout outputs/busco_output/run_saccharomycetaceae_odb12/hmmer_output/28191at4893.out --cpu 1 /data/busco_downloads/lineages/saccharomycetaceae_odb12/hmms/28191at4893.hmm outputs/busco_output/run_saccharomycetaceae_odb12/miniprot_output/translated_proteins/28191at4893.faa
2026-09-24 16:32:07 DEBUG:busco.busco_tools.Toolset	cmd call: hmmsearch --domtblout outputs/busco_output/run_saccharomycetaceae_odb12/hmmer_output/27071at4893.out --cpu 1 /data/busco_downloads/lineages/saccharomycetaceae_odb12/hmms/27071at4893.hmm outputs/busco_output/run_saccharomycetaceae_odb12/miniprot_output/translated_proteins/27071at4893.faa
2026-09-24 16:32:07 DEBUG:busco.busco_tools.Toolset	cmd call: hmmsearch --domtblout outputs/busco_output/run_saccharomycetaceae_odb12/hmmer_output/2477at4893.out --cpu 1 /data/busco_downloads/lineages/saccharomycetaceae_odb12/hmms/2477at4893.hmm outputs/busco_output/run_saccharomycetaceae_odb12/miniprot_output/translated_proteins/2477at4893.faa
2026-09-24 16:32:08 DEBUG:busco.busco_tools.Toolset	cmd call: hmmsearch --domtblout outputs/busco_output/run_saccharomycetaceae_odb12/hmmer_output/25933at4893.out --cpu 1 /data/busco_downloads/lineages/saccharomycetaceae_odb12/hmms/25933at4893.hmm outputs/busco_output/run_saccharomycetaceae_odb12/miniprot_output/translated_proteins/25933at4893.faa
2026-09-24 16:32:08 DEBUG:busco.busco_tools.Toolset	cmd call: hmmsearch --domtblout outputs/busco_output/run_saccharomycetaceae_odb12/hmmer_output/31651at4893.out --cpu 1 /data/busco_downloads/lineages/saccharomycetaceae_odb12/hmms/31651at4893.hmm outputs/busco_output/run_saccharomycetaceae_odb12/miniprot_output/translated_proteins/31651at4893.faa
2026-09-24 16:32:08 DEBUG:busco.busco_tools.Toolset	cmd call: hmmsearch --domtblout outputs/busco_output/run_saccharomycetaceae_odb12/hmmer_output/30561at4893.out --cpu 1 /data/busco_downloads/lineages/saccharomycetaceae_odb12/hmms/30561at4893.hmm outputs/busco_output/run_saccharomycetaceae_odb12/miniprot_output/translated_proteins/30561at4893.faa
2026-09-24 16:32:08 DEBUG:busco.busco_tools.Toolset	cmd call: hmmsearch --domtblout outputs/busco_output/run_saccharomycetaceae_odb12/hmmer_output/32793at4893.out --cpu 1 /data/busco_downloads/lineages/saccharomycetaceae_odb12/hmms/32793at4893.hmm outputs/busco_output/run_saccharomycetaceae_odb12/miniprot_output/translated_proteins/32793at4893.faa
2026-09-24 16:32:08 DEBUG:busco.busco_tools.Toolset	cmd call: hmmsearch --domtblout outputs/busco_output/run_saccharomycetaceae_odb12/hmmer_output/28203at4893.out --cpu 1 /data/busco_downloads/lineages/saccharomycetaceae_odb12/hmms/28203at4893.hmm outputs/busco_output/run_saccharomycetaceae_odb12/miniprot_output/translated_proteins/28203at4893.faa
2026-09-24 16:32:08 DEBUG:busco.busco_tools.Toolset	cmd call: hmmsearch --domtblout outputs/busco_output/run_saccharomycetaceae_odb12/hmmer_output/27076at4893.out --cpu 1 /data/busco_downloads/lineages/saccharomycetaceae_odb12/hmms/27076at4893.hmm outputs/busco_output/run_saccharomycetaceae_odb12/miniprot_output/translated_proteins/27076at4893.faa
2026-09-24 16:32:08 DEBUG:busco.busco_tools.Toolset	cmd call: hmmsearch --domtblout outputs/busco_output/run_saccharomycetaceae_odb12/hmmer_output/25957at4893.out --cpu 1 /data/busco_downloads/lineages/saccharomycetaceae_odb12/hmms/25957at4893.hmm outputs/busco_output/run_saccharomycetaceae_odb12/miniprot_output/translated_proteins/25957at4893.faa
2026-09-24 16:32:08 DEBUG:busco.busco_tools.Toolset	cmd call: hmmsearch --domtblout outputs/busco_output/run_saccharomycetaceae_odb12/hmmer_output/29382at4893.out --cpu 1 /data/busco_downloads/lineages/saccharomycetaceae_odb12/hmms/29382at4893.hmm outputs/busco_output/run_saccharomycetaceae_odb12/miniprot_output/translated_proteins/29382at4893.faa
2026-09-24 16:32:08 DEBUG:busco.busco_tools.Toolset	cmd call: hmmsearch --domtblout outputs/busco_output/run_saccharomycetaceae_odb12/hmmer_output/31671at4893.out --cpu 1 /data/busco_downloads/lineages/saccharomycetaceae_odb12/hmms/31671at4893.hmm outputs/busco_output/run_saccharomycetaceae_odb12/miniprot_output/translated_proteins/31671at4893.faa
2026-09-24 16:32:08 DEBUG:busco.busco_tools.Toolset	cmd call: hmmsearch --domtblout outputs/busco_output/run_saccharomycetaceae_odb12/hmmer_output/28225at4893.out --cpu 1 /data/busco_downloads/lineages/saccharomycetaceae_odb12/hmms/28225at4893.hmm outputs/busco_output/run_saccharomycetaceae_odb12/miniprot_output/translated_proteins/28225at4893.faa
2026-09-24 16:32:08 DEBUG:busco.busco_tools.Toolset	cmd call: hmmsearch --domtblout outputs/busco_output/run_saccharomycetaceae_odb12/hmmer_output/32817at4893.out --cpu 1 /data/busco_downloads/lineages/saccharomycetaceae_odb12/hmms/32817at4893.hmm outputs/busco_output/run_saccharomycetaceae_odb12/miniprot_output/translated_proteins/32817at4893.faa
2026-09-24 16:32:08 DEBUG:busco.busco_tools.Toolset	cmd call: hmmsearch --domtblout outputs/busco_output/run_saccharomycetaceae_odb12/hmmer_output/30564at4893.out --cpu 1 /data/busco_downloads/lineages/saccharomycetaceae_odb12/hmms/30564at4893.hmm outputs/busco_output/run_saccharomycetaceae_odb12/miniprot_output/translated_proteins/30564at4893.faa
2026-09-24 16:32:08 DEBUG:busco.busco_tools.Toolset	cmd call: hmmsearch --domtblout outputs/busco_output/run_saccharomycetaceae_odb12/hmmer_output/24806at4893.out --cpu 1 /data/busco_downloads/lineages/saccharomycetaceae_odb12/hmms/24806at4893.hmm outputs/busco_output/run_saccharomycetaceae_odb12/miniprot_output/translated_proteins/24806at4893.faa
2026-09-24 16:32:08 DEBUG:busco.busco_tools.Toolset	cmd call: hmmsearch --domtblout outputs/busco_output/run_saccharomycetaceae_odb12/hmmer_output/29395at4893.out --cpu 1 /data/busco_downloads/lineages/saccharomycetaceae_odb12/hmms/29395at4893.hmm outputs/busco_output/run_saccharomycetaceae_odb12/miniprot_output/translated_proteins/29395at4893.faa
2026-09-24 16:32:08 DEBUG:busco.busco_tools.Toolset	cmd call: hmmsearch --domtblout outputs/busco_output/run_saccharomycetaceae_odb12/hmmer_output/27077at4893.out --cpu 1 /data/busco_downloads/lineages/saccharomycetaceae_odb12/hmms/27077at4893.hmm outputs/busco_output/run_saccharomycetaceae_odb12/miniprot_output/translated_proteins/27077at4893.faa
2026-09-24 16:32:08 DEBUG:busco.busco_tools.Toolset	cmd call: hmmsearch --domtblout outputs/busco_output/run_saccharomycetaceae_odb12/hmmer_output/2597at4893.out --cpu 1 /data/busco_downloads/lineages/saccharomycetaceae_odb12/hmms/2597at4893.hmm outputs/busco_output/run_saccharomycetaceae_odb12/miniprot_output/translated_proteins/2597at4893.faa
2026-09-24 16:32:08 DEBUG:busco.busco_tools.Toolset	cmd call: hmmsearch --domtblout outputs/busco_output/run_saccharomycetaceae_odb12/hmmer_output/32841at4893.out --cpu 1 /data/busco_downloads/lineages/saccharomycetaceae_odb12/hmms/32841at4893.hmm outputs/busco_output/run_saccharomycetaceae_odb12/miniprot_output/translated_proteins/32841at4893.faa
2026-09-24 16:32:08 DEBUG:busco.busco_tools.Toolset	cmd call: hmmsearch --domtblout outputs/busco_output/run_saccharomycetaceae_odb12/hmmer_output/31674at4893.out --cpu 1 /data/busco_downloads/lineages/saccharomycetaceae_odb12/hmms/31674at4893.hmm outputs/busco_output/run_saccharomycetaceae_odb12/miniprot_output/translated_proteins/31674at4893.faa
2026-09-24 16:32:08 DEBUG:busco.busco_tools.Toolset	cmd call: hmmsearch --domtblout outputs/busco_output/run_saccharomycetaceae_odb12/hmmer_output/30603at4893.out --cpu 1 /data/busco_downloads/lineages/saccharomycetaceae_odb12/hmms/30603at4893.hmm outputs/busco_output/run_saccharomycetaceae_odb12/miniprot_output/translated_proteins/30603at4893.faa
2026-09-24 16:32:08 DEBUG:busco.busco_tools.Toolset	cmd call: hmmsearch --domtblout outputs/busco_output/run_saccharomycetaceae_odb12/hmmer_output/28257at4893.out --cpu 1 /data/busco_downloads/lineages/saccharomycetaceae_odb12/hmms/28257at4893.hmm outputs/busco_output/run_saccharomycetaceae_odb12/miniprot_output/translated_proteins/28257at4893.faa
2026-09-24 16:32:08 DEBUG:busco.busco_tools.Toolset	cmd call: hmmsearch --domtblout outputs/busco_output/run_saccharomycetaceae_odb12/hmmer_output/24832at4893.out --cpu 1 /data/busco_downloads/lineages/saccharomycetaceae_odb12/hmms/24832at4893.hmm outputs/busco_output/run_saccharomycetaceae_odb12/miniprot_output/translated_proteins/24832at4893.faa
2026-09-24 16:32:08 DEBUG:busco.busco_tools.Toolset	cmd call: hmmsearch --domtblout outputs/busco_output/run_saccharomycetaceae_odb12/hmmer_output/27086at4893.out --cpu 1 /data/busco_downloads/lineages/saccharomycetaceae_odb12/hmms/27086at4893.hmm outputs/busco_output/run_saccharomycetaceae_odb12/miniprot_output/translated_proteins/27086at4893.faa
2026-09-24 16:32:08 DEBUG:busco.busco_tools.Toolset	cmd call: hmmsearch --domtblout outputs/busco_output/run_saccharomycetaceae_odb12/hmmer_output/25983at4893.out --cpu 1 /data/busco_downloads/lineages/saccharomycetaceae_odb12/hmms/25983at4893.hmm outputs/busco_output/run_saccharomycetaceae_odb12/miniprot_output/translated_proteins/25983at4893.faa
2026-09-24 16:32:08 DEBUG:busco.busco_tools.Toolset	cmd call: hmmsearch --domtblout outputs/busco_output/run_saccharomycetaceae_odb12/hmmer_output/29447at4893.out --cpu 1 /data/busco_downloads/lineages/saccharomycetaceae_odb12/hmms/29447at4893.hmm outputs/busco_output/run_saccharomycetaceae_odb12/miniprot_output/translated_proteins/29447at4893.faa
2026-09-24 16:32:08 DEBUG:busco.busco_tools.Toolset	cmd call: hmmsearch --domtblout outputs/busco_output/run_saccharomycetaceae_odb12/hmmer_output/24834at4893.out --cpu 1 /data/busco_downloads/lineages/saccharomycetaceae_odb12/hmms/24834at4893.hmm outputs/busco_output/run_saccharomycetaceae_odb12/miniprot_output/translated_proteins/24834at4893.faa
2026-09-24 16:32:08 DEBUG:busco.busco_tools.Toolset	cmd call: hmmsearch --domtblout outputs/busco_output/run_saccharomycetaceae_odb12/hmmer_output/30605at4893.out --cpu 1 /data/busco_downloads/lineages/saccharomycetaceae_odb12/hmms/30605at4893.hmm outputs/busco_output/run_saccharomycetaceae_odb12/miniprot_output/translated_proteins/30605at4893.faa
2026-09-24 16:32:08 DEBUG:busco.busco_tools.Toolset	cmd call: hmmsearch --domtblout outputs/busco_output/run_saccharomycetaceae_odb12/hmmer_output/32843at4893.out --cpu 1 /data/busco_downloads/lineages/saccharomycetaceae_odb12/hmms/32843at4893.hmm outputs/busco_output/run_saccharomycetaceae_odb12/miniprot_output/translated_proteins/32843at4893.faa
2026-09-24 16:32:08 DEBUG:busco.busco_tools.Toolset	cmd call: hmmsearch --domtblout outputs/busco_output/run_saccharomycetaceae_odb12/hmmer_output/28264at4893.out --cpu 1 /data/busco_downloads/lineages/saccharomycetaceae_odb12/hmms/28264at4893.hmm outputs/busco_output/run_saccharomycetaceae_odb12/miniprot_output/translated_proteins/28264at4893.faa
2026-09-24 16:32:08 DEBUG:busco.busco_tools.Toolset	cmd call: hmmsearch --domtblout outputs/busco_output/run_saccharomycetaceae_odb12/hmmer_output/31684at4893.out --cpu 1 /data/busco_downloads/lineages/saccharomycetaceae_odb12/hmms/31684at4893.hmm outputs/busco_output/run_saccharomycetaceae_odb12/miniprot_output/translated_proteins/31684at4893.faa
2026-09-24 16:32:08 DEBUG:busco.busco_tools.Toolset	cmd call: hmmsearch --domtblout outputs/busco_output/run_saccharomycetaceae_odb12/hmmer_output/25989at4893.out --cpu 1 /data/busco_downloads/lineages/saccharomycetaceae_odb12/hmms/25989at4893.hmm outputs/busco_output/run_saccharomycetaceae_odb12/miniprot_output/translated_proteins/25989at4893.faa
2026-09-24 16:32:08 DEBUG:busco.busco_tools.Toolset	cmd call: hmmsearch --domtblout outputs/busco_output/run_saccharomycetaceae_odb12/hmmer_output/27128at4893.out --cpu 1 /data/busco_downloads/lineages/saccharomycetaceae_odb12/hmms/27128at4893.hmm outputs/busco_output/run_saccharomycetaceae_odb12/miniprot_output/translated_proteins/27128at4893.faa
2026-09-24 16:32:08 DEBUG:busco.busco_tools.Toolset	cmd call: hmmsearch --domtblout outputs/busco_output/run_saccharomycetaceae_odb12/hmmer_output/30614at4893.out --cpu 1 /data/busco_downloads/lineages/saccharomycetaceae_odb12/hmms/30614at4893.hmm outputs/busco_output/run_saccharomycetaceae_odb12/miniprot_output/translated_proteins/30614at4893.faa
2026-09-24 16:32:08 DEBUG:busco.busco_tools.Toolset	cmd call: hmmsearch --domtblout outputs/busco_output/run_saccharomycetaceae_odb12/hmmer_output/28277at4893.out --cpu 1 /data/busco_downloads/lineages/saccharomycetaceae_odb12/hmms/28277at4893.hmm outputs/busco_output/run_saccharomycetaceae_odb12/miniprot_output/translated_proteins/28277at4893.faa
2026-09-24 16:32:08 DEBUG:busco.busco_tools.Toolset	cmd call: hmmsearch --domtblout outputs/busco_output/run_saccharomycetaceae_odb12/hmmer_output/29529at4893.out --cpu 1 /data/busco_downloads/lineages/saccharomycetaceae_odb12/hmms/29529at4893.hmm outputs/busco_output/run_saccharomycetaceae_odb12/miniprot_output/translated_proteins/29529at4893.faa
2026-09-24 16:32:08 DEBUG:busco.busco_tools.Toolset	cmd call: hmmsearch --domtblout outputs/busco_output/run_saccharomycetaceae_odb12/hmmer_output/32845at4893.out --cpu 1 /data/busco_downloads/lineages/saccharomycetaceae_odb12/hmms/32845at4893.hmm outputs/busco_output/run_saccharomycetaceae_odb12/miniprot_output/translated_proteins/32845at4893.faa
2026-09-24 16:32:08 DEBUG:busco.busco_tools.Toolset	cmd call: hmmsearch --domtblout outputs/busco_output/run_saccharomycetaceae_odb12/hmmer_output/26006at4893.out --cpu 1 /data/busco_downloads/lineages/saccharomycetaceae_odb12/hmms/26006at4893.hmm outputs/busco_output/run_saccharomycetaceae_odb12/miniprot_output/translated_proteins/26006at4893.faa
2026-09-24 16:32:08 DEBUG:busco.busco_tools.Toolset	cmd call: hmmsearch --domtblout outputs/busco_output/run_saccharomycetaceae_odb12/hmmer_output/31700at4893.out --cpu 1 /data/busco_downloads/lineages/saccharomycetaceae_odb12/hmms/31700at4893.hmm outputs/busco_output/run_saccharomycetaceae_odb12/miniprot_output/translated_proteins/31700at4893.faa
2026-09-24 16:32:08 DEBUG:busco.busco_tools.Toolset	cmd call: hmmsearch --domtblout outputs/busco_output/run_saccharomycetaceae_odb12/hmmer_output/24835at4893.out --cpu 1 /data/busco_downloads/lineages/saccharomycetaceae_odb12/hmms/24835at4893.hmm outputs/busco_output/run_saccharomycetaceae_odb12/miniprot_output/translated_proteins/24835at4893.faa
2026-09-24 16:32:08 DEBUG:busco.busco_tools.Toolset	cmd call: hmmsearch --domtblout outputs/busco_output/run_saccharomycetaceae_odb12/hmmer_output/27133at4893.out --cpu 1 /data/busco_downloads/lineages/saccharomycetaceae_odb12/hmms/27133at4893.hmm outputs/busco_output/run_saccharomycetaceae_odb12/miniprot_output/translated_proteins/27133at4893.faa
2026-09-24 16:32:08 DEBUG:busco.busco_tools.Toolset	cmd call: hmmsearch --domtblout outputs/busco_output/run_saccharomycetaceae_odb12/hmmer_output/30621at4893.out --cpu 1 /data/busco_downloads/lineages/saccharomycetaceae_odb12/hmms/30621at4893.hmm outputs/busco_output/run_saccharomycetaceae_odb12/miniprot_output/translated_proteins/30621at4893.faa
2026-09-24 16:32:08 DEBUG:busco.busco_tools.Toolset	cmd call: hmmsearch --domtblout outputs/busco_output/run_saccharomycetaceae_odb12/hmmer_output/28295at4893.out --cpu 1 /data/busco_downloads/lineages/saccharomycetaceae_odb12/hmms/28295at4893.hmm outputs/busco_output/run_saccharomycetaceae_odb12/miniprot_output/translated_proteins/28295at4893.faa
2026-09-24 16:32:09 DEBUG:busco.busco_tools.Toolset	cmd call: hmmsearch --domtblout outputs/busco_output/run_saccharomycetaceae_odb12/hmmer_output/29545at4893.out --cpu 1 /data/busco_downloads/lineages/saccharomycetaceae_odb12/hmms/29545at4893.hmm outputs/busco_output/run_saccharomycetaceae_odb12/miniprot_output/translated_proteins/29545at4893.faa
2026-09-24 16:32:09 DEBUG:busco.busco_tools.Toolset	cmd call: hmmsearch --domtblout outputs/busco_output/run_saccharomycetaceae_odb12/hmmer_output/31703at4893.out --cpu 1 /data/busco_downloads/lineages/saccharomycetaceae_odb12/hmms/31703at4893.hmm outputs/busco_output/run_saccharomycetaceae_odb12/miniprot_output/translated_proteins/31703at4893.faa
2026-09-24 16:32:09 DEBUG:busco.busco_tools.Toolset	cmd call: hmmsearch --domtblout outputs/busco_output/run_saccharomycetaceae_odb12/hmmer_output/26007at4893.out --cpu 1 /data/busco_downloads/lineages/saccharomycetaceae_odb12/hmms/26007at4893.hmm outputs/busco_output/run_saccharomycetaceae_odb12/miniprot_output/translated_proteins/26007at4893.faa
2026-09-24 16:32:09 DEBUG:busco.busco_tools.Toolset	cmd call: hmmsearch --domtblout outputs/busco_output/run_saccharomycetaceae_odb12/hmmer_output/24844at4893.out --cpu 1 /data/busco_downloads/lineages/saccharomycetaceae_odb12/hmms/24844at4893.hmm outputs/busco_output/run_saccharomycetaceae_odb12/miniprot_output/translated_proteins/24844at4893.faa
2026-09-24 16:32:09 DEBUG:busco.busco_tools.Toolset	cmd call: hmmsearch --domtblout outputs/busco_output/run_saccharomycetaceae_odb12/hmmer_output/30627at4893.out --cpu 1 /data/busco_downloads/lineages/saccharomycetaceae_odb12/hmms/30627at4893.hmm outputs/busco_output/run_saccharomycetaceae_odb12/miniprot_output/translated_proteins/30627at4893.faa
2026-09-24 16:32:09 DEBUG:busco.busco_tools.Toolset	cmd call: hmmsearch --domtblout outputs/busco_output/run_saccharomycetaceae_odb12/hmmer_output/27139at4893.out --cpu 1 /data/busco_downloads/lineages/saccharomycetaceae_odb12/hmms/27139at4893.hmm outputs/busco_output/run_saccharomycetaceae_odb12/miniprot_output/translated_proteins/27139at4893.faa
2026-09-24 16:32:09 DEBUG:busco.busco_tools.Toolset	cmd call: hmmsearch --domtblout outputs/busco_output/run_saccharomycetaceae_odb12/hmmer_output/28363at4893.out --cpu 1 /data/busco_downloads/lineages/saccharomycetaceae_odb12/hmms/28363at4893.hmm outputs/busco_output/run_saccharomycetaceae_odb12/miniprot_output/translated_proteins/28363at4893.faa
2026-09-24 16:32:09 DEBUG:busco.busco_tools.Toolset	cmd call: hmmsearch --domtblout outputs/busco_output/run_saccharomycetaceae_odb12/hmmer_output/32851at4893.out --cpu 1 /data/busco_downloads/lineages/saccharomycetaceae_odb12/hmms/32851at4893.hmm outputs/busco_output/run_saccharomycetaceae_odb12/miniprot_output/translated_proteins/32851at4893.faa
2026-09-24 16:32:09 DEBUG:busco.busco_tools.Toolset	cmd call: hmmsearch --domtblout outputs/busco_output/run_saccharomycetaceae_odb12/hmmer_output/29570at4893.out --cpu 1 /data/busco_downloads/lineages/saccharomycetaceae_odb12/hmms/29570at4893.hmm outputs/busco_output/run_saccharomycetaceae_odb12/miniprot_output/translated_proteins/29570at4893.faa
2026-09-24 16:32:09 DEBUG:busco.busco_tools.Toolset	cmd call: hmmsearch --domtblout outputs/busco_output/run_saccharomycetaceae_odb12/hmmer_output/27163at4893.out --cpu 1 /data/busco_downloads/lineages/saccharomycetaceae_odb12/hmms/27163at4893.hmm outputs/busco_output/run_saccharomycetaceae_odb12/miniprot_output/translated_proteins/27163at4893.faa
2026-09-24 16:32:09 DEBUG:busco.busco_tools.Toolset	cmd call: hmmsearch --domtblout outputs/busco_output/run_saccharomycetaceae_odb12/hmmer_output/30640at4893.out --cpu 1 /data/busco_downloads/lineages/saccharomycetaceae_odb12/hmms/30640at4893.hmm outputs/busco_output/run_saccharomycetaceae_odb12/miniprot_output/translated_proteins/30640at4893.faa
2026-09-24 16:32:09 DEBUG:busco.busco_tools.Toolset	cmd call: hmmsearch --domtblout outputs/busco_output/run_saccharomycetaceae_odb12/hmmer_output/2484at4893.out --cpu 1 /data/busco_downloads/lineages/saccharomycetaceae_odb12/hmms/2484at4893.hmm outputs/busco_output/run_saccharomycetaceae_odb12/miniprot_output/translated_proteins/2484at4893.faa
2026-09-24 16:32:09 DEBUG:busco.busco_tools.Toolset	cmd call: hmmsearch --domtblout outputs/busco_output/run_saccharomycetaceae_odb12/hmmer_output/31725at4893.out --cpu 1 /data/busco_downloads/lineages/saccharomycetaceae_odb12/hmms/31725at4893.hmm outputs/busco_output/run_saccharomycetaceae_odb12/miniprot_output/translated_proteins/31725at4893.faa
2026-09-24 16:32:09 DEBUG:busco.busco_tools.Toolset	cmd call: hmmsearch --domtblout outputs/busco_output/run_saccharomycetaceae_odb12/hmmer_output/26008at4893.out --cpu 1 /data/busco_downloads/lineages/saccharomycetaceae_odb12/hmms/26008at4893.hmm outputs/busco_output/run_saccharomycetaceae_odb12/miniprot_output/translated_proteins/26008at4893.faa
2026-09-24 16:32:09 DEBUG:busco.busco_tools.Toolset	cmd call: hmmsearch --domtblout outputs/busco_output/run_saccharomycetaceae_odb12/hmmer_output/29581at4893.out --cpu 1 /data/busco_downloads/lineages/saccharomycetaceae_odb12/hmms/29581at4893.hmm outputs/busco_output/run_saccharomycetaceae_odb12/miniprot_output/translated_proteins/29581at4893.faa
2026-09-24 16:32:09 DEBUG:busco.busco_tools.Toolset	cmd call: hmmsearch --domtblout outputs/busco_output/run_saccharomycetaceae_odb12/hmmer_output/28365at4893.out --cpu 1 /data/busco_downloads/lineages/saccharomycetaceae_odb12/hmms/28365at4893.hmm outputs/busco_output/run_saccharomycetaceae_odb12/miniprot_output/translated_proteins/28365at4893.faa
2026-09-24 16:32:09 DEBUG:busco.busco_tools.Toolset	cmd call: hmmsearch --domtblout outputs/busco_output/run_saccharomycetaceae_odb12/hmmer_output/32855at4893.out --cpu 1 /data/busco_downloads/lineages/saccharomycetaceae_odb12/hmms/32855at4893.hmm outputs/busco_output/run_saccharomycetaceae_odb12/miniprot_output/translated_proteins/32855at4893.faa
2026-09-24 16:32:09 DEBUG:busco.busco_tools.Toolset	cmd call: hmmsearch --domtblout outputs/busco_output/run_saccharomycetaceae_odb12/hmmer_output/31734at4893.out --cpu 1 /data/busco_downloads/lineages/saccharomycetaceae_odb12/hmms/31734at4893.hmm outputs/busco_output/run_saccharomycetaceae_odb12/miniprot_output/translated_proteins/31734at4893.faa
2026-09-24 16:32:09 DEBUG:busco.busco_tools.Toolset	cmd call: hmmsearch --domtblout outputs/busco_output/run_saccharomycetaceae_odb12/hmmer_output/27183at4893.out --cpu 1 /data/busco_downloads/lineages/saccharomycetaceae_odb12/hmms/27183at4893.hmm outputs/busco_output/run_saccharomycetaceae_odb12/miniprot_output/translated_proteins/27183at4893.faa
2026-09-24 16:32:09 DEBUG:busco.busco_tools.Toolset	cmd call: hmmsearch --domtblout outputs/busco_output/run_saccharomycetaceae_odb12/hmmer_output/30670at4893.out --cpu 1 /data/busco_downloads/lineages/saccharomycetaceae_odb12/hmms/30670at4893.hmm outputs/busco_output/run_saccharomycetaceae_odb12/miniprot_output/translated_proteins/30670at4893.faa
2026-09-24 16:32:09 DEBUG:busco.busco_tools.Toolset	cmd call: hmmsearch --domtblout outputs/busco_output/run_saccharomycetaceae_odb12/hmmer_output/26029at4893.out --cpu 1 /data/busco_downloads/lineages/saccharomycetaceae_odb12/hmms/26029at4893.hmm outputs/busco_output/run_saccharomycetaceae_odb12/miniprot_output/translated_proteins/26029at4893.faa
2026-09-24 16:32:09 DEBUG:busco.busco_tools.Toolset	cmd call: hmmsearch --domtblout outputs/busco_output/run_saccharomycetaceae_odb12/hmmer_output/2486at4893.out --cpu 1 /data/busco_downloads/lineages/saccharomycetaceae_odb12/hmms/2486at4893.hmm outputs/busco_output/run_saccharomycetaceae_odb12/miniprot_output/translated_proteins/2486at4893.faa
2026-09-24 16:32:09 DEBUG:busco.busco_tools.Toolset	cmd call: hmmsearch --domtblout outputs/busco_output/run_saccharomycetaceae_odb12/hmmer_output/28410at4893.out --cpu 1 /data/busco_downloads/lineages/saccharomycetaceae_odb12/hmms/28410at4893.hmm outputs/busco_output/run_saccharomycetaceae_odb12/miniprot_output/translated_proteins/28410at4893.faa
2026-09-24 16:32:09 DEBUG:busco.busco_tools.Toolset	cmd call: hmmsearch --domtblout outputs/busco_output/run_saccharomycetaceae_odb12/hmmer_output/29586at4893.out --cpu 1 /data/busco_downloads/lineages/saccharomycetaceae_odb12/hmms/29586at4893.hmm outputs/busco_output/run_saccharomycetaceae_odb12/miniprot_output/translated_proteins/29586at4893.faa
2026-09-24 16:32:09 DEBUG:busco.busco_tools.Toolset	cmd call: hmmsearch --domtblout outputs/busco_output/run_saccharomycetaceae_odb12/hmmer_output/32857at4893.out --cpu 1 /data/busco_downloads/lineages/saccharomycetaceae_odb12/hmms/32857at4893.hmm outputs/busco_output/run_saccharomycetaceae_odb12/miniprot_output/translated_proteins/32857at4893.faa
2026-09-24 16:32:09 DEBUG:busco.busco_tools.Toolset	cmd call: hmmsearch --domtblout outputs/busco_output/run_saccharomycetaceae_odb12/hmmer_output/3067at4893.out --cpu 1 /data/busco_downloads/lineages/saccharomycetaceae_odb12/hmms/3067at4893.hmm outputs/busco_output/run_saccharomycetaceae_odb12/miniprot_output/translated_proteins/3067at4893.faa
2026-09-24 16:32:09 DEBUG:busco.busco_tools.Toolset	cmd call: hmmsearch --domtblout outputs/busco_output/run_saccharomycetaceae_odb12/hmmer_output/2718at4893.out --cpu 1 /data/busco_downloads/lineages/saccharomycetaceae_odb12/hmms/2718at4893.hmm outputs/busco_output/run_saccharomycetaceae_odb12/miniprot_output/translated_proteins/2718at4893.faa
2026-09-24 16:32:09 DEBUG:busco.busco_tools.Toolset	cmd call: hmmsearch --domtblout outputs/busco_output/run_saccharomycetaceae_odb12/hmmer_output/28440at4893.out --cpu 1 /data/busco_downloads/lineages/saccharomycetaceae_odb12/hmms/28440at4893.hmm outputs/busco_output/run_saccharomycetaceae_odb12/miniprot_output/translated_proteins/28440at4893.faa
2026-09-24 16:32:09 DEBUG:busco.busco_tools.Toolset	cmd call: hmmsearch --domtblout outputs/busco_output/run_saccharomycetaceae_odb12/hmmer_output/29602at4893.out --cpu 1 /data/busco_downloads/lineages/saccharomycetaceae_odb12/hmms/29602at4893.hmm outputs/busco_output/run_saccharomycetaceae_odb12/miniprot_output/translated_proteins/29602at4893.faa
2026-09-24 16:32:09 DEBUG:busco.busco_tools.Toolset	cmd call: hmmsearch --domtblout outputs/busco_output/run_saccharomycetaceae_odb12/hmmer_output/24876at4893.out --cpu 1 /data/busco_downloads/lineages/saccharomycetaceae_odb12/hmms/24876at4893.hmm outputs/busco_output/run_saccharomycetaceae_odb12/miniprot_output/translated_proteins/24876at4893.faa
2026-09-24 16:32:09 DEBUG:busco.busco_tools.Toolset	cmd call: hmmsearch --domtblout outputs/busco_output/run_saccharomycetaceae_odb12/hmmer_output/26031at4893.out --cpu 1 /data/busco_downloads/lineages/saccharomycetaceae_odb12/hmms/26031at4893.hmm outputs/busco_output/run_saccharomycetaceae_odb12/miniprot_output/translated_proteins/26031at4893.faa
2026-09-24 16:32:09 DEBUG:busco.busco_tools.Toolset	cmd call: hmmsearch --domtblout outputs/busco_output/run_saccharomycetaceae_odb12/hmmer_output/31744at4893.out --cpu 1 /data/busco_downloads/lineages/saccharomycetaceae_odb12/hmms/31744at4893.hmm outputs/busco_output/run_saccharomycetaceae_odb12/miniprot_output/translated_proteins/31744at4893.faa
2026-09-24 16:32:09 DEBUG:busco.busco_tools.Toolset	cmd call: hmmsearch --domtblout outputs/busco_output/run_saccharomycetaceae_odb12/hmmer_output/32871at4893.out --cpu 1 /data/busco_downloads/lineages/saccharomycetaceae_odb12/hmms/32871at4893.hmm outputs/busco_output/run_saccharomycetaceae_odb12/miniprot_output/translated_proteins/32871at4893.faa
2026-09-24 16:32:09 DEBUG:busco.busco_tools.Toolset	cmd call: hmmsearch --domtblout outputs/busco_output/run_saccharomycetaceae_odb12/hmmer_output/27220at4893.out --cpu 1 /data/busco_downloads/lineages/saccharomycetaceae_odb12/hmms/27220at4893.hmm outputs/busco_output/run_saccharomycetaceae_odb12/miniprot_output/translated_proteins/27220at4893.faa
2026-09-24 16:32:09 DEBUG:busco.busco_tools.Toolset	cmd call: hmmsearch --domtblout outputs/busco_output/run_saccharomycetaceae_odb12/hmmer_output/29625at4893.out --cpu 1 /data/busco_downloads/lineages/saccharomycetaceae_odb12/hmms/29625at4893.hmm outputs/busco_output/run_saccharomycetaceae_odb12/miniprot_output/translated_proteins/29625at4893.faa
2026-09-24 16:32:09 DEBUG:busco.busco_tools.Toolset	cmd call: hmmsearch --domtblout outputs/busco_output/run_saccharomycetaceae_odb12/hmmer_output/30692at4893.out --cpu 1 /data/busco_downloads/lineages/saccharomycetaceae_odb12/hmms/30692at4893.hmm outputs/busco_output/run_saccharomycetaceae_odb12/miniprot_output/translated_proteins/30692at4893.faa
2026-09-24 16:32:09 DEBUG:busco.busco_tools.Toolset	cmd call: hmmsearch --domtblout outputs/busco_output/run_saccharomycetaceae_odb12/hmmer_output/26051at4893.out --cpu 1 /data/busco_downloads/lineages/saccharomycetaceae_odb12/hmms/26051at4893.hmm outputs/busco_output/run_saccharomycetaceae_odb12/miniprot_output/translated_proteins/26051at4893.faa
2026-09-24 16:32:09 DEBUG:busco.busco_tools.Toolset	cmd call: hmmsearch --domtblout outputs/busco_output/run_saccharomycetaceae_odb12/hmmer_output/24906at4893.out --cpu 1 /data/busco_downloads/lineages/saccharomycetaceae_odb12/hmms/24906at4893.hmm outputs/busco_output/run_saccharomycetaceae_odb12/miniprot_output/translated_proteins/24906at4893.faa
2026-09-24 16:32:09 DEBUG:busco.busco_tools.Toolset	cmd call: hmmsearch --domtblout outputs/busco_output/run_saccharomycetaceae_odb12/hmmer_output/28451at4893.out --cpu 1 /data/busco_downloads/lineages/saccharomycetaceae_odb12/hmms/28451at4893.hmm outputs/busco_output/run_saccharomycetaceae_odb12/miniprot_output/translated_proteins/28451at4893.faa
2026-09-24 16:32:09 DEBUG:busco.busco_tools.Toolset	cmd call: hmmsearch --domtblout outputs/busco_output/run_saccharomycetaceae_odb12/hmmer_output/31758at4893.out --cpu 1 /data/busco_downloads/lineages/saccharomycetaceae_odb12/hmms/31758at4893.hmm outputs/busco_output/run_saccharomycetaceae_odb12/miniprot_output/translated_proteins/31758at4893.faa
2026-09-24 16:32:10 DEBUG:busco.busco_tools.Toolset	cmd call: hmmsearch --domtblout outputs/busco_output/run_saccharomycetaceae_odb12/hmmer_output/32873at4893.out --cpu 1 /data/busco_downloads/lineages/saccharomycetaceae_odb12/hmms/32873at4893.hmm outputs/busco_output/run_saccharomycetaceae_odb12/miniprot_output/translated_proteins/32873at4893.faa
2026-09-24 16:32:10 DEBUG:busco.busco_tools.Toolset	cmd call: hmmsearch --domtblout outputs/busco_output/run_saccharomycetaceae_odb12/hmmer_output/27283at4893.out --cpu 1 /data/busco_downloads/lineages/saccharomycetaceae_odb12/hmms/27283at4893.hmm outputs/busco_output/run_saccharomycetaceae_odb12/miniprot_output/translated_proteins/27283at4893.faa
2026-09-24 16:32:10 DEBUG:busco.busco_tools.Toolset	cmd call: hmmsearch --domtblout outputs/busco_output/run_saccharomycetaceae_odb12/hmmer_output/29634at4893.out --cpu 1 /data/busco_downloads/lineages/saccharomycetaceae_odb12/hmms/29634at4893.hmm outputs/busco_output/run_saccharomycetaceae_odb12/miniprot_output/translated_proteins/29634at4893.faa
2026-09-24 16:32:10 DEBUG:busco.busco_tools.Toolset	cmd call: hmmsearch --domtblout outputs/busco_output/run_saccharomycetaceae_odb12/hmmer_output/31762at4893.out --cpu 1 /data/busco_downloads/lineages/saccharomycetaceae_odb12/hmms/31762at4893.hmm outputs/busco_output/run_saccharomycetaceae_odb12/miniprot_output/translated_proteins/31762at4893.faa
2026-09-24 16:32:10 DEBUG:busco.busco_tools.Toolset	cmd call: hmmsearch --domtblout outputs/busco_output/run_saccharomycetaceae_odb12/hmmer_output/26067at4893.out --cpu 1 /data/busco_downloads/lineages/saccharomycetaceae_odb12/hmms/26067at4893.hmm outputs/busco_output/run_saccharomycetaceae_odb12/miniprot_output/translated_proteins/26067at4893.faa
2026-09-24 16:32:10 DEBUG:busco.busco_tools.Toolset	cmd call: hmmsearch --domtblout outputs/busco_output/run_saccharomycetaceae_odb12/hmmer_output/28480at4893.out --cpu 1 /data/busco_downloads/lineages/saccharomycetaceae_odb12/hmms/28480at4893.hmm outputs/busco_output/run_saccharomycetaceae_odb12/miniprot_output/translated_proteins/28480at4893.faa
2026-09-24 16:32:10 DEBUG:busco.busco_tools.Toolset	cmd call: hmmsearch --domtblout outputs/busco_output/run_saccharomycetaceae_odb12/hmmer_output/2493at4893.out --cpu 1 /data/busco_downloads/lineages/saccharomycetaceae_odb12/hmms/2493at4893.hmm outputs/busco_output/run_saccharomycetaceae_odb12/miniprot_output/translated_proteins/2493at4893.faa
2026-09-24 16:32:10 DEBUG:busco.busco_tools.Toolset	cmd call: hmmsearch --domtblout outputs/busco_output/run_saccharomycetaceae_odb12/hmmer_output/32878at4893.out --cpu 1 /data/busco_downloads/lineages/saccharomycetaceae_odb12/hmms/32878at4893.hmm outputs/busco_output/run_saccharomycetaceae_odb12/miniprot_output/translated_proteins/32878at4893.faa
2026-09-24 16:32:10 DEBUG:busco.busco_tools.Toolset	cmd call: hmmsearch --domtblout outputs/busco_output/run_saccharomycetaceae_odb12/hmmer_output/27298at4893.out --cpu 1 /data/busco_downloads/lineages/saccharomycetaceae_odb12/hmms/27298at4893.hmm outputs/busco_output/run_saccharomycetaceae_odb12/miniprot_output/translated_proteins/27298at4893.faa
2026-09-24 16:32:10 DEBUG:busco.busco_tools.Toolset	cmd call: hmmsearch --domtblout outputs/busco_output/run_saccharomycetaceae_odb12/hmmer_output/30728at4893.out --cpu 1 /data/busco_downloads/lineages/saccharomycetaceae_odb12/hmms/30728at4893.hmm outputs/busco_output/run_saccharomycetaceae_odb12/miniprot_output/translated_proteins/30728at4893.faa
2026-09-24 16:32:10 DEBUG:busco.busco_tools.Toolset	cmd call: hmmsearch --domtblout outputs/busco_output/run_saccharomycetaceae_odb12/hmmer_output/29640at4893.out --cpu 1 /data/busco_downloads/lineages/saccharomycetaceae_odb12/hmms/29640at4893.hmm outputs/busco_output/run_saccharomycetaceae_odb12/miniprot_output/translated_proteins/29640at4893.faa
2026-09-24 16:32:10 DEBUG:busco.busco_tools.Toolset	cmd call: hmmsearch --domtblout outputs/busco_output/run_saccharomycetaceae_odb12/hmmer_output/28487at4893.out --cpu 1 /data/busco_downloads/lineages/saccharomycetaceae_odb12/hmms/28487at4893.hmm outputs/busco_output/run_saccharomycetaceae_odb12/miniprot_output/translated_proteins/28487at4893.faa
2026-09-24 16:32:10 DEBUG:busco.busco_tools.Toolset	cmd call: hmmsearch --domtblout outputs/busco_output/run_saccharomycetaceae_odb12/hmmer_output/31800at4893.out --cpu 1 /data/busco_downloads/lineages/saccharomycetaceae_odb12/hmms/31800at4893.hmm outputs/busco_output/run_saccharomycetaceae_odb12/miniprot_output/translated_proteins/31800at4893.faa
2026-09-24 16:32:10 DEBUG:busco.busco_tools.Toolset	cmd call: hmmsearch --domtblout outputs/busco_output/run_saccharomycetaceae_odb12/hmmer_output/26104at4893.out --cpu 1 /data/busco_downloads/lineages/saccharomycetaceae_odb12/hmms/26104at4893.hmm outputs/busco_output/run_saccharomycetaceae_odb12/miniprot_output/translated_proteins/26104at4893.faa
2026-09-24 16:32:10 DEBUG:busco.busco_tools.Toolset	cmd call: hmmsearch --domtblout outputs/busco_output/run_saccharomycetaceae_odb12/hmmer_output/24943at4893.out --cpu 1 /data/busco_downloads/lineages/saccharomycetaceae_odb12/hmms/24943at4893.hmm outputs/busco_output/run_saccharomycetaceae_odb12/miniprot_output/translated_proteins/24943at4893.faa
2026-09-24 16:32:10 DEBUG:busco.busco_tools.Toolset	cmd call: hmmsearch --domtblout outputs/busco_output/run_saccharomycetaceae_odb12/hmmer_output/27311at4893.out --cpu 1 /data/busco_downloads/lineages/saccharomycetaceae_odb12/hmms/27311at4893.hmm outputs/busco_output/run_saccharomycetaceae_odb12/miniprot_output/translated_proteins/27311at4893.faa
2026-09-24 16:32:10 DEBUG:busco.busco_tools.Toolset	cmd call: hmmsearch --domtblout outputs/busco_output/run_saccharomycetaceae_odb12/hmmer_output/29645at4893.out --cpu 1 /data/busco_downloads/lineages/saccharomycetaceae_odb12/hmms/29645at4893.hmm outputs/busco_output/run_saccharomycetaceae_odb12/miniprot_output/translated_proteins/29645at4893.faa
2026-09-24 16:32:10 DEBUG:busco.busco_tools.Toolset	cmd call: hmmsearch --domtblout outputs/busco_output/run_saccharomycetaceae_odb12/hmmer_output/28489at4893.out --cpu 1 /data/busco_downloads/lineages/saccharomycetaceae_odb12/hmms/28489at4893.hmm outputs/busco_output/run_saccharomycetaceae_odb12/miniprot_output/translated_proteins/28489at4893.faa
2026-09-24 16:32:10 DEBUG:busco.busco_tools.Toolset	cmd call: hmmsearch --domtblout outputs/busco_output/run_saccharomycetaceae_odb12/hmmer_output/31806at4893.out --cpu 1 /data/busco_downloads/lineages/saccharomycetaceae_odb12/hmms/31806at4893.hmm outputs/busco_output/run_saccharomycetaceae_odb12/miniprot_output/translated_proteins/31806at4893.faa
2026-09-24 16:32:10 DEBUG:busco.busco_tools.Toolset	cmd call: hmmsearch --domtblout outputs/busco_output/run_saccharomycetaceae_odb12/hmmer_output/24956at4893.out --cpu 1 /data/busco_downloads/lineages/saccharomycetaceae_odb12/hmms/24956at4893.hmm outputs/busco_output/run_saccharomycetaceae_odb12/miniprot_output/translated_proteins/24956at4893.faa
2026-09-24 16:32:10 DEBUG:busco.busco_tools.Toolset	cmd call: hmmsearch --domtblout outputs/busco_output/run_saccharomycetaceae_odb12/hmmer_output/32882at4893.out --cpu 1 /data/busco_downloads/lineages/saccharomycetaceae_odb12/hmms/32882at4893.hmm outputs/busco_output/run_saccharomycetaceae_odb12/miniprot_output/translated_proteins/32882at4893.faa
2026-09-24 16:32:10 DEBUG:busco.busco_tools.Toolset	cmd call: hmmsearch --domtblout outputs/busco_output/run_saccharomycetaceae_odb12/hmmer_output/26115at4893.out --cpu 1 /data/busco_downloads/lineages/saccharomycetaceae_odb12/hmms/26115at4893.hmm outputs/busco_output/run_saccharomycetaceae_odb12/miniprot_output/translated_proteins/26115at4893.faa
2026-09-24 16:32:10 DEBUG:busco.busco_tools.Toolset	cmd call: hmmsearch --domtblout outputs/busco_output/run_saccharomycetaceae_odb12/hmmer_output/30731at4893.out --cpu 1 /data/busco_downloads/lineages/saccharomycetaceae_odb12/hmms/30731at4893.hmm outputs/busco_output/run_saccharomycetaceae_odb12/miniprot_output/translated_proteins/30731at4893.faa
2026-09-24 16:32:10 DEBUG:busco.busco_tools.Toolset	cmd call: hmmsearch --domtblout outputs/busco_output/run_saccharomycetaceae_odb12/hmmer_output/29650at4893.out --cpu 1 /data/busco_downloads/lineages/saccharomycetaceae_odb12/hmms/29650at4893.hmm outputs/busco_output/run_saccharomycetaceae_odb12/miniprot_output/translated_proteins/29650at4893.faa
2026-09-24 16:32:10 DEBUG:busco.busco_tools.Toolset	cmd call: hmmsearch --domtblout outputs/busco_output/run_saccharomycetaceae_odb12/hmmer_output/27338at4893.out --cpu 1 /data/busco_downloads/lineages/saccharomycetaceae_odb12/hmms/27338at4893.hmm outputs/busco_output/run_saccharomycetaceae_odb12/miniprot_output/translated_proteins/27338at4893.faa
2026-09-24 16:32:10 DEBUG:busco.busco_tools.Toolset	cmd call: hmmsearch --domtblout outputs/busco_output/run_saccharomycetaceae_odb12/hmmer_output/31813at4893.out --cpu 1 /data/busco_downloads/lineages/saccharomycetaceae_odb12/hmms/31813at4893.hmm outputs/busco_output/run_saccharomycetaceae_odb12/miniprot_output/translated_proteins/31813at4893.faa
2026-09-24 16:32:10 DEBUG:busco.busco_tools.Toolset	cmd call: hmmsearch --domtblout outputs/busco_output/run_saccharomycetaceae_odb12/hmmer_output/32895at4893.out --cpu 1 /data/busco_downloads/lineages/saccharomycetaceae_odb12/hmms/32895at4893.hmm outputs/busco_output/run_saccharomycetaceae_odb12/miniprot_output/translated_proteins/32895at4893.faa
2026-09-24 16:32:10 DEBUG:busco.busco_tools.Toolset	cmd call: hmmsearch --domtblout outputs/busco_output/run_saccharomycetaceae_odb12/hmmer_output/24973at4893.out --cpu 1 /data/busco_downloads/lineages/saccharomycetaceae_odb12/hmms/24973at4893.hmm outputs/busco_output/run_saccharomycetaceae_odb12/miniprot_output/translated_proteins/24973at4893.faa
2026-09-24 16:32:10 DEBUG:busco.busco_tools.Toolset	cmd call: hmmsearch --domtblout outputs/busco_output/run_saccharomycetaceae_odb12/hmmer_output/26123at4893.out --cpu 1 /data/busco_downloads/lineages/saccharomycetaceae_odb12/hmms/26123at4893.hmm outputs/busco_output/run_saccharomycetaceae_odb12/miniprot_output/translated_proteins/26123at4893.faa
2026-09-24 16:32:10 DEBUG:busco.busco_tools.Toolset	cmd call: hmmsearch --domtblout outputs/busco_output/run_saccharomycetaceae_odb12/hmmer_output/2849at4893.out --cpu 1 /data/busco_downloads/lineages/saccharomycetaceae_odb12/hmms/2849at4893.hmm outputs/busco_output/run_saccharomycetaceae_odb12/miniprot_output/translated_proteins/2849at4893.faa
2026-09-24 16:32:10 DEBUG:busco.busco_tools.Toolset	cmd call: hmmsearch --domtblout outputs/busco_output/run_saccharomycetaceae_odb12/hmmer_output/30788at4893.out --cpu 1 /data/busco_downloads/lineages/saccharomycetaceae_odb12/hmms/30788at4893.hmm outputs/busco_output/run_saccharomycetaceae_odb12/miniprot_output/translated_proteins/30788at4893.faa
2026-09-24 16:32:10 DEBUG:busco.busco_tools.Toolset	cmd call: hmmsearch --domtblout outputs/busco_output/run_saccharomycetaceae_odb12/hmmer_output/32899at4893.out --cpu 1 /data/busco_downloads/lineages/saccharomycetaceae_odb12/hmms/32899at4893.hmm outputs/busco_output/run_saccharomycetaceae_odb12/miniprot_output/translated_proteins/32899at4893.faa
2026-09-24 16:32:10 DEBUG:busco.busco_tools.Toolset	cmd call: hmmsearch --domtblout outputs/busco_output/run_saccharomycetaceae_odb12/hmmer_output/29654at4893.out --cpu 1 /data/busco_downloads/lineages/saccharomycetaceae_odb12/hmms/29654at4893.hmm outputs/busco_output/run_saccharomycetaceae_odb12/miniprot_output/translated_proteins/29654at4893.faa
2026-09-24 16:32:10 DEBUG:busco.busco_tools.Toolset	cmd call: hmmsearch --domtblout outputs/busco_output/run_saccharomycetaceae_odb12/hmmer_output/27351at4893.out --cpu 1 /data/busco_downloads/lineages/saccharomycetaceae_odb12/hmms/27351at4893.hmm outputs/busco_output/run_saccharomycetaceae_odb12/miniprot_output/translated_proteins/27351at4893.faa
2026-09-24 16:32:10 DEBUG:busco.busco_tools.Toolset	cmd call: hmmsearch --domtblout outputs/busco_output/run_saccharomycetaceae_odb12/hmmer_output/31845at4893.out --cpu 1 /data/busco_downloads/lineages/saccharomycetaceae_odb12/hmms/31845at4893.hmm outputs/busco_output/run_saccharomycetaceae_odb12/miniprot_output/translated_proteins/31845at4893.faa
2026-09-24 16:32:10 DEBUG:busco.busco_tools.Toolset	cmd call: hmmsearch --domtblout outputs/busco_output/run_saccharomycetaceae_odb12/hmmer_output/284at4893.out --cpu 1 /data/busco_downloads/lineages/saccharomycetaceae_odb12/hmms/284at4893.hmm outputs/busco_output/run_saccharomycetaceae_odb12/miniprot_output/translated_proteins/284at4893.faa
2026-09-24 16:32:10 DEBUG:busco.busco_tools.Toolset	cmd call: hmmsearch --domtblout outputs/busco_output/run_saccharomycetaceae_odb12/hmmer_output/33070at4893.out --cpu 1 /data/busco_downloads/lineages/saccharomycetaceae_odb12/hmms/33070at4893.hmm outputs/busco_output/run_saccharomycetaceae_odb12/miniprot_output/translated_proteins/33070at4893.faa
2026-09-24 16:32:11 DEBUG:busco.busco_tools.Toolset	cmd call: hmmsearch --domtblout outputs/busco_output/run_saccharomycetaceae_odb12/hmmer_output/3290at4893.out --cpu 1 /data/busco_downloads/lineages/saccharomycetaceae_odb12/hmms/3290at4893.hmm outputs/busco_output/run_saccharomycetaceae_odb12/miniprot_output/translated_proteins/3290at4893.faa
2026-09-24 16:32:11 DEBUG:busco.busco_tools.Toolset	cmd call: hmmsearch --domtblout outputs/busco_output/run_saccharomycetaceae_odb12/hmmer_output/27360at4893.out --cpu 1 /data/busco_downloads/lineages/saccharomycetaceae_odb12/hmms/27360at4893.hmm outputs/busco_output/run_saccharomycetaceae_odb12/miniprot_output/translated_proteins/27360at4893.faa
2026-09-24 16:32:11 DEBUG:busco.busco_tools.Toolset	cmd call: hmmsearch --domtblout outputs/busco_output/run_saccharomycetaceae_odb12/hmmer_output/29678at4893.out --cpu 1 /data/busco_downloads/lineages/saccharomycetaceae_odb12/hmms/29678at4893.hmm outputs/busco_output/run_saccharomycetaceae_odb12/miniprot_output/translated_proteins/29678at4893.faa
2026-09-24 16:32:11 DEBUG:busco.busco_tools.Toolset	cmd call: hmmsearch --domtblout outputs/busco_output/run_saccharomycetaceae_odb12/hmmer_output/3078at4893.out --cpu 1 /data/busco_downloads/lineages/saccharomycetaceae_odb12/hmms/3078at4893.hmm outputs/busco_output/run_saccharomycetaceae_odb12/miniprot_output/translated_proteins/3078at4893.faa
2026-09-24 16:32:11 DEBUG:busco.busco_tools.Toolset	cmd call: hmmsearch --domtblout outputs/busco_output/run_saccharomycetaceae_odb12/hmmer_output/3189at4893.out --cpu 1 /data/busco_downloads/lineages/saccharomycetaceae_odb12/hmms/3189at4893.hmm outputs/busco_output/run_saccharomycetaceae_odb12/miniprot_output/translated_proteins/3189at4893.faa
2026-09-24 16:32:11 DEBUG:busco.busco_tools.Toolset	cmd call: hmmsearch --domtblout outputs/busco_output/run_saccharomycetaceae_odb12/hmmer_output/2851at4893.out --cpu 1 /data/busco_downloads/lineages/saccharomycetaceae_odb12/hmms/2851at4893.hmm outputs/busco_output/run_saccharomycetaceae_odb12/miniprot_output/translated_proteins/2851at4893.faa
2026-09-24 16:32:11 DEBUG:busco.busco_tools.Toolset	cmd call: hmmsearch --domtblout outputs/busco_output/run_saccharomycetaceae_odb12/hmmer_output/33122at4893.out --cpu 1 /data/busco_downloads/lineages/saccharomycetaceae_odb12/hmms/33122at4893.hmm outputs/busco_output/run_saccharomycetaceae_odb12/miniprot_output/translated_proteins/33122at4893.faa
2026-09-24 16:32:11 DEBUG:busco.busco_tools.Toolset	cmd call: hmmsearch --domtblout outputs/busco_output/run_saccharomycetaceae_odb12/hmmer_output/32912at4893.out --cpu 1 /data/busco_downloads/lineages/saccharomycetaceae_odb12/hmms/32912at4893.hmm outputs/busco_output/run_saccharomycetaceae_odb12/miniprot_output/translated_proteins/32912at4893.faa
2026-09-24 16:32:11 DEBUG:busco.busco_tools.Toolset	cmd call: hmmsearch --domtblout outputs/busco_output/run_saccharomycetaceae_odb12/hmmer_output/26136at4893.out --cpu 1 /data/busco_downloads/lineages/saccharomycetaceae_odb12/hmms/26136at4893.hmm outputs/busco_output/run_saccharomycetaceae_odb12/miniprot_output/translated_proteins/26136at4893.faa
2026-09-24 16:32:11 DEBUG:busco.busco_tools.Toolset	cmd call: hmmsearch --domtblout outputs/busco_output/run_saccharomycetaceae_odb12/hmmer_output/27369at4893.out --cpu 1 /data/busco_downloads/lineages/saccharomycetaceae_odb12/hmms/27369at4893.hmm outputs/busco_output/run_saccharomycetaceae_odb12/miniprot_output/translated_proteins/27369at4893.faa
2026-09-24 16:32:11 DEBUG:busco.busco_tools.Toolset	cmd call: hmmsearch --domtblout outputs/busco_output/run_saccharomycetaceae_odb12/hmmer_output/28520at4893.out --cpu 1 /data/busco_downloads/lineages/saccharomycetaceae_odb12/hmms/28520at4893.hmm outputs/busco_output/run_saccharomycetaceae_odb12/miniprot_output/translated_proteins/28520at4893.faa
2026-09-24 16:32:11 DEBUG:busco.busco_tools.Toolset	cmd call: hmmsearch --domtblout outputs/busco_output/run_saccharomycetaceae_odb12/hmmer_output/29709at4893.out --cpu 1 /data/busco_downloads/lineages/saccharomycetaceae_odb12/hmms/29709at4893.hmm outputs/busco_output/run_saccharomycetaceae_odb12/miniprot_output/translated_proteins/29709at4893.faa
2026-09-24 16:32:11 DEBUG:busco.busco_tools.Toolset	cmd call: hmmsearch --domtblout outputs/busco_output/run_saccharomycetaceae_odb12/hmmer_output/31901at4893.out --cpu 1 /data/busco_downloads/lineages/saccharomycetaceae_odb12/hmms/31901at4893.hmm outputs/busco_output/run_saccharomycetaceae_odb12/miniprot_output/translated_proteins/31901at4893.faa
2026-09-24 16:32:11 DEBUG:busco.busco_tools.Toolset	cmd call: hmmsearch --domtblout outputs/busco_output/run_saccharomycetaceae_odb12/hmmer_output/30791at4893.out --cpu 1 /data/busco_downloads/lineages/saccharomycetaceae_odb12/hmms/30791at4893.hmm outputs/busco_output/run_saccharomycetaceae_odb12/miniprot_output/translated_proteins/30791at4893.faa
2026-09-24 16:32:11 DEBUG:busco.busco_tools.Toolset	cmd call: hmmsearch --domtblout outputs/busco_output/run_saccharomycetaceae_odb12/hmmer_output/33166at4893.out --cpu 1 /data/busco_downloads/lineages/saccharomycetaceae_odb12/hmms/33166at4893.hmm outputs/busco_output/run_saccharomycetaceae_odb12/miniprot_output/translated_proteins/33166at4893.faa
2026-09-24 16:32:11 DEBUG:busco.busco_tools.Toolset	cmd call: hmmsearch --domtblout outputs/busco_output/run_saccharomycetaceae_odb12/hmmer_output/27379at4893.out --cpu 1 /data/busco_downloads/lineages/saccharomycetaceae_odb12/hmms/27379at4893.hmm outputs/busco_output/run_saccharomycetaceae_odb12/miniprot_output/translated_proteins/27379at4893.faa
2026-09-24 16:32:11 DEBUG:busco.busco_tools.Toolset	cmd call: hmmsearch --domtblout outputs/busco_output/run_saccharomycetaceae_odb12/hmmer_output/32937at4893.out --cpu 1 /data/busco_downloads/lineages/saccharomycetaceae_odb12/hmms/32937at4893.hmm outputs/busco_output/run_saccharomycetaceae_odb12/miniprot_output/translated_proteins/32937at4893.faa
2026-09-24 16:32:11 DEBUG:busco.busco_tools.Toolset	cmd call: hmmsearch --domtblout outputs/busco_output/run_saccharomycetaceae_odb12/hmmer_output/34195at4893.out --cpu 1 /data/busco_downloads/lineages/saccharomycetaceae_odb12/hmms/34195at4893.hmm outputs/busco_output/run_saccharomycetaceae_odb12/miniprot_output/translated_proteins/34195at4893.faa
2026-09-24 16:32:11 DEBUG:busco.busco_tools.Toolset	cmd call: hmmsearch --domtblout outputs/busco_output/run_saccharomycetaceae_odb12/hmmer_output/29753at4893.out --cpu 1 /data/busco_downloads/lineages/saccharomycetaceae_odb12/hmms/29753at4893.hmm outputs/busco_output/run_saccharomycetaceae_odb12/miniprot_output/translated_proteins/29753at4893.faa
2026-09-24 16:32:11 DEBUG:busco.busco_tools.Toolset	cmd call: hmmsearch --domtblout outputs/busco_output/run_saccharomycetaceae_odb12/hmmer_output/3192at4893.out --cpu 1 /data/busco_downloads/lineages/saccharomycetaceae_odb12/hmms/3192at4893.hmm outputs/busco_output/run_saccharomycetaceae_odb12/miniprot_output/translated_proteins/3192at4893.faa
2026-09-24 16:32:11 DEBUG:busco.busco_tools.Toolset	cmd call: hmmsearch --domtblout outputs/busco_output/run_saccharomycetaceae_odb12/hmmer_output/30796at4893.out --cpu 1 /data/busco_downloads/lineages/saccharomycetaceae_odb12/hmms/30796at4893.hmm outputs/busco_output/run_saccharomycetaceae_odb12/miniprot_output/translated_proteins/30796at4893.faa
2026-09-24 16:32:11 DEBUG:busco.busco_tools.Toolset	cmd call: hmmsearch --domtblout outputs/busco_output/run_saccharomycetaceae_odb12/hmmer_output/28559at4893.out --cpu 1 /data/busco_downloads/lineages/saccharomycetaceae_odb12/hmms/28559at4893.hmm outputs/busco_output/run_saccharomycetaceae_odb12/miniprot_output/translated_proteins/28559at4893.faa
2026-09-24 16:32:11 DEBUG:busco.busco_tools.Toolset	cmd call: hmmsearch --domtblout outputs/busco_output/run_saccharomycetaceae_odb12/hmmer_output/32951at4893.out --cpu 1 /data/busco_downloads/lineages/saccharomycetaceae_odb12/hmms/32951at4893.hmm outputs/busco_output/run_saccharomycetaceae_odb12/miniprot_output/translated_proteins/32951at4893.faa
2026-09-24 16:32:11 DEBUG:busco.busco_tools.Toolset	cmd call: hmmsearch --domtblout outputs/busco_output/run_saccharomycetaceae_odb12/hmmer_output/27384at4893.out --cpu 1 /data/busco_downloads/lineages/saccharomycetaceae_odb12/hmms/27384at4893.hmm outputs/busco_output/run_saccharomycetaceae_odb12/miniprot_output/translated_proteins/27384at4893.faa
2026-09-24 16:32:11 DEBUG:busco.busco_tools.Toolset	cmd call: hmmsearch --domtblout outputs/busco_output/run_saccharomycetaceae_odb12/hmmer_output/33181at4893.out --cpu 1 /data/busco_downloads/lineages/saccharomycetaceae_odb12/hmms/33181at4893.hmm outputs/busco_output/run_saccharomycetaceae_odb12/miniprot_output/translated_proteins/33181at4893.faa
2026-09-24 16:32:11 DEBUG:busco.busco_tools.Toolset	cmd call: hmmsearch --domtblout outputs/busco_output/run_saccharomycetaceae_odb12/hmmer_output/31943at4893.out --cpu 1 /data/busco_downloads/lineages/saccharomycetaceae_odb12/hmms/31943at4893.hmm outputs/busco_output/run_saccharomycetaceae_odb12/miniprot_output/translated_proteins/31943at4893.faa
2026-09-24 16:32:11 DEBUG:busco.busco_tools.Toolset	cmd call: hmmsearch --domtblout outputs/busco_output/run_saccharomycetaceae_odb12/hmmer_output/34210at4893.out --cpu 1 /data/busco_downloads/lineages/saccharomycetaceae_odb12/hmms/34210at4893.hmm outputs/busco_output/run_saccharomycetaceae_odb12/miniprot_output/translated_proteins/34210at4893.faa
2026-09-24 16:32:11 DEBUG:busco.busco_tools.Toolset	cmd call: hmmsearch --domtblout outputs/busco_output/run_saccharomycetaceae_odb12/hmmer_output/33184at4893.out --cpu 1 /data/busco_downloads/lineages/saccharomycetaceae_odb12/hmms/33184at4893.hmm outputs/busco_output/run_saccharomycetaceae_odb12/miniprot_output/translated_proteins/33184at4893.faa
2026-09-24 16:32:11 DEBUG:busco.busco_tools.Toolset	cmd call: hmmsearch --domtblout outputs/busco_output/run_saccharomycetaceae_odb12/hmmer_output/32975at4893.out --cpu 1 /data/busco_downloads/lineages/saccharomycetaceae_odb12/hmms/32975at4893.hmm outputs/busco_output/run_saccharomycetaceae_odb12/miniprot_output/translated_proteins/32975at4893.faa
2026-09-24 16:32:11 DEBUG:busco.busco_tools.Toolset	cmd call: hmmsearch --domtblout outputs/busco_output/run_saccharomycetaceae_odb12/hmmer_output/31945at4893.out --cpu 1 /data/busco_downloads/lineages/saccharomycetaceae_odb12/hmms/31945at4893.hmm outputs/busco_output/run_saccharomycetaceae_odb12/miniprot_output/translated_proteins/31945at4893.faa
2026-09-24 16:32:11 DEBUG:busco.busco_tools.Toolset	cmd call: hmmsearch --domtblout outputs/busco_output/run_saccharomycetaceae_odb12/hmmer_output/27391at4893.out --cpu 1 /data/busco_downloads/lineages/saccharomycetaceae_odb12/hmms/27391at4893.hmm outputs/busco_output/run_saccharomycetaceae_odb12/miniprot_output/translated_proteins/27391at4893.faa
2026-09-24 16:32:11 DEBUG:busco.busco_tools.Toolset	cmd call: hmmsearch --domtblout outputs/busco_output/run_saccharomycetaceae_odb12/hmmer_output/28582at4893.out --cpu 1 /data/busco_downloads/lineages/saccharomycetaceae_odb12/hmms/28582at4893.hmm outputs/busco_output/run_saccharomycetaceae_odb12/miniprot_output/translated_proteins/28582at4893.faa
2026-09-24 16:32:11 DEBUG:busco.busco_tools.Toolset	cmd call: hmmsearch --domtblout outputs/busco_output/run_saccharomycetaceae_odb12/hmmer_output/34212at4893.out --cpu 1 /data/busco_downloads/lineages/saccharomycetaceae_odb12/hmms/34212at4893.hmm outputs/busco_output/run_saccharomycetaceae_odb12/miniprot_output/translated_proteins/34212at4893.faa
2026-09-24 16:32:11 DEBUG:busco.busco_tools.Toolset	cmd call: hmmsearch --domtblout outputs/busco_output/run_saccharomycetaceae_odb12/hmmer_output/29769at4893.out --cpu 1 /data/busco_downloads/lineages/saccharomycetaceae_odb12/hmms/29769at4893.hmm outputs/busco_output/run_saccharomycetaceae_odb12/miniprot_output/translated_proteins/29769at4893.faa
2026-09-24 16:32:12 DEBUG:busco.busco_tools.Toolset	cmd call: hmmsearch --domtblout outputs/busco_output/run_saccharomycetaceae_odb12/hmmer_output/32978at4893.out --cpu 1 /data/busco_downloads/lineages/saccharomycetaceae_odb12/hmms/32978at4893.hmm outputs/busco_output/run_saccharomycetaceae_odb12/miniprot_output/translated_proteins/32978at4893.faa
2026-09-24 16:32:12 DEBUG:busco.busco_tools.Toolset	cmd call: hmmsearch --domtblout outputs/busco_output/run_saccharomycetaceae_odb12/hmmer_output/30811at4893.out --cpu 1 /data/busco_downloads/lineages/saccharomycetaceae_odb12/hmms/30811at4893.hmm outputs/busco_output/run_saccharomycetaceae_odb12/miniprot_output/translated_proteins/30811at4893.faa
2026-09-24 16:32:12 DEBUG:busco.busco_tools.Toolset	cmd call: hmmsearch --domtblout outputs/busco_output/run_saccharomycetaceae_odb12/hmmer_output/33185at4893.out --cpu 1 /data/busco_downloads/lineages/saccharomycetaceae_odb12/hmms/33185at4893.hmm outputs/busco_output/run_saccharomycetaceae_odb12/miniprot_output/translated_proteins/33185at4893.faa
2026-09-24 16:32:12 DEBUG:busco.busco_tools.Toolset	cmd call: hmmsearch --domtblout outputs/busco_output/run_saccharomycetaceae_odb12/hmmer_output/31956at4893.out --cpu 1 /data/busco_downloads/lineages/saccharomycetaceae_odb12/hmms/31956at4893.hmm outputs/busco_output/run_saccharomycetaceae_odb12/miniprot_output/translated_proteins/31956at4893.faa
2026-09-24 16:32:12 DEBUG:busco.busco_tools.Toolset	cmd call: hmmsearch --domtblout outputs/busco_output/run_saccharomycetaceae_odb12/hmmer_output/29818at4893.out --cpu 1 /data/busco_downloads/lineages/saccharomycetaceae_odb12/hmms/29818at4893.hmm outputs/busco_output/run_saccharomycetaceae_odb12/miniprot_output/translated_proteins/29818at4893.faa
2026-09-24 16:32:12 DEBUG:busco.busco_tools.Toolset	cmd call: hmmsearch --domtblout outputs/busco_output/run_saccharomycetaceae_odb12/hmmer_output/34219at4893.out --cpu 1 /data/busco_downloads/lineages/saccharomycetaceae_odb12/hmms/34219at4893.hmm outputs/busco_output/run_saccharomycetaceae_odb12/miniprot_output/translated_proteins/34219at4893.faa
2026-09-24 16:32:12 DEBUG:busco.busco_tools.Toolset	cmd call: hmmsearch --domtblout outputs/busco_output/run_saccharomycetaceae_odb12/hmmer_output/27418at4893.out --cpu 1 /data/busco_downloads/lineages/saccharomycetaceae_odb12/hmms/27418at4893.hmm outputs/busco_output/run_saccharomycetaceae_odb12/miniprot_output/translated_proteins/27418at4893.faa
2026-09-24 16:32:12 DEBUG:busco.busco_tools.Toolset	cmd call: hmmsearch --domtblout outputs/busco_output/run_saccharomycetaceae_odb12/hmmer_output/35006at4893.out --cpu 1 /data/busco_downloads/lineages/saccharomycetaceae_odb12/hmms/35006at4893.hmm outputs/busco_output/run_saccharomycetaceae_odb12/miniprot_output/translated_proteins/35006at4893.faa
2026-09-24 16:32:12 DEBUG:busco.busco_tools.Toolset	cmd call: hmmsearch --domtblout outputs/busco_output/run_saccharomycetaceae_odb12/hmmer_output/32979at4893.out --cpu 1 /data/busco_downloads/lineages/saccharomycetaceae_odb12/hmms/32979at4893.hmm outputs/busco_output/run_saccharomycetaceae_odb12/miniprot_output/translated_proteins/32979at4893.faa
2026-09-24 16:32:12 DEBUG:busco.busco_tools.Toolset	cmd call: hmmsearch --domtblout outputs/busco_output/run_saccharomycetaceae_odb12/hmmer_output/31960at4893.out --cpu 1 /data/busco_downloads/lineages/saccharomycetaceae_odb12/hmms/31960at4893.hmm outputs/busco_output/run_saccharomycetaceae_odb12/miniprot_output/translated_proteins/31960at4893.faa
2026-09-24 16:32:12 DEBUG:busco.busco_tools.Toolset	cmd call: hmmsearch --domtblout outputs/busco_output/run_saccharomycetaceae_odb12/hmmer_output/35019at4893.out --cpu 1 /data/busco_downloads/lineages/saccharomycetaceae_odb12/hmms/35019at4893.hmm outputs/busco_output/run_saccharomycetaceae_odb12/miniprot_output/translated_proteins/35019at4893.faa
2026-09-24 16:32:12 DEBUG:busco.busco_tools.Toolset	cmd call: hmmsearch --domtblout outputs/busco_output/run_saccharomycetaceae_odb12/hmmer_output/27443at4893.out --cpu 1 /data/busco_downloads/lineages/saccharomycetaceae_odb12/hmms/27443at4893.hmm outputs/busco_output/run_saccharomycetaceae_odb12/miniprot_output/translated_proteins/27443at4893.faa
2026-09-24 16:32:12 DEBUG:busco.busco_tools.Toolset	cmd call: hmmsearch --domtblout outputs/busco_output/run_saccharomycetaceae_odb12/hmmer_output/33205at4893.out --cpu 1 /data/busco_downloads/lineages/saccharomycetaceae_odb12/hmms/33205at4893.hmm outputs/busco_output/run_saccharomycetaceae_odb12/miniprot_output/translated_proteins/33205at4893.faa
2026-09-24 16:32:12 DEBUG:busco.busco_tools.Toolset	cmd call: hmmsearch --domtblout outputs/busco_output/run_saccharomycetaceae_odb12/hmmer_output/30814at4893.out --cpu 1 /data/busco_downloads/lineages/saccharomycetaceae_odb12/hmms/30814at4893.hmm outputs/busco_output/run_saccharomycetaceae_odb12/miniprot_output/translated_proteins/30814at4893.faa
2026-09-24 16:32:12 DEBUG:busco.busco_tools.Toolset	cmd call: hmmsearch --domtblout outputs/busco_output/run_saccharomycetaceae_odb12/hmmer_output/34222at4893.out --cpu 1 /data/busco_downloads/lineages/saccharomycetaceae_odb12/hmms/34222at4893.hmm outputs/busco_output/run_saccharomycetaceae_odb12/miniprot_output/translated_proteins/34222at4893.faa
2026-09-24 16:32:12 DEBUG:busco.busco_tools.Toolset	cmd call: hmmsearch --domtblout outputs/busco_output/run_saccharomycetaceae_odb12/hmmer_output/2981at4893.out --cpu 1 /data/busco_downloads/lineages/saccharomycetaceae_odb12/hmms/2981at4893.hmm outputs/busco_output/run_saccharomycetaceae_odb12/miniprot_output/translated_proteins/2981at4893.faa
2026-09-24 16:32:12 DEBUG:busco.busco_tools.Toolset	cmd call: hmmsearch --domtblout outputs/busco_output/run_saccharomycetaceae_odb12/hmmer_output/32981at4893.out --cpu 1 /data/busco_downloads/lineages/saccharomycetaceae_odb12/hmms/32981at4893.hmm outputs/busco_output/run_saccharomycetaceae_odb12/miniprot_output/translated_proteins/32981at4893.faa
2026-09-24 16:32:12 DEBUG:busco.busco_tools.Toolset	cmd call: hmmsearch --domtblout outputs/busco_output/run_saccharomycetaceae_odb12/hmmer_output/35032at4893.out --cpu 1 /data/busco_downloads/lineages/saccharomycetaceae_odb12/hmms/35032at4893.hmm outputs/busco_output/run_saccharomycetaceae_odb12/miniprot_output/translated_proteins/35032at4893.faa
2026-09-24 16:32:12 DEBUG:busco.busco_tools.Toolset	cmd call: hmmsearch --domtblout outputs/busco_output/run_saccharomycetaceae_odb12/hmmer_output/34223at4893.out --cpu 1 /data/busco_downloads/lineages/saccharomycetaceae_odb12/hmms/34223at4893.hmm outputs/busco_output/run_saccharomycetaceae_odb12/miniprot_output/translated_proteins/34223at4893.faa
2026-09-24 16:32:12 DEBUG:busco.busco_tools.Toolset	cmd call: hmmsearch --domtblout outputs/busco_output/run_saccharomycetaceae_odb12/hmmer_output/3081at4893.out --cpu 1 /data/busco_downloads/lineages/saccharomycetaceae_odb12/hmms/3081at4893.hmm outputs/busco_output/run_saccharomycetaceae_odb12/miniprot_output/translated_proteins/3081at4893.faa
2026-09-24 16:32:12 DEBUG:busco.busco_tools.Toolset	cmd call: hmmsearch --domtblout outputs/busco_output/run_saccharomycetaceae_odb12/hmmer_output/31975at4893.out --cpu 1 /data/busco_downloads/lineages/saccharomycetaceae_odb12/hmms/31975at4893.hmm outputs/busco_output/run_saccharomycetaceae_odb12/miniprot_output/translated_proteins/31975at4893.faa
2026-09-24 16:32:12 DEBUG:busco.busco_tools.Toolset	cmd call: hmmsearch --domtblout outputs/busco_output/run_saccharomycetaceae_odb12/hmmer_output/33227at4893.out --cpu 1 /data/busco_downloads/lineages/saccharomycetaceae_odb12/hmms/33227at4893.hmm outputs/busco_output/run_saccharomycetaceae_odb12/miniprot_output/translated_proteins/33227at4893.faa
2026-09-24 16:32:12 DEBUG:busco.busco_tools.Toolset	cmd call: hmmsearch --domtblout outputs/busco_output/run_saccharomycetaceae_odb12/hmmer_output/29844at4893.out --cpu 1 /data/busco_downloads/lineages/saccharomycetaceae_odb12/hmms/29844at4893.hmm outputs/busco_output/run_saccharomycetaceae_odb12/miniprot_output/translated_proteins/29844at4893.faa
2026-09-24 16:32:12 DEBUG:busco.busco_tools.Toolset	cmd call: hmmsearch --domtblout outputs/busco_output/run_saccharomycetaceae_odb12/hmmer_output/27445at4893.out --cpu 1 /data/busco_downloads/lineages/saccharomycetaceae_odb12/hmms/27445at4893.hmm outputs/busco_output/run_saccharomycetaceae_odb12/miniprot_output/translated_proteins/27445at4893.faa
2026-09-24 16:32:12 DEBUG:busco.busco_tools.Toolset	cmd call: hmmsearch --domtblout outputs/busco_output/run_saccharomycetaceae_odb12/hmmer_output/32994at4893.out --cpu 1 /data/busco_downloads/lineages/saccharomycetaceae_odb12/hmms/32994at4893.hmm outputs/busco_output/run_saccharomycetaceae_odb12/miniprot_output/translated_proteins/32994at4893.faa
2026-09-24 16:32:12 INFO:busco.busco_tools.Toolset	[hmmsearch]	1065 of 2129 task(s) completed
2026-09-24 16:32:12 DEBUG:busco.busco_tools.Toolset	cmd call: hmmsearch --domtblout outputs/busco_output/run_saccharomycetaceae_odb12/hmmer_output/34226at4893.out --cpu 1 /data/busco_downloads/lineages/saccharomycetaceae_odb12/hmms/34226at4893.hmm outputs/busco_output/run_saccharomycetaceae_odb12/miniprot_output/translated_proteins/34226at4893.faa
2026-09-24 16:32:12 DEBUG:busco.busco_tools.Toolset	cmd call: hmmsearch --domtblout outputs/busco_output/run_saccharomycetaceae_odb12/hmmer_output/35035at4893.out --cpu 1 /data/busco_downloads/lineages/saccharomycetaceae_odb12/hmms/35035at4893.hmm outputs/busco_output/run_saccharomycetaceae_odb12/miniprot_output/translated_proteins/35035at4893.faa
2026-09-24 16:32:12 DEBUG:busco.busco_tools.Toolset	cmd call: hmmsearch --domtblout outputs/busco_output/run_saccharomycetaceae_odb12/hmmer_output/30827at4893.out --cpu 1 /data/busco_downloads/lineages/saccharomycetaceae_odb12/hmms/30827at4893.hmm outputs/busco_output/run_saccharomycetaceae_odb12/miniprot_output/translated_proteins/30827at4893.faa
2026-09-24 16:32:12 DEBUG:busco.busco_tools.Toolset	cmd call: hmmsearch --domtblout outputs/busco_output/run_saccharomycetaceae_odb12/hmmer_output/27452at4893.out --cpu 1 /data/busco_downloads/lineages/saccharomycetaceae_odb12/hmms/27452at4893.hmm outputs/busco_output/run_saccharomycetaceae_odb12/miniprot_output/translated_proteins/27452at4893.faa
2026-09-24 16:32:12 DEBUG:busco.busco_tools.Toolset	cmd call: hmmsearch --domtblout outputs/busco_output/run_saccharomycetaceae_odb12/hmmer_output/31996at4893.out --cpu 1 /data/busco_downloads/lineages/saccharomycetaceae_odb12/hmms/31996at4893.hmm outputs/busco_output/run_saccharomycetaceae_odb12/miniprot_output/translated_proteins/31996at4893.faa
2026-09-24 16:32:12 DEBUG:busco.busco_tools.Toolset	cmd call: hmmsearch --domtblout outputs/busco_output/run_saccharomycetaceae_odb12/hmmer_output/33244at4893.out --cpu 1 /data/busco_downloads/lineages/saccharomycetaceae_odb12/hmms/33244at4893.hmm outputs/busco_output/run_saccharomycetaceae_odb12/miniprot_output/translated_proteins/33244at4893.faa
2026-09-24 16:32:12 DEBUG:busco.busco_tools.Toolset	cmd call: hmmsearch --domtblout outputs/busco_output/run_saccharomycetaceae_odb12/hmmer_output/29852at4893.out --cpu 1 /data/busco_downloads/lineages/saccharomycetaceae_odb12/hmms/29852at4893.hmm outputs/busco_output/run_saccharomycetaceae_odb12/miniprot_output/translated_proteins/29852at4893.faa
2026-09-24 16:32:12 DEBUG:busco.busco_tools.Toolset	cmd call: hmmsearch --domtblout outputs/busco_output/run_saccharomycetaceae_odb12/hmmer_output/35036at4893.out --cpu 1 /data/busco_downloads/lineages/saccharomycetaceae_odb12/hmms/35036at4893.hmm outputs/busco_output/run_saccharomycetaceae_odb12/miniprot_output/translated_proteins/35036at4893.faa
2026-09-24 16:32:12 DEBUG:busco.busco_tools.Toolset	cmd call: hmmsearch --domtblout outputs/busco_output/run_saccharomycetaceae_odb12/hmmer_output/32998at4893.out --cpu 1 /data/busco_downloads/lineages/saccharomycetaceae_odb12/hmms/32998at4893.hmm outputs/busco_output/run_saccharomycetaceae_odb12/miniprot_output/translated_proteins/32998at4893.faa
2026-09-24 16:32:12 DEBUG:busco.busco_tools.Toolset	cmd call: hmmsearch --domtblout outputs/busco_output/run_saccharomycetaceae_odb12/hmmer_output/29864at4893.out --cpu 1 /data/busco_downloads/lineages/saccharomycetaceae_odb12/hmms/29864at4893.hmm outputs/busco_output/run_saccharomycetaceae_odb12/miniprot_output/translated_proteins/29864at4893.faa
2026-09-24 16:32:12 DEBUG:busco.busco_tools.Toolset	cmd call: hmmsearch --domtblout outputs/busco_output/run_saccharomycetaceae_odb12/hmmer_output/27453at4893.out --cpu 1 /data/busco_downloads/lineages/saccharomycetaceae_odb12/hmms/27453at4893.hmm outputs/busco_output/run_saccharomycetaceae_odb12/miniprot_output/translated_proteins/27453at4893.faa
2026-09-24 16:32:12 DEBUG:busco.busco_tools.Toolset	cmd call: hmmsearch --domtblout outputs/busco_output/run_saccharomycetaceae_odb12/hmmer_output/30843at4893.out --cpu 1 /data/busco_downloads/lineages/saccharomycetaceae_odb12/hmms/30843at4893.hmm outputs/busco_output/run_saccharomycetaceae_odb12/miniprot_output/translated_proteins/30843at4893.faa
2026-09-24 16:32:12 DEBUG:busco.busco_tools.Toolset	cmd call: hmmsearch --domtblout outputs/busco_output/run_saccharomycetaceae_odb12/hmmer_output/34270at4893.out --cpu 1 /data/busco_downloads/lineages/saccharomycetaceae_odb12/hmms/34270at4893.hmm outputs/busco_output/run_saccharomycetaceae_odb12/miniprot_output/translated_proteins/34270at4893.faa
2026-09-24 16:32:12 DEBUG:busco.busco_tools.Toolset	cmd call: hmmsearch --domtblout outputs/busco_output/run_saccharomycetaceae_odb12/hmmer_output/32047at4893.out --cpu 1 /data/busco_downloads/lineages/saccharomycetaceae_odb12/hmms/32047at4893.hmm outputs/busco_output/run_saccharomycetaceae_odb12/miniprot_output/translated_proteins/32047at4893.faa
2026-09-24 16:32:12 DEBUG:busco.busco_tools.Toolset	cmd call: hmmsearch --domtblout outputs/busco_output/run_saccharomycetaceae_odb12/hmmer_output/33253at4893.out --cpu 1 /data/busco_downloads/lineages/saccharomycetaceae_odb12/hmms/33253at4893.hmm outputs/busco_output/run_saccharomycetaceae_odb12/miniprot_output/translated_proteins/33253at4893.faa
2026-09-24 16:32:12 DEBUG:busco.busco_tools.Toolset	cmd call: hmmsearch --domtblout outputs/busco_output/run_saccharomycetaceae_odb12/hmmer_output/35037at4893.out --cpu 1 /data/busco_downloads/lineages/saccharomycetaceae_odb12/hmms/35037at4893.hmm outputs/busco_output/run_saccharomycetaceae_odb12/miniprot_output/translated_proteins/35037at4893.faa
2026-09-24 16:32:12 DEBUG:busco.busco_tools.Toolset	cmd call: hmmsearch --domtblout outputs/busco_output/run_saccharomycetaceae_odb12/hmmer_output/33019at4893.out --cpu 1 /data/busco_downloads/lineages/saccharomycetaceae_odb12/hmms/33019at4893.hmm outputs/busco_output/run_saccharomycetaceae_odb12/miniprot_output/translated_proteins/33019at4893.faa
2026-09-24 16:32:12 DEBUG:busco.busco_tools.Toolset	cmd call: hmmsearch --domtblout outputs/busco_output/run_saccharomycetaceae_odb12/hmmer_output/29868at4893.out --cpu 1 /data/busco_downloads/lineages/saccharomycetaceae_odb12/hmms/29868at4893.hmm outputs/busco_output/run_saccharomycetaceae_odb12/miniprot_output/translated_proteins/29868at4893.faa
2026-09-24 16:32:13 DEBUG:busco.busco_tools.Toolset	cmd call: hmmsearch --domtblout outputs/busco_output/run_saccharomycetaceae_odb12/hmmer_output/32073at4893.out --cpu 1 /data/busco_downloads/lineages/saccharomycetaceae_odb12/hmms/32073at4893.hmm outputs/busco_output/run_saccharomycetaceae_odb12/miniprot_output/translated_proteins/32073at4893.faa
2026-09-24 16:32:13 DEBUG:busco.busco_tools.Toolset	cmd call: hmmsearch --domtblout outputs/busco_output/run_saccharomycetaceae_odb12/hmmer_output/35941at4893.out --cpu 1 /data/busco_downloads/lineages/saccharomycetaceae_odb12/hmms/35941at4893.hmm outputs/busco_output/run_saccharomycetaceae_odb12/miniprot_output/translated_proteins/35941at4893.faa
2026-09-24 16:32:13 DEBUG:busco.busco_tools.Toolset	cmd call: hmmsearch --domtblout outputs/busco_output/run_saccharomycetaceae_odb12/hmmer_output/36787at4893.out --cpu 1 /data/busco_downloads/lineages/saccharomycetaceae_odb12/hmms/36787at4893.hmm outputs/busco_output/run_saccharomycetaceae_odb12/miniprot_output/translated_proteins/36787at4893.faa
2026-09-24 16:32:13 DEBUG:busco.busco_tools.Toolset	cmd call: hmmsearch --domtblout outputs/busco_output/run_saccharomycetaceae_odb12/hmmer_output/33053at4893.out --cpu 1 /data/busco_downloads/lineages/saccharomycetaceae_odb12/hmms/33053at4893.hmm outputs/busco_output/run_saccharomycetaceae_odb12/miniprot_output/translated_proteins/33053at4893.faa
2026-09-24 16:32:13 DEBUG:busco.busco_tools.Toolset	cmd call: hmmsearch --domtblout outputs/busco_output/run_saccharomycetaceae_odb12/hmmer_output/33303at4893.out --cpu 1 /data/busco_downloads/lineages/saccharomycetaceae_odb12/hmms/33303at4893.hmm outputs/busco_output/run_saccharomycetaceae_odb12/miniprot_output/translated_proteins/33303at4893.faa
2026-09-24 16:32:13 DEBUG:busco.busco_tools.Toolset	cmd call: hmmsearch --domtblout outputs/busco_output/run_saccharomycetaceae_odb12/hmmer_output/35041at4893.out --cpu 1 /data/busco_downloads/lineages/saccharomycetaceae_odb12/hmms/35041at4893.hmm outputs/busco_output/run_saccharomycetaceae_odb12/miniprot_output/translated_proteins/35041at4893.faa
2026-09-24 16:32:13 DEBUG:busco.busco_tools.Toolset	cmd call: hmmsearch --domtblout outputs/busco_output/run_saccharomycetaceae_odb12/hmmer_output/34275at4893.out --cpu 1 /data/busco_downloads/lineages/saccharomycetaceae_odb12/hmms/34275at4893.hmm outputs/busco_output/run_saccharomycetaceae_odb12/miniprot_output/translated_proteins/34275at4893.faa
2026-09-24 16:32:13 DEBUG:busco.busco_tools.Toolset	cmd call: hmmsearch --domtblout outputs/busco_output/run_saccharomycetaceae_odb12/hmmer_output/30855at4893.out --cpu 1 /data/busco_downloads/lineages/saccharomycetaceae_odb12/hmms/30855at4893.hmm outputs/busco_output/run_saccharomycetaceae_odb12/miniprot_output/translated_proteins/30855at4893.faa
2026-09-24 16:32:13 DEBUG:busco.busco_tools.Toolset	cmd call: hmmsearch --domtblout outputs/busco_output/run_saccharomycetaceae_odb12/hmmer_output/32087at4893.out --cpu 1 /data/busco_downloads/lineages/saccharomycetaceae_odb12/hmms/32087at4893.hmm outputs/busco_output/run_saccharomycetaceae_odb12/miniprot_output/translated_proteins/32087at4893.faa
2026-09-24 16:32:13 DEBUG:busco.busco_tools.Toolset	cmd call: hmmsearch --domtblout outputs/busco_output/run_saccharomycetaceae_odb12/hmmer_output/36801at4893.out --cpu 1 /data/busco_downloads/lineages/saccharomycetaceae_odb12/hmms/36801at4893.hmm outputs/busco_output/run_saccharomycetaceae_odb12/miniprot_output/translated_proteins/36801at4893.faa
2026-09-24 16:32:13 DEBUG:busco.busco_tools.Toolset	cmd call: hmmsearch --domtblout outputs/busco_output/run_saccharomycetaceae_odb12/hmmer_output/35961at4893.out --cpu 1 /data/busco_downloads/lineages/saccharomycetaceae_odb12/hmms/35961at4893.hmm outputs/busco_output/run_saccharomycetaceae_odb12/miniprot_output/translated_proteins/35961at4893.faa
2026-09-24 16:32:13 DEBUG:busco.busco_tools.Toolset	cmd call: hmmsearch --domtblout outputs/busco_output/run_saccharomycetaceae_odb12/hmmer_output/37630at4893.out --cpu 1 /data/busco_downloads/lineages/saccharomycetaceae_odb12/hmms/37630at4893.hmm outputs/busco_output/run_saccharomycetaceae_odb12/miniprot_output/translated_proteins/37630at4893.faa
2026-09-24 16:32:13 DEBUG:busco.busco_tools.Toolset	cmd call: hmmsearch --domtblout outputs/busco_output/run_saccharomycetaceae_odb12/hmmer_output/34287at4893.out --cpu 1 /data/busco_downloads/lineages/saccharomycetaceae_odb12/hmms/34287at4893.hmm outputs/busco_output/run_saccharomycetaceae_odb12/miniprot_output/translated_proteins/34287at4893.faa
2026-09-24 16:32:13 DEBUG:busco.busco_tools.Toolset	cmd call: hmmsearch --domtblout outputs/busco_output/run_saccharomycetaceae_odb12/hmmer_output/35049at4893.out --cpu 1 /data/busco_downloads/lineages/saccharomycetaceae_odb12/hmms/35049at4893.hmm outputs/busco_output/run_saccharomycetaceae_odb12/miniprot_output/translated_proteins/35049at4893.faa
2026-09-24 16:32:13 DEBUG:busco.busco_tools.Toolset	cmd call: hmmsearch --domtblout outputs/busco_output/run_saccharomycetaceae_odb12/hmmer_output/33309at4893.out --cpu 1 /data/busco_downloads/lineages/saccharomycetaceae_odb12/hmms/33309at4893.hmm outputs/busco_output/run_saccharomycetaceae_odb12/miniprot_output/translated_proteins/33309at4893.faa
2026-09-24 16:32:13 DEBUG:busco.busco_tools.Toolset	cmd call: hmmsearch --domtblout outputs/busco_output/run_saccharomycetaceae_odb12/hmmer_output/3086at4893.out --cpu 1 /data/busco_downloads/lineages/saccharomycetaceae_odb12/hmms/3086at4893.hmm outputs/busco_output/run_saccharomycetaceae_odb12/miniprot_output/translated_proteins/3086at4893.faa
2026-09-24 16:32:13 DEBUG:busco.busco_tools.Toolset	cmd call: hmmsearch --domtblout outputs/busco_output/run_saccharomycetaceae_odb12/hmmer_output/32090at4893.out --cpu 1 /data/busco_downloads/lineages/saccharomycetaceae_odb12/hmms/32090at4893.hmm outputs/busco_output/run_saccharomycetaceae_odb12/miniprot_output/translated_proteins/32090at4893.faa
2026-09-24 16:32:13 DEBUG:busco.busco_tools.Toolset	cmd call: hmmsearch --domtblout outputs/busco_output/run_saccharomycetaceae_odb12/hmmer_output/36805at4893.out --cpu 1 /data/busco_downloads/lineages/saccharomycetaceae_odb12/hmms/36805at4893.hmm outputs/busco_output/run_saccharomycetaceae_odb12/miniprot_output/translated_proteins/36805at4893.faa
2026-09-24 16:32:13 DEBUG:busco.busco_tools.Toolset	cmd call: hmmsearch --domtblout outputs/busco_output/run_saccharomycetaceae_odb12/hmmer_output/34346at4893.out --cpu 1 /data/busco_downloads/lineages/saccharomycetaceae_odb12/hmms/34346at4893.hmm outputs/busco_output/run_saccharomycetaceae_odb12/miniprot_output/translated_proteins/34346at4893.faa
2026-09-24 16:32:13 DEBUG:busco.busco_tools.Toolset	cmd call: hmmsearch --domtblout outputs/busco_output/run_saccharomycetaceae_odb12/hmmer_output/35060at4893.out --cpu 1 /data/busco_downloads/lineages/saccharomycetaceae_odb12/hmms/35060at4893.hmm outputs/busco_output/run_saccharomycetaceae_odb12/miniprot_output/translated_proteins/35060at4893.faa
2026-09-24 16:32:13 DEBUG:busco.busco_tools.Toolset	cmd call: hmmsearch --domtblout outputs/busco_output/run_saccharomycetaceae_odb12/hmmer_output/35970at4893.out --cpu 1 /data/busco_downloads/lineages/saccharomycetaceae_odb12/hmms/35970at4893.hmm outputs/busco_output/run_saccharomycetaceae_odb12/miniprot_output/translated_proteins/35970at4893.faa
2026-09-24 16:32:13 DEBUG:busco.busco_tools.Toolset	cmd call: hmmsearch --domtblout outputs/busco_output/run_saccharomycetaceae_odb12/hmmer_output/37636at4893.out --cpu 1 /data/busco_downloads/lineages/saccharomycetaceae_odb12/hmms/37636at4893.hmm outputs/busco_output/run_saccharomycetaceae_odb12/miniprot_output/translated_proteins/37636at4893.faa
2026-09-24 16:32:13 DEBUG:busco.busco_tools.Toolset	cmd call: hmmsearch --domtblout outputs/busco_output/run_saccharomycetaceae_odb12/hmmer_output/36829at4893.out --cpu 1 /data/busco_downloads/lineages/saccharomycetaceae_odb12/hmms/36829at4893.hmm outputs/busco_output/run_saccharomycetaceae_odb12/miniprot_output/translated_proteins/36829at4893.faa
2026-09-24 16:32:13 DEBUG:busco.busco_tools.Toolset	cmd call: hmmsearch --domtblout outputs/busco_output/run_saccharomycetaceae_odb12/hmmer_output/33329at4893.out --cpu 1 /data/busco_downloads/lineages/saccharomycetaceae_odb12/hmms/33329at4893.hmm outputs/busco_output/run_saccharomycetaceae_odb12/miniprot_output/translated_proteins/33329at4893.faa
2026-09-24 16:32:13 DEBUG:busco.busco_tools.Toolset	cmd call: hmmsearch --domtblout outputs/busco_output/run_saccharomycetaceae_odb12/hmmer_output/38354at4893.out --cpu 1 /data/busco_downloads/lineages/saccharomycetaceae_odb12/hmms/38354at4893.hmm outputs/busco_output/run_saccharomycetaceae_odb12/miniprot_output/translated_proteins/38354at4893.faa
2026-09-24 16:32:13 DEBUG:busco.busco_tools.Toolset	cmd call: hmmsearch --domtblout outputs/busco_output/run_saccharomycetaceae_odb12/hmmer_output/39067at4893.out --cpu 1 /data/busco_downloads/lineages/saccharomycetaceae_odb12/hmms/39067at4893.hmm outputs/busco_output/run_saccharomycetaceae_odb12/miniprot_output/translated_proteins/39067at4893.faa
2026-09-24 16:32:13 DEBUG:busco.busco_tools.Toolset	cmd call: hmmsearch --domtblout outputs/busco_output/run_saccharomycetaceae_odb12/hmmer_output/35075at4893.out --cpu 1 /data/busco_downloads/lineages/saccharomycetaceae_odb12/hmms/35075at4893.hmm outputs/busco_output/run_saccharomycetaceae_odb12/miniprot_output/translated_proteins/35075at4893.faa
2026-09-24 16:32:13 DEBUG:busco.busco_tools.Toolset	cmd call: hmmsearch --domtblout outputs/busco_output/run_saccharomycetaceae_odb12/hmmer_output/3434at4893.out --cpu 1 /data/busco_downloads/lineages/saccharomycetaceae_odb12/hmms/3434at4893.hmm outputs/busco_output/run_saccharomycetaceae_odb12/miniprot_output/translated_proteins/3434at4893.faa
2026-09-24 16:32:13 DEBUG:busco.busco_tools.Toolset	cmd call: hmmsearch --domtblout outputs/busco_output/run_saccharomycetaceae_odb12/hmmer_output/35972at4893.out --cpu 1 /data/busco_downloads/lineages/saccharomycetaceae_odb12/hmms/35972at4893.hmm outputs/busco_output/run_saccharomycetaceae_odb12/miniprot_output/translated_proteins/35972at4893.faa
2026-09-24 16:32:13 DEBUG:busco.busco_tools.Toolset	cmd call: hmmsearch --domtblout outputs/busco_output/run_saccharomycetaceae_odb12/hmmer_output/36841at4893.out --cpu 1 /data/busco_downloads/lineages/saccharomycetaceae_odb12/hmms/36841at4893.hmm outputs/busco_output/run_saccharomycetaceae_odb12/miniprot_output/translated_proteins/36841at4893.faa
2026-09-24 16:32:13 DEBUG:busco.busco_tools.Toolset	cmd call: hmmsearch --domtblout outputs/busco_output/run_saccharomycetaceae_odb12/hmmer_output/37687at4893.out --cpu 1 /data/busco_downloads/lineages/saccharomycetaceae_odb12/hmms/37687at4893.hmm outputs/busco_output/run_saccharomycetaceae_odb12/miniprot_output/translated_proteins/37687at4893.faa
2026-09-24 16:32:13 DEBUG:busco.busco_tools.Toolset	cmd call: hmmsearch --domtblout outputs/busco_output/run_saccharomycetaceae_odb12/hmmer_output/3836at4893.out --cpu 1 /data/busco_downloads/lineages/saccharomycetaceae_odb12/hmms/3836at4893.hmm outputs/busco_output/run_saccharomycetaceae_odb12/miniprot_output/translated_proteins/3836at4893.faa
2026-09-24 16:32:13 DEBUG:busco.busco_tools.Toolset	cmd call: hmmsearch --domtblout outputs/busco_output/run_saccharomycetaceae_odb12/hmmer_output/3507at4893.out --cpu 1 /data/busco_downloads/lineages/saccharomycetaceae_odb12/hmms/3507at4893.hmm outputs/busco_output/run_saccharomycetaceae_odb12/miniprot_output/translated_proteins/3507at4893.faa
2026-09-24 16:32:13 DEBUG:busco.busco_tools.Toolset	cmd call: hmmsearch --domtblout outputs/busco_output/run_saccharomycetaceae_odb12/hmmer_output/33336at4893.out --cpu 1 /data/busco_downloads/lineages/saccharomycetaceae_odb12/hmms/33336at4893.hmm outputs/busco_output/run_saccharomycetaceae_odb12/miniprot_output/translated_proteins/33336at4893.faa
2026-09-24 16:32:13 DEBUG:busco.busco_tools.Toolset	cmd call: hmmsearch --domtblout outputs/busco_output/run_saccharomycetaceae_odb12/hmmer_output/34352at4893.out --cpu 1 /data/busco_downloads/lineages/saccharomycetaceae_odb12/hmms/34352at4893.hmm outputs/busco_output/run_saccharomycetaceae_odb12/miniprot_output/translated_proteins/34352at4893.faa
2026-09-24 16:32:13 DEBUG:busco.busco_tools.Toolset	cmd call: hmmsearch --domtblout outputs/busco_output/run_saccharomycetaceae_odb12/hmmer_output/36848at4893.out --cpu 1 /data/busco_downloads/lineages/saccharomycetaceae_odb12/hmms/36848at4893.hmm outputs/busco_output/run_saccharomycetaceae_odb12/miniprot_output/translated_proteins/36848at4893.faa
2026-09-24 16:32:13 DEBUG:busco.busco_tools.Toolset	cmd call: hmmsearch --domtblout outputs/busco_output/run_saccharomycetaceae_odb12/hmmer_output/35979at4893.out --cpu 1 /data/busco_downloads/lineages/saccharomycetaceae_odb12/hmms/35979at4893.hmm outputs/busco_output/run_saccharomycetaceae_odb12/miniprot_output/translated_proteins/35979at4893.faa
2026-09-24 16:32:13 DEBUG:busco.busco_tools.Toolset	cmd call: hmmsearch --domtblout outputs/busco_output/run_saccharomycetaceae_odb12/hmmer_output/376at4893.out --cpu 1 /data/busco_downloads/lineages/saccharomycetaceae_odb12/hmms/376at4893.hmm outputs/busco_output/run_saccharomycetaceae_odb12/miniprot_output/translated_proteins/376at4893.faa
2026-09-24 16:32:14 DEBUG:busco.busco_tools.Toolset	cmd call: hmmsearch --domtblout outputs/busco_output/run_saccharomycetaceae_odb12/hmmer_output/39072at4893.out --cpu 1 /data/busco_downloads/lineages/saccharomycetaceae_odb12/hmms/39072at4893.hmm outputs/busco_output/run_saccharomycetaceae_odb12/miniprot_output/translated_proteins/39072at4893.faa
2026-09-24 16:32:14 DEBUG:busco.busco_tools.Toolset	cmd call: hmmsearch --domtblout outputs/busco_output/run_saccharomycetaceae_odb12/hmmer_output/35089at4893.out --cpu 1 /data/busco_downloads/lineages/saccharomycetaceae_odb12/hmms/35089at4893.hmm outputs/busco_output/run_saccharomycetaceae_odb12/miniprot_output/translated_proteins/35089at4893.faa
2026-09-24 16:32:14 DEBUG:busco.busco_tools.Toolset	cmd call: hmmsearch --domtblout outputs/busco_output/run_saccharomycetaceae_odb12/hmmer_output/33349at4893.out --cpu 1 /data/busco_downloads/lineages/saccharomycetaceae_odb12/hmms/33349at4893.hmm outputs/busco_output/run_saccharomycetaceae_odb12/miniprot_output/translated_proteins/33349at4893.faa
2026-09-24 16:32:14 DEBUG:busco.busco_tools.Toolset	cmd call: hmmsearch --domtblout outputs/busco_output/run_saccharomycetaceae_odb12/hmmer_output/37707at4893.out --cpu 1 /data/busco_downloads/lineages/saccharomycetaceae_odb12/hmms/37707at4893.hmm outputs/busco_output/run_saccharomycetaceae_odb12/miniprot_output/translated_proteins/37707at4893.faa
2026-09-24 16:32:14 DEBUG:busco.busco_tools.Toolset	cmd call: hmmsearch --domtblout outputs/busco_output/run_saccharomycetaceae_odb12/hmmer_output/36849at4893.out --cpu 1 /data/busco_downloads/lineages/saccharomycetaceae_odb12/hmms/36849at4893.hmm outputs/busco_output/run_saccharomycetaceae_odb12/miniprot_output/translated_proteins/36849at4893.faa
2026-09-24 16:32:14 DEBUG:busco.busco_tools.Toolset	cmd call: hmmsearch --domtblout outputs/busco_output/run_saccharomycetaceae_odb12/hmmer_output/34382at4893.out --cpu 1 /data/busco_downloads/lineages/saccharomycetaceae_odb12/hmms/34382at4893.hmm outputs/busco_output/run_saccharomycetaceae_odb12/miniprot_output/translated_proteins/34382at4893.faa
2026-09-24 16:32:14 DEBUG:busco.busco_tools.Toolset	cmd call: hmmsearch --domtblout outputs/busco_output/run_saccharomycetaceae_odb12/hmmer_output/36015at4893.out --cpu 1 /data/busco_downloads/lineages/saccharomycetaceae_odb12/hmms/36015at4893.hmm outputs/busco_output/run_saccharomycetaceae_odb12/miniprot_output/translated_proteins/36015at4893.faa
2026-09-24 16:32:14 DEBUG:busco.busco_tools.Toolset	cmd call: hmmsearch --domtblout outputs/busco_output/run_saccharomycetaceae_odb12/hmmer_output/39089at4893.out --cpu 1 /data/busco_downloads/lineages/saccharomycetaceae_odb12/hmms/39089at4893.hmm outputs/busco_output/run_saccharomycetaceae_odb12/miniprot_output/translated_proteins/39089at4893.faa
2026-09-24 16:32:14 DEBUG:busco.busco_tools.Toolset	cmd call: hmmsearch --domtblout outputs/busco_output/run_saccharomycetaceae_odb12/hmmer_output/33352at4893.out --cpu 1 /data/busco_downloads/lineages/saccharomycetaceae_odb12/hmms/33352at4893.hmm outputs/busco_output/run_saccharomycetaceae_odb12/miniprot_output/translated_proteins/33352at4893.faa
2026-09-24 16:32:14 DEBUG:busco.busco_tools.Toolset	cmd call: hmmsearch --domtblout outputs/busco_output/run_saccharomycetaceae_odb12/hmmer_output/3510at4893.out --cpu 1 /data/busco_downloads/lineages/saccharomycetaceae_odb12/hmms/3510at4893.hmm outputs/busco_output/run_saccharomycetaceae_odb12/miniprot_output/translated_proteins/3510at4893.faa
2026-09-24 16:32:14 DEBUG:busco.busco_tools.Toolset	cmd call: hmmsearch --domtblout outputs/busco_output/run_saccharomycetaceae_odb12/hmmer_output/38386at4893.out --cpu 1 /data/busco_downloads/lineages/saccharomycetaceae_odb12/hmms/38386at4893.hmm outputs/busco_output/run_saccharomycetaceae_odb12/miniprot_output/translated_proteins/38386at4893.faa
2026-09-24 16:32:14 DEBUG:busco.busco_tools.Toolset	cmd call: hmmsearch --domtblout outputs/busco_output/run_saccharomycetaceae_odb12/hmmer_output/36022at4893.out --cpu 1 /data/busco_downloads/lineages/saccharomycetaceae_odb12/hmms/36022at4893.hmm outputs/busco_output/run_saccharomycetaceae_odb12/miniprot_output/translated_proteins/36022at4893.faa
2026-09-24 16:32:14 DEBUG:busco.busco_tools.Toolset	cmd call: hmmsearch --domtblout outputs/busco_output/run_saccharomycetaceae_odb12/hmmer_output/37722at4893.out --cpu 1 /data/busco_downloads/lineages/saccharomycetaceae_odb12/hmms/37722at4893.hmm outputs/busco_output/run_saccharomycetaceae_odb12/miniprot_output/translated_proteins/37722at4893.faa
2026-09-24 16:32:14 DEBUG:busco.busco_tools.Toolset	cmd call: hmmsearch --domtblout outputs/busco_output/run_saccharomycetaceae_odb12/hmmer_output/3438at4893.out --cpu 1 /data/busco_downloads/lineages/saccharomycetaceae_odb12/hmms/3438at4893.hmm outputs/busco_output/run_saccharomycetaceae_odb12/miniprot_output/translated_proteins/3438at4893.faa
2026-09-24 16:32:14 DEBUG:busco.busco_tools.Toolset	cmd call: hmmsearch --domtblout outputs/busco_output/run_saccharomycetaceae_odb12/hmmer_output/39090at4893.out --cpu 1 /data/busco_downloads/lineages/saccharomycetaceae_odb12/hmms/39090at4893.hmm outputs/busco_output/run_saccharomycetaceae_odb12/miniprot_output/translated_proteins/39090at4893.faa
2026-09-24 16:32:14 DEBUG:busco.busco_tools.Toolset	cmd call: hmmsearch --domtblout outputs/busco_output/run_saccharomycetaceae_odb12/hmmer_output/35145at4893.out --cpu 1 /data/busco_downloads/lineages/saccharomycetaceae_odb12/hmms/35145at4893.hmm outputs/busco_output/run_saccharomycetaceae_odb12/miniprot_output/translated_proteins/35145at4893.faa
2026-09-24 16:32:14 DEBUG:busco.busco_tools.Toolset	cmd call: hmmsearch --domtblout outputs/busco_output/run_saccharomycetaceae_odb12/hmmer_output/33355at4893.out --cpu 1 /data/busco_downloads/lineages/saccharomycetaceae_odb12/hmms/33355at4893.hmm outputs/busco_output/run_saccharomycetaceae_odb12/miniprot_output/translated_proteins/33355at4893.faa
2026-09-24 16:32:14 DEBUG:busco.busco_tools.Toolset	cmd call: hmmsearch --domtblout outputs/busco_output/run_saccharomycetaceae_odb12/hmmer_output/3839at4893.out --cpu 1 /data/busco_downloads/lineages/saccharomycetaceae_odb12/hmms/3839at4893.hmm outputs/busco_output/run_saccharomycetaceae_odb12/miniprot_output/translated_proteins/3839at4893.faa
2026-09-24 16:32:14 DEBUG:busco.busco_tools.Toolset	cmd call: hmmsearch --domtblout outputs/busco_output/run_saccharomycetaceae_odb12/hmmer_output/37736at4893.out --cpu 1 /data/busco_downloads/lineages/saccharomycetaceae_odb12/hmms/37736at4893.hmm outputs/busco_output/run_saccharomycetaceae_odb12/miniprot_output/translated_proteins/37736at4893.faa
2026-09-24 16:32:14 DEBUG:busco.busco_tools.Toolset	cmd call: hmmsearch --domtblout outputs/busco_output/run_saccharomycetaceae_odb12/hmmer_output/36059at4893.out --cpu 1 /data/busco_downloads/lineages/saccharomycetaceae_odb12/hmms/36059at4893.hmm outputs/busco_output/run_saccharomycetaceae_odb12/miniprot_output/translated_proteins/36059at4893.faa
2026-09-24 16:32:14 DEBUG:busco.busco_tools.Toolset	cmd call: hmmsearch --domtblout outputs/busco_output/run_saccharomycetaceae_odb12/hmmer_output/3687at4893.out --cpu 1 /data/busco_downloads/lineages/saccharomycetaceae_odb12/hmms/3687at4893.hmm outputs/busco_output/run_saccharomycetaceae_odb12/miniprot_output/translated_proteins/3687at4893.faa
2026-09-24 16:32:14 DEBUG:busco.busco_tools.Toolset	cmd call: hmmsearch --domtblout outputs/busco_output/run_saccharomycetaceae_odb12/hmmer_output/35147at4893.out --cpu 1 /data/busco_downloads/lineages/saccharomycetaceae_odb12/hmms/35147at4893.hmm outputs/busco_output/run_saccharomycetaceae_odb12/miniprot_output/translated_proteins/35147at4893.faa
2026-09-24 16:32:14 DEBUG:busco.busco_tools.Toolset	cmd call: hmmsearch --domtblout outputs/busco_output/run_saccharomycetaceae_odb12/hmmer_output/39100at4893.out --cpu 1 /data/busco_downloads/lineages/saccharomycetaceae_odb12/hmms/39100at4893.hmm outputs/busco_output/run_saccharomycetaceae_odb12/miniprot_output/translated_proteins/39100at4893.faa
2026-09-24 16:32:14 DEBUG:busco.busco_tools.Toolset	cmd call: hmmsearch --domtblout outputs/busco_output/run_saccharomycetaceae_odb12/hmmer_output/36889at4893.out --cpu 1 /data/busco_downloads/lineages/saccharomycetaceae_odb12/hmms/36889at4893.hmm outputs/busco_output/run_saccharomycetaceae_odb12/miniprot_output/translated_proteins/36889at4893.faa
2026-09-24 16:32:14 DEBUG:busco.busco_tools.Toolset	cmd call: hmmsearch --domtblout outputs/busco_output/run_saccharomycetaceae_odb12/hmmer_output/33363at4893.out --cpu 1 /data/busco_downloads/lineages/saccharomycetaceae_odb12/hmms/33363at4893.hmm outputs/busco_output/run_saccharomycetaceae_odb12/miniprot_output/translated_proteins/33363at4893.faa
2026-09-24 16:32:14 DEBUG:busco.busco_tools.Toolset	cmd call: hmmsearch --domtblout outputs/busco_output/run_saccharomycetaceae_odb12/hmmer_output/36068at4893.out --cpu 1 /data/busco_downloads/lineages/saccharomycetaceae_odb12/hmms/36068at4893.hmm outputs/busco_output/run_saccharomycetaceae_odb12/miniprot_output/translated_proteins/36068at4893.faa
2026-09-24 16:32:14 DEBUG:busco.busco_tools.Toolset	cmd call: hmmsearch --domtblout outputs/busco_output/run_saccharomycetaceae_odb12/hmmer_output/37755at4893.out --cpu 1 /data/busco_downloads/lineages/saccharomycetaceae_odb12/hmms/37755at4893.hmm outputs/busco_output/run_saccharomycetaceae_odb12/miniprot_output/translated_proteins/37755at4893.faa
2026-09-24 16:32:14 DEBUG:busco.busco_tools.Toolset	cmd call: hmmsearch --domtblout outputs/busco_output/run_saccharomycetaceae_odb12/hmmer_output/38401at4893.out --cpu 1 /data/busco_downloads/lineages/saccharomycetaceae_odb12/hmms/38401at4893.hmm outputs/busco_output/run_saccharomycetaceae_odb12/miniprot_output/translated_proteins/38401at4893.faa
2026-09-24 16:32:14 DEBUG:busco.busco_tools.Toolset	cmd call: hmmsearch --domtblout outputs/busco_output/run_saccharomycetaceae_odb12/hmmer_output/35151at4893.out --cpu 1 /data/busco_downloads/lineages/saccharomycetaceae_odb12/hmms/35151at4893.hmm outputs/busco_output/run_saccharomycetaceae_odb12/miniprot_output/translated_proteins/35151at4893.faa
2026-09-24 16:32:14 DEBUG:busco.busco_tools.Toolset	cmd call: hmmsearch --domtblout outputs/busco_output/run_saccharomycetaceae_odb12/hmmer_output/3439at4893.out --cpu 1 /data/busco_downloads/lineages/saccharomycetaceae_odb12/hmms/3439at4893.hmm outputs/busco_output/run_saccharomycetaceae_odb12/miniprot_output/translated_proteins/3439at4893.faa
2026-09-24 16:32:14 DEBUG:busco.busco_tools.Toolset	cmd call: hmmsearch --domtblout outputs/busco_output/run_saccharomycetaceae_odb12/hmmer_output/39115at4893.out --cpu 1 /data/busco_downloads/lineages/saccharomycetaceae_odb12/hmms/39115at4893.hmm outputs/busco_output/run_saccharomycetaceae_odb12/miniprot_output/translated_proteins/39115at4893.faa
2026-09-24 16:32:14 DEBUG:busco.busco_tools.Toolset	cmd call: hmmsearch --domtblout outputs/busco_output/run_saccharomycetaceae_odb12/hmmer_output/3775at4893.out --cpu 1 /data/busco_downloads/lineages/saccharomycetaceae_odb12/hmms/3775at4893.hmm outputs/busco_output/run_saccharomycetaceae_odb12/miniprot_output/translated_proteins/3775at4893.faa
2026-09-24 16:32:14 DEBUG:busco.busco_tools.Toolset	cmd call: hmmsearch --domtblout outputs/busco_output/run_saccharomycetaceae_odb12/hmmer_output/36911at4893.out --cpu 1 /data/busco_downloads/lineages/saccharomycetaceae_odb12/hmms/36911at4893.hmm outputs/busco_output/run_saccharomycetaceae_odb12/miniprot_output/translated_proteins/36911at4893.faa
2026-09-24 16:32:14 DEBUG:busco.busco_tools.Toolset	cmd call: hmmsearch --domtblout outputs/busco_output/run_saccharomycetaceae_odb12/hmmer_output/33366at4893.out --cpu 1 /data/busco_downloads/lineages/saccharomycetaceae_odb12/hmms/33366at4893.hmm outputs/busco_output/run_saccharomycetaceae_odb12/miniprot_output/translated_proteins/33366at4893.faa
2026-09-24 16:32:14 DEBUG:busco.busco_tools.Toolset	cmd call: hmmsearch --domtblout outputs/busco_output/run_saccharomycetaceae_odb12/hmmer_output/3606at4893.out --cpu 1 /data/busco_downloads/lineages/saccharomycetaceae_odb12/hmms/3606at4893.hmm outputs/busco_output/run_saccharomycetaceae_odb12/miniprot_output/translated_proteins/3606at4893.faa
2026-09-24 16:32:14 DEBUG:busco.busco_tools.Toolset	cmd call: hmmsearch --domtblout outputs/busco_output/run_saccharomycetaceae_odb12/hmmer_output/38410at4893.out --cpu 1 /data/busco_downloads/lineages/saccharomycetaceae_odb12/hmms/38410at4893.hmm outputs/busco_output/run_saccharomycetaceae_odb12/miniprot_output/translated_proteins/38410at4893.faa
2026-09-24 16:32:14 DEBUG:busco.busco_tools.Toolset	cmd call: hmmsearch --domtblout outputs/busco_output/run_saccharomycetaceae_odb12/hmmer_output/39116at4893.out --cpu 1 /data/busco_downloads/lineages/saccharomycetaceae_odb12/hmms/39116at4893.hmm outputs/busco_output/run_saccharomycetaceae_odb12/miniprot_output/translated_proteins/39116at4893.faa
2026-09-24 16:32:15 DEBUG:busco.busco_tools.Toolset	cmd call: hmmsearch --domtblout outputs/busco_output/run_saccharomycetaceae_odb12/hmmer_output/35158at4893.out --cpu 1 /data/busco_downloads/lineages/saccharomycetaceae_odb12/hmms/35158at4893.hmm outputs/busco_output/run_saccharomycetaceae_odb12/miniprot_output/translated_proteins/35158at4893.faa
2026-09-24 16:32:15 DEBUG:busco.busco_tools.Toolset	cmd call: hmmsearch --domtblout outputs/busco_output/run_saccharomycetaceae_odb12/hmmer_output/34422at4893.out --cpu 1 /data/busco_downloads/lineages/saccharomycetaceae_odb12/hmms/34422at4893.hmm outputs/busco_output/run_saccharomycetaceae_odb12/miniprot_output/translated_proteins/34422at4893.faa
2026-09-24 16:32:15 DEBUG:busco.busco_tools.Toolset	cmd call: hmmsearch --domtblout outputs/busco_output/run_saccharomycetaceae_odb12/hmmer_output/33373at4893.out --cpu 1 /data/busco_downloads/lineages/saccharomycetaceae_odb12/hmms/33373at4893.hmm outputs/busco_output/run_saccharomycetaceae_odb12/miniprot_output/translated_proteins/33373at4893.faa
2026-09-24 16:32:15 DEBUG:busco.busco_tools.Toolset	cmd call: hmmsearch --domtblout outputs/busco_output/run_saccharomycetaceae_odb12/hmmer_output/36912at4893.out --cpu 1 /data/busco_downloads/lineages/saccharomycetaceae_odb12/hmms/36912at4893.hmm outputs/busco_output/run_saccharomycetaceae_odb12/miniprot_output/translated_proteins/36912at4893.faa
2026-09-24 16:32:15 DEBUG:busco.busco_tools.Toolset	cmd call: hmmsearch --domtblout outputs/busco_output/run_saccharomycetaceae_odb12/hmmer_output/38432at4893.out --cpu 1 /data/busco_downloads/lineages/saccharomycetaceae_odb12/hmms/38432at4893.hmm outputs/busco_output/run_saccharomycetaceae_odb12/miniprot_output/translated_proteins/38432at4893.faa
2026-09-24 16:32:15 DEBUG:busco.busco_tools.Toolset	cmd call: hmmsearch --domtblout outputs/busco_output/run_saccharomycetaceae_odb12/hmmer_output/36099at4893.out --cpu 1 /data/busco_downloads/lineages/saccharomycetaceae_odb12/hmms/36099at4893.hmm outputs/busco_output/run_saccharomycetaceae_odb12/miniprot_output/translated_proteins/36099at4893.faa
2026-09-24 16:32:15 DEBUG:busco.busco_tools.Toolset	cmd call: hmmsearch --domtblout outputs/busco_output/run_saccharomycetaceae_odb12/hmmer_output/37766at4893.out --cpu 1 /data/busco_downloads/lineages/saccharomycetaceae_odb12/hmms/37766at4893.hmm outputs/busco_output/run_saccharomycetaceae_odb12/miniprot_output/translated_proteins/37766at4893.faa
2026-09-24 16:32:15 DEBUG:busco.busco_tools.Toolset	cmd call: hmmsearch --domtblout outputs/busco_output/run_saccharomycetaceae_odb12/hmmer_output/39122at4893.out --cpu 1 /data/busco_downloads/lineages/saccharomycetaceae_odb12/hmms/39122at4893.hmm outputs/busco_output/run_saccharomycetaceae_odb12/miniprot_output/translated_proteins/39122at4893.faa
2026-09-24 16:32:15 DEBUG:busco.busco_tools.Toolset	cmd call: hmmsearch --domtblout outputs/busco_output/run_saccharomycetaceae_odb12/hmmer_output/34430at4893.out --cpu 1 /data/busco_downloads/lineages/saccharomycetaceae_odb12/hmms/34430at4893.hmm outputs/busco_output/run_saccharomycetaceae_odb12/miniprot_output/translated_proteins/34430at4893.faa
2026-09-24 16:32:15 DEBUG:busco.busco_tools.Toolset	cmd call: hmmsearch --domtblout outputs/busco_output/run_saccharomycetaceae_odb12/hmmer_output/3337at4893.out --cpu 1 /data/busco_downloads/lineages/saccharomycetaceae_odb12/hmms/3337at4893.hmm outputs/busco_output/run_saccharomycetaceae_odb12/miniprot_output/translated_proteins/3337at4893.faa
2026-09-24 16:32:15 DEBUG:busco.busco_tools.Toolset	cmd call: hmmsearch --domtblout outputs/busco_output/run_saccharomycetaceae_odb12/hmmer_output/36928at4893.out --cpu 1 /data/busco_downloads/lineages/saccharomycetaceae_odb12/hmms/36928at4893.hmm outputs/busco_output/run_saccharomycetaceae_odb12/miniprot_output/translated_proteins/36928at4893.faa
2026-09-24 16:32:15 DEBUG:busco.busco_tools.Toolset	cmd call: hmmsearch --domtblout outputs/busco_output/run_saccharomycetaceae_odb12/hmmer_output/36159at4893.out --cpu 1 /data/busco_downloads/lineages/saccharomycetaceae_odb12/hmms/36159at4893.hmm outputs/busco_output/run_saccharomycetaceae_odb12/miniprot_output/translated_proteins/36159at4893.faa
2026-09-24 16:32:15 DEBUG:busco.busco_tools.Toolset	cmd call: hmmsearch --domtblout outputs/busco_output/run_saccharomycetaceae_odb12/hmmer_output/39127at4893.out --cpu 1 /data/busco_downloads/lineages/saccharomycetaceae_odb12/hmms/39127at4893.hmm outputs/busco_output/run_saccharomycetaceae_odb12/miniprot_output/translated_proteins/39127at4893.faa
2026-09-24 16:32:15 DEBUG:busco.busco_tools.Toolset	cmd call: hmmsearch --domtblout outputs/busco_output/run_saccharomycetaceae_odb12/hmmer_output/38443at4893.out --cpu 1 /data/busco_downloads/lineages/saccharomycetaceae_odb12/hmms/38443at4893.hmm outputs/busco_output/run_saccharomycetaceae_odb12/miniprot_output/translated_proteins/38443at4893.faa
2026-09-24 16:32:15 DEBUG:busco.busco_tools.Toolset	cmd call: hmmsearch --domtblout outputs/busco_output/run_saccharomycetaceae_odb12/hmmer_output/3515at4893.out --cpu 1 /data/busco_downloads/lineages/saccharomycetaceae_odb12/hmms/3515at4893.hmm outputs/busco_output/run_saccharomycetaceae_odb12/miniprot_output/translated_proteins/3515at4893.faa
2026-09-24 16:32:15 DEBUG:busco.busco_tools.Toolset	cmd call: hmmsearch --domtblout outputs/busco_output/run_saccharomycetaceae_odb12/hmmer_output/34451at4893.out --cpu 1 /data/busco_downloads/lineages/saccharomycetaceae_odb12/hmms/34451at4893.hmm outputs/busco_output/run_saccharomycetaceae_odb12/miniprot_output/translated_proteins/34451at4893.faa
2026-09-24 16:32:15 DEBUG:busco.busco_tools.Toolset	cmd call: hmmsearch --domtblout outputs/busco_output/run_saccharomycetaceae_odb12/hmmer_output/3777at4893.out --cpu 1 /data/busco_downloads/lineages/saccharomycetaceae_odb12/hmms/3777at4893.hmm outputs/busco_output/run_saccharomycetaceae_odb12/miniprot_output/translated_proteins/3777at4893.faa
2026-09-24 16:32:15 DEBUG:busco.busco_tools.Toolset	cmd call: hmmsearch --domtblout outputs/busco_output/run_saccharomycetaceae_odb12/hmmer_output/36168at4893.out --cpu 1 /data/busco_downloads/lineages/saccharomycetaceae_odb12/hmms/36168at4893.hmm outputs/busco_output/run_saccharomycetaceae_odb12/miniprot_output/translated_proteins/36168at4893.faa
2026-09-24 16:32:15 DEBUG:busco.busco_tools.Toolset	cmd call: hmmsearch --domtblout outputs/busco_output/run_saccharomycetaceae_odb12/hmmer_output/33385at4893.out --cpu 1 /data/busco_downloads/lineages/saccharomycetaceae_odb12/hmms/33385at4893.hmm outputs/busco_output/run_saccharomycetaceae_odb12/miniprot_output/translated_proteins/33385at4893.faa
2026-09-24 16:32:15 DEBUG:busco.busco_tools.Toolset	cmd call: hmmsearch --domtblout outputs/busco_output/run_saccharomycetaceae_odb12/hmmer_output/39136at4893.out --cpu 1 /data/busco_downloads/lineages/saccharomycetaceae_odb12/hmms/39136at4893.hmm outputs/busco_output/run_saccharomycetaceae_odb12/miniprot_output/translated_proteins/39136at4893.faa
2026-09-24 16:32:15 DEBUG:busco.busco_tools.Toolset	cmd call: hmmsearch --domtblout outputs/busco_output/run_saccharomycetaceae_odb12/hmmer_output/36931at4893.out --cpu 1 /data/busco_downloads/lineages/saccharomycetaceae_odb12/hmms/36931at4893.hmm outputs/busco_output/run_saccharomycetaceae_odb12/miniprot_output/translated_proteins/36931at4893.faa
2026-09-24 16:32:15 DEBUG:busco.busco_tools.Toolset	cmd call: hmmsearch --domtblout outputs/busco_output/run_saccharomycetaceae_odb12/hmmer_output/34452at4893.out --cpu 1 /data/busco_downloads/lineages/saccharomycetaceae_odb12/hmms/34452at4893.hmm outputs/busco_output/run_saccharomycetaceae_odb12/miniprot_output/translated_proteins/34452at4893.faa
2026-09-24 16:32:15 DEBUG:busco.busco_tools.Toolset	cmd call: hmmsearch --domtblout outputs/busco_output/run_saccharomycetaceae_odb12/hmmer_output/37797at4893.out --cpu 1 /data/busco_downloads/lineages/saccharomycetaceae_odb12/hmms/37797at4893.hmm outputs/busco_output/run_saccharomycetaceae_odb12/miniprot_output/translated_proteins/37797at4893.faa
2026-09-24 16:32:15 DEBUG:busco.busco_tools.Toolset	cmd call: hmmsearch --domtblout outputs/busco_output/run_saccharomycetaceae_odb12/hmmer_output/35183at4893.out --cpu 1 /data/busco_downloads/lineages/saccharomycetaceae_odb12/hmms/35183at4893.hmm outputs/busco_output/run_saccharomycetaceae_odb12/miniprot_output/translated_proteins/35183at4893.faa
2026-09-24 16:32:15 DEBUG:busco.busco_tools.Toolset	cmd call: hmmsearch --domtblout outputs/busco_output/run_saccharomycetaceae_odb12/hmmer_output/3339at4893.out --cpu 1 /data/busco_downloads/lineages/saccharomycetaceae_odb12/hmms/3339at4893.hmm outputs/busco_output/run_saccharomycetaceae_odb12/miniprot_output/translated_proteins/3339at4893.faa
2026-09-24 16:32:15 DEBUG:busco.busco_tools.Toolset	cmd call: hmmsearch --domtblout outputs/busco_output/run_saccharomycetaceae_odb12/hmmer_output/36175at4893.out --cpu 1 /data/busco_downloads/lineages/saccharomycetaceae_odb12/hmms/36175at4893.hmm outputs/busco_output/run_saccharomycetaceae_odb12/miniprot_output/translated_proteins/36175at4893.faa
2026-09-24 16:32:15 DEBUG:busco.busco_tools.Toolset	cmd call: hmmsearch --domtblout outputs/busco_output/run_saccharomycetaceae_odb12/hmmer_output/39147at4893.out --cpu 1 /data/busco_downloads/lineages/saccharomycetaceae_odb12/hmms/39147at4893.hmm outputs/busco_output/run_saccharomycetaceae_odb12/miniprot_output/translated_proteins/39147at4893.faa
2026-09-24 16:32:15 DEBUG:busco.busco_tools.Toolset	cmd call: hmmsearch --domtblout outputs/busco_output/run_saccharomycetaceae_odb12/hmmer_output/36942at4893.out --cpu 1 /data/busco_downloads/lineages/saccharomycetaceae_odb12/hmms/36942at4893.hmm outputs/busco_output/run_saccharomycetaceae_odb12/miniprot_output/translated_proteins/36942at4893.faa
2026-09-24 16:32:15 DEBUG:busco.busco_tools.Toolset	cmd call: hmmsearch --domtblout outputs/busco_output/run_saccharomycetaceae_odb12/hmmer_output/38450at4893.out --cpu 1 /data/busco_downloads/lineages/saccharomycetaceae_odb12/hmms/38450at4893.hmm outputs/busco_output/run_saccharomycetaceae_odb12/miniprot_output/translated_proteins/38450at4893.faa
2026-09-24 16:32:15 DEBUG:busco.busco_tools.Toolset	cmd call: hmmsearch --domtblout outputs/busco_output/run_saccharomycetaceae_odb12/hmmer_output/3780at4893.out --cpu 1 /data/busco_downloads/lineages/saccharomycetaceae_odb12/hmms/3780at4893.hmm outputs/busco_output/run_saccharomycetaceae_odb12/miniprot_output/translated_proteins/3780at4893.faa
2026-09-24 16:32:15 DEBUG:busco.busco_tools.Toolset	cmd call: hmmsearch --domtblout outputs/busco_output/run_saccharomycetaceae_odb12/hmmer_output/34462at4893.out --cpu 1 /data/busco_downloads/lineages/saccharomycetaceae_odb12/hmms/34462at4893.hmm outputs/busco_output/run_saccharomycetaceae_odb12/miniprot_output/translated_proteins/34462at4893.faa
2026-09-24 16:32:15 DEBUG:busco.busco_tools.Toolset	cmd call: hmmsearch --domtblout outputs/busco_output/run_saccharomycetaceae_odb12/hmmer_output/35194at4893.out --cpu 1 /data/busco_downloads/lineages/saccharomycetaceae_odb12/hmms/35194at4893.hmm outputs/busco_output/run_saccharomycetaceae_odb12/miniprot_output/translated_proteins/35194at4893.faa
2026-09-24 16:32:15 DEBUG:busco.busco_tools.Toolset	cmd call: hmmsearch --domtblout outputs/busco_output/run_saccharomycetaceae_odb12/hmmer_output/36972at4893.out --cpu 1 /data/busco_downloads/lineages/saccharomycetaceae_odb12/hmms/36972at4893.hmm outputs/busco_output/run_saccharomycetaceae_odb12/miniprot_output/translated_proteins/36972at4893.faa
2026-09-24 16:32:15 DEBUG:busco.busco_tools.Toolset	cmd call: hmmsearch --domtblout outputs/busco_output/run_saccharomycetaceae_odb12/hmmer_output/36186at4893.out --cpu 1 /data/busco_downloads/lineages/saccharomycetaceae_odb12/hmms/36186at4893.hmm outputs/busco_output/run_saccharomycetaceae_odb12/miniprot_output/translated_proteins/36186at4893.faa
2026-09-24 16:32:15 DEBUG:busco.busco_tools.Toolset	cmd call: hmmsearch --domtblout outputs/busco_output/run_saccharomycetaceae_odb12/hmmer_output/39163at4893.out --cpu 1 /data/busco_downloads/lineages/saccharomycetaceae_odb12/hmms/39163at4893.hmm outputs/busco_output/run_saccharomycetaceae_odb12/miniprot_output/translated_proteins/39163at4893.faa
2026-09-24 16:32:15 DEBUG:busco.busco_tools.Toolset	cmd call: hmmsearch --domtblout outputs/busco_output/run_saccharomycetaceae_odb12/hmmer_output/33409at4893.out --cpu 1 /data/busco_downloads/lineages/saccharomycetaceae_odb12/hmms/33409at4893.hmm outputs/busco_output/run_saccharomycetaceae_odb12/miniprot_output/translated_proteins/33409at4893.faa
2026-09-24 16:32:15 DEBUG:busco.busco_tools.Toolset	cmd call: hmmsearch --domtblout outputs/busco_output/run_saccharomycetaceae_odb12/hmmer_output/38476at4893.out --cpu 1 /data/busco_downloads/lineages/saccharomycetaceae_odb12/hmms/38476at4893.hmm outputs/busco_output/run_saccharomycetaceae_odb12/miniprot_output/translated_proteins/38476at4893.faa
2026-09-24 16:32:15 DEBUG:busco.busco_tools.Toolset	cmd call: hmmsearch --domtblout outputs/busco_output/run_saccharomycetaceae_odb12/hmmer_output/3618at4893.out --cpu 1 /data/busco_downloads/lineages/saccharomycetaceae_odb12/hmms/3618at4893.hmm outputs/busco_output/run_saccharomycetaceae_odb12/miniprot_output/translated_proteins/3618at4893.faa
2026-09-24 16:32:15 DEBUG:busco.busco_tools.Toolset	cmd call: hmmsearch --domtblout outputs/busco_output/run_saccharomycetaceae_odb12/hmmer_output/37817at4893.out --cpu 1 /data/busco_downloads/lineages/saccharomycetaceae_odb12/hmms/37817at4893.hmm outputs/busco_output/run_saccharomycetaceae_odb12/miniprot_output/translated_proteins/37817at4893.faa
2026-09-24 16:32:15 DEBUG:busco.busco_tools.Toolset	cmd call: hmmsearch --domtblout outputs/busco_output/run_saccharomycetaceae_odb12/hmmer_output/34470at4893.out --cpu 1 /data/busco_downloads/lineages/saccharomycetaceae_odb12/hmms/34470at4893.hmm outputs/busco_output/run_saccharomycetaceae_odb12/miniprot_output/translated_proteins/34470at4893.faa
2026-09-24 16:32:15 DEBUG:busco.busco_tools.Toolset	cmd call: hmmsearch --domtblout outputs/busco_output/run_saccharomycetaceae_odb12/hmmer_output/35198at4893.out --cpu 1 /data/busco_downloads/lineages/saccharomycetaceae_odb12/hmms/35198at4893.hmm outputs/busco_output/run_saccharomycetaceae_odb12/miniprot_output/translated_proteins/35198at4893.faa
2026-09-24 16:32:15 DEBUG:busco.busco_tools.Toolset	cmd call: hmmsearch --domtblout outputs/busco_output/run_saccharomycetaceae_odb12/hmmer_output/36973at4893.out --cpu 1 /data/busco_downloads/lineages/saccharomycetaceae_odb12/hmms/36973at4893.hmm outputs/busco_output/run_saccharomycetaceae_odb12/miniprot_output/translated_proteins/36973at4893.faa
2026-09-24 16:32:15 DEBUG:busco.busco_tools.Toolset	cmd call: hmmsearch --domtblout outputs/busco_output/run_saccharomycetaceae_odb12/hmmer_output/33415at4893.out --cpu 1 /data/busco_downloads/lineages/saccharomycetaceae_odb12/hmms/33415at4893.hmm outputs/busco_output/run_saccharomycetaceae_odb12/miniprot_output/translated_proteins/33415at4893.faa
2026-09-24 16:32:16 DEBUG:busco.busco_tools.Toolset	cmd call: hmmsearch --domtblout outputs/busco_output/run_saccharomycetaceae_odb12/hmmer_output/38493at4893.out --cpu 1 /data/busco_downloads/lineages/saccharomycetaceae_odb12/hmms/38493at4893.hmm outputs/busco_output/run_saccharomycetaceae_odb12/miniprot_output/translated_proteins/38493at4893.faa
2026-09-24 16:32:16 DEBUG:busco.busco_tools.Toolset	cmd call: hmmsearch --domtblout outputs/busco_output/run_saccharomycetaceae_odb12/hmmer_output/36194at4893.out --cpu 1 /data/busco_downloads/lineages/saccharomycetaceae_odb12/hmms/36194at4893.hmm outputs/busco_output/run_saccharomycetaceae_odb12/miniprot_output/translated_proteins/36194at4893.faa
2026-09-24 16:32:16 DEBUG:busco.busco_tools.Toolset	cmd call: hmmsearch --domtblout outputs/busco_output/run_saccharomycetaceae_odb12/hmmer_output/39173at4893.out --cpu 1 /data/busco_downloads/lineages/saccharomycetaceae_odb12/hmms/39173at4893.hmm outputs/busco_output/run_saccharomycetaceae_odb12/miniprot_output/translated_proteins/39173at4893.faa
2026-09-24 16:32:16 DEBUG:busco.busco_tools.Toolset	cmd call: hmmsearch --domtblout outputs/busco_output/run_saccharomycetaceae_odb12/hmmer_output/3781at4893.out --cpu 1 /data/busco_downloads/lineages/saccharomycetaceae_odb12/hmms/3781at4893.hmm outputs/busco_output/run_saccharomycetaceae_odb12/miniprot_output/translated_proteins/3781at4893.faa
2026-09-24 16:32:16 DEBUG:busco.busco_tools.Toolset	cmd call: hmmsearch --domtblout outputs/busco_output/run_saccharomycetaceae_odb12/hmmer_output/351at4893.out --cpu 1 /data/busco_downloads/lineages/saccharomycetaceae_odb12/hmms/351at4893.hmm outputs/busco_output/run_saccharomycetaceae_odb12/miniprot_output/translated_proteins/351at4893.faa
2026-09-24 16:32:16 DEBUG:busco.busco_tools.Toolset	cmd call: hmmsearch --domtblout outputs/busco_output/run_saccharomycetaceae_odb12/hmmer_output/33417at4893.out --cpu 1 /data/busco_downloads/lineages/saccharomycetaceae_odb12/hmms/33417at4893.hmm outputs/busco_output/run_saccharomycetaceae_odb12/miniprot_output/translated_proteins/33417at4893.faa
2026-09-24 16:32:16 DEBUG:busco.busco_tools.Toolset	cmd call: hmmsearch --domtblout outputs/busco_output/run_saccharomycetaceae_odb12/hmmer_output/36980at4893.out --cpu 1 /data/busco_downloads/lineages/saccharomycetaceae_odb12/hmms/36980at4893.hmm outputs/busco_output/run_saccharomycetaceae_odb12/miniprot_output/translated_proteins/36980at4893.faa
2026-09-24 16:32:16 DEBUG:busco.busco_tools.Toolset	cmd call: hmmsearch --domtblout outputs/busco_output/run_saccharomycetaceae_odb12/hmmer_output/34491at4893.out --cpu 1 /data/busco_downloads/lineages/saccharomycetaceae_odb12/hmms/34491at4893.hmm outputs/busco_output/run_saccharomycetaceae_odb12/miniprot_output/translated_proteins/34491at4893.faa
2026-09-24 16:32:16 DEBUG:busco.busco_tools.Toolset	cmd call: hmmsearch --domtblout outputs/busco_output/run_saccharomycetaceae_odb12/hmmer_output/38522at4893.out --cpu 1 /data/busco_downloads/lineages/saccharomycetaceae_odb12/hmms/38522at4893.hmm outputs/busco_output/run_saccharomycetaceae_odb12/miniprot_output/translated_proteins/38522at4893.faa
2026-09-24 16:32:16 DEBUG:busco.busco_tools.Toolset	cmd call: hmmsearch --domtblout outputs/busco_output/run_saccharomycetaceae_odb12/hmmer_output/39174at4893.out --cpu 1 /data/busco_downloads/lineages/saccharomycetaceae_odb12/hmms/39174at4893.hmm outputs/busco_output/run_saccharomycetaceae_odb12/miniprot_output/translated_proteins/39174at4893.faa
2026-09-24 16:32:16 DEBUG:busco.busco_tools.Toolset	cmd call: hmmsearch --domtblout outputs/busco_output/run_saccharomycetaceae_odb12/hmmer_output/35243at4893.out --cpu 1 /data/busco_downloads/lineages/saccharomycetaceae_odb12/hmms/35243at4893.hmm outputs/busco_output/run_saccharomycetaceae_odb12/miniprot_output/translated_proteins/35243at4893.faa
2026-09-24 16:32:16 DEBUG:busco.busco_tools.Toolset	cmd call: hmmsearch --domtblout outputs/busco_output/run_saccharomycetaceae_odb12/hmmer_output/3344at4893.out --cpu 1 /data/busco_downloads/lineages/saccharomycetaceae_odb12/hmms/3344at4893.hmm outputs/busco_output/run_saccharomycetaceae_odb12/miniprot_output/translated_proteins/3344at4893.faa
2026-09-24 16:32:16 DEBUG:busco.busco_tools.Toolset	cmd call: hmmsearch --domtblout outputs/busco_output/run_saccharomycetaceae_odb12/hmmer_output/37829at4893.out --cpu 1 /data/busco_downloads/lineages/saccharomycetaceae_odb12/hmms/37829at4893.hmm outputs/busco_output/run_saccharomycetaceae_odb12/miniprot_output/translated_proteins/37829at4893.faa
2026-09-24 16:32:16 DEBUG:busco.busco_tools.Toolset	cmd call: hmmsearch --domtblout outputs/busco_output/run_saccharomycetaceae_odb12/hmmer_output/34493at4893.out --cpu 1 /data/busco_downloads/lineages/saccharomycetaceae_odb12/hmms/34493at4893.hmm outputs/busco_output/run_saccharomycetaceae_odb12/miniprot_output/translated_proteins/34493at4893.faa
2026-09-24 16:32:16 DEBUG:busco.busco_tools.Toolset	cmd call: hmmsearch --domtblout outputs/busco_output/run_saccharomycetaceae_odb12/hmmer_output/361at4893.out --cpu 1 /data/busco_downloads/lineages/saccharomycetaceae_odb12/hmms/361at4893.hmm outputs/busco_output/run_saccharomycetaceae_odb12/miniprot_output/translated_proteins/361at4893.faa
2026-09-24 16:32:16 DEBUG:busco.busco_tools.Toolset	cmd call: hmmsearch --domtblout outputs/busco_output/run_saccharomycetaceae_odb12/hmmer_output/39176at4893.out --cpu 1 /data/busco_downloads/lineages/saccharomycetaceae_odb12/hmms/39176at4893.hmm outputs/busco_output/run_saccharomycetaceae_odb12/miniprot_output/translated_proteins/39176at4893.faa
2026-09-24 16:32:16 DEBUG:busco.busco_tools.Toolset	cmd call: hmmsearch --domtblout outputs/busco_output/run_saccharomycetaceae_odb12/hmmer_output/36996at4893.out --cpu 1 /data/busco_downloads/lineages/saccharomycetaceae_odb12/hmms/36996at4893.hmm outputs/busco_output/run_saccharomycetaceae_odb12/miniprot_output/translated_proteins/36996at4893.faa
2026-09-24 16:32:16 DEBUG:busco.busco_tools.Toolset	cmd call: hmmsearch --domtblout outputs/busco_output/run_saccharomycetaceae_odb12/hmmer_output/38539at4893.out --cpu 1 /data/busco_downloads/lineages/saccharomycetaceae_odb12/hmms/38539at4893.hmm outputs/busco_output/run_saccharomycetaceae_odb12/miniprot_output/translated_proteins/38539at4893.faa
2026-09-24 16:32:16 DEBUG:busco.busco_tools.Toolset	cmd call: hmmsearch --domtblout outputs/busco_output/run_saccharomycetaceae_odb12/hmmer_output/35245at4893.out --cpu 1 /data/busco_downloads/lineages/saccharomycetaceae_odb12/hmms/35245at4893.hmm outputs/busco_output/run_saccharomycetaceae_odb12/miniprot_output/translated_proteins/35245at4893.faa
2026-09-24 16:32:16 DEBUG:busco.busco_tools.Toolset	cmd call: hmmsearch --domtblout outputs/busco_output/run_saccharomycetaceae_odb12/hmmer_output/36207at4893.out --cpu 1 /data/busco_downloads/lineages/saccharomycetaceae_odb12/hmms/36207at4893.hmm outputs/busco_output/run_saccharomycetaceae_odb12/miniprot_output/translated_proteins/36207at4893.faa
2026-09-24 16:32:16 DEBUG:busco.busco_tools.Toolset	cmd call: hmmsearch --domtblout outputs/busco_output/run_saccharomycetaceae_odb12/hmmer_output/34543at4893.out --cpu 1 /data/busco_downloads/lineages/saccharomycetaceae_odb12/hmms/34543at4893.hmm outputs/busco_output/run_saccharomycetaceae_odb12/miniprot_output/translated_proteins/34543at4893.faa
2026-09-24 16:32:16 DEBUG:busco.busco_tools.Toolset	cmd call: hmmsearch --domtblout outputs/busco_output/run_saccharomycetaceae_odb12/hmmer_output/33485at4893.out --cpu 1 /data/busco_downloads/lineages/saccharomycetaceae_odb12/hmms/33485at4893.hmm outputs/busco_output/run_saccharomycetaceae_odb12/miniprot_output/translated_proteins/33485at4893.faa
2026-09-24 16:32:16 DEBUG:busco.busco_tools.Toolset	cmd call: hmmsearch --domtblout outputs/busco_output/run_saccharomycetaceae_odb12/hmmer_output/38540at4893.out --cpu 1 /data/busco_downloads/lineages/saccharomycetaceae_odb12/hmms/38540at4893.hmm outputs/busco_output/run_saccharomycetaceae_odb12/miniprot_output/translated_proteins/38540at4893.faa
2026-09-24 16:32:16 DEBUG:busco.busco_tools.Toolset	cmd call: hmmsearch --domtblout outputs/busco_output/run_saccharomycetaceae_odb12/hmmer_output/37001at4893.out --cpu 1 /data/busco_downloads/lineages/saccharomycetaceae_odb12/hmms/37001at4893.hmm outputs/busco_output/run_saccharomycetaceae_odb12/miniprot_output/translated_proteins/37001at4893.faa
2026-09-24 16:32:16 DEBUG:busco.busco_tools.Toolset	cmd call: hmmsearch --domtblout outputs/busco_output/run_saccharomycetaceae_odb12/hmmer_output/35259at4893.out --cpu 1 /data/busco_downloads/lineages/saccharomycetaceae_odb12/hmms/35259at4893.hmm outputs/busco_output/run_saccharomycetaceae_odb12/miniprot_output/translated_proteins/35259at4893.faa
2026-09-24 16:32:16 DEBUG:busco.busco_tools.Toolset	cmd call: hmmsearch --domtblout outputs/busco_output/run_saccharomycetaceae_odb12/hmmer_output/39204at4893.out --cpu 1 /data/busco_downloads/lineages/saccharomycetaceae_odb12/hmms/39204at4893.hmm outputs/busco_output/run_saccharomycetaceae_odb12/miniprot_output/translated_proteins/39204at4893.faa
2026-09-24 16:32:16 DEBUG:busco.busco_tools.Toolset	cmd call: hmmsearch --domtblout outputs/busco_output/run_saccharomycetaceae_odb12/hmmer_output/37832at4893.out --cpu 1 /data/busco_downloads/lineages/saccharomycetaceae_odb12/hmms/37832at4893.hmm outputs/busco_output/run_saccharomycetaceae_odb12/miniprot_output/translated_proteins/37832at4893.faa
2026-09-24 16:32:16 DEBUG:busco.busco_tools.Toolset	cmd call: hmmsearch --domtblout outputs/busco_output/run_saccharomycetaceae_odb12/hmmer_output/33493at4893.out --cpu 1 /data/busco_downloads/lineages/saccharomycetaceae_odb12/hmms/33493at4893.hmm outputs/busco_output/run_saccharomycetaceae_odb12/miniprot_output/translated_proteins/33493at4893.faa
2026-09-24 16:32:16 DEBUG:busco.busco_tools.Toolset	cmd call: hmmsearch --domtblout outputs/busco_output/run_saccharomycetaceae_odb12/hmmer_output/3620at4893.out --cpu 1 /data/busco_downloads/lineages/saccharomycetaceae_odb12/hmms/3620at4893.hmm outputs/busco_output/run_saccharomycetaceae_odb12/miniprot_output/translated_proteins/3620at4893.faa
2026-09-24 16:32:16 DEBUG:busco.busco_tools.Toolset	cmd call: hmmsearch --domtblout outputs/busco_output/run_saccharomycetaceae_odb12/hmmer_output/38542at4893.out --cpu 1 /data/busco_downloads/lineages/saccharomycetaceae_odb12/hmms/38542at4893.hmm outputs/busco_output/run_saccharomycetaceae_odb12/miniprot_output/translated_proteins/38542at4893.faa
2026-09-24 16:32:16 DEBUG:busco.busco_tools.Toolset	cmd call: hmmsearch --domtblout outputs/busco_output/run_saccharomycetaceae_odb12/hmmer_output/34556at4893.out --cpu 1 /data/busco_downloads/lineages/saccharomycetaceae_odb12/hmms/34556at4893.hmm outputs/busco_output/run_saccharomycetaceae_odb12/miniprot_output/translated_proteins/34556at4893.faa
2026-09-24 16:32:16 DEBUG:busco.busco_tools.Toolset	cmd call: hmmsearch --domtblout outputs/busco_output/run_saccharomycetaceae_odb12/hmmer_output/37059at4893.out --cpu 1 /data/busco_downloads/lineages/saccharomycetaceae_odb12/hmms/37059at4893.hmm outputs/busco_output/run_saccharomycetaceae_odb12/miniprot_output/translated_proteins/37059at4893.faa
2026-09-24 16:32:17 DEBUG:busco.busco_tools.Toolset	cmd call: hmmsearch --domtblout outputs/busco_output/run_saccharomycetaceae_odb12/hmmer_output/37852at4893.out --cpu 1 /data/busco_downloads/lineages/saccharomycetaceae_odb12/hmms/37852at4893.hmm outputs/busco_output/run_saccharomycetaceae_odb12/miniprot_output/translated_proteins/37852at4893.faa
2026-09-24 16:32:17 DEBUG:busco.busco_tools.Toolset	cmd call: hmmsearch --domtblout outputs/busco_output/run_saccharomycetaceae_odb12/hmmer_output/39211at4893.out --cpu 1 /data/busco_downloads/lineages/saccharomycetaceae_odb12/hmms/39211at4893.hmm outputs/busco_output/run_saccharomycetaceae_odb12/miniprot_output/translated_proteins/39211at4893.faa
2026-09-24 16:32:17 DEBUG:busco.busco_tools.Toolset	cmd call: hmmsearch --domtblout outputs/busco_output/run_saccharomycetaceae_odb12/hmmer_output/35271at4893.out --cpu 1 /data/busco_downloads/lineages/saccharomycetaceae_odb12/hmms/35271at4893.hmm outputs/busco_output/run_saccharomycetaceae_odb12/miniprot_output/translated_proteins/35271at4893.faa
2026-09-24 16:32:17 DEBUG:busco.busco_tools.Toolset	cmd call: hmmsearch --domtblout outputs/busco_output/run_saccharomycetaceae_odb12/hmmer_output/37062at4893.out --cpu 1 /data/busco_downloads/lineages/saccharomycetaceae_odb12/hmms/37062at4893.hmm outputs/busco_output/run_saccharomycetaceae_odb12/miniprot_output/translated_proteins/37062at4893.faa
2026-09-24 16:32:17 DEBUG:busco.busco_tools.Toolset	cmd call: hmmsearch --domtblout outputs/busco_output/run_saccharomycetaceae_odb12/hmmer_output/38546at4893.out --cpu 1 /data/busco_downloads/lineages/saccharomycetaceae_odb12/hmms/38546at4893.hmm outputs/busco_output/run_saccharomycetaceae_odb12/miniprot_output/translated_proteins/38546at4893.faa
2026-09-24 16:32:17 DEBUG:busco.busco_tools.Toolset	cmd call: hmmsearch --domtblout outputs/busco_output/run_saccharomycetaceae_odb12/hmmer_output/36245at4893.out --cpu 1 /data/busco_downloads/lineages/saccharomycetaceae_odb12/hmms/36245at4893.hmm outputs/busco_output/run_saccharomycetaceae_odb12/miniprot_output/translated_proteins/36245at4893.faa
2026-09-24 16:32:17 DEBUG:busco.busco_tools.Toolset	cmd call: hmmsearch --domtblout outputs/busco_output/run_saccharomycetaceae_odb12/hmmer_output/33494at4893.out --cpu 1 /data/busco_downloads/lineages/saccharomycetaceae_odb12/hmms/33494at4893.hmm outputs/busco_output/run_saccharomycetaceae_odb12/miniprot_output/translated_proteins/33494at4893.faa
2026-09-24 16:32:17 DEBUG:busco.busco_tools.Toolset	cmd call: hmmsearch --domtblout outputs/busco_output/run_saccharomycetaceae_odb12/hmmer_output/35310at4893.out --cpu 1 /data/busco_downloads/lineages/saccharomycetaceae_odb12/hmms/35310at4893.hmm outputs/busco_output/run_saccharomycetaceae_odb12/miniprot_output/translated_proteins/35310at4893.faa
2026-09-24 16:32:17 DEBUG:busco.busco_tools.Toolset	cmd call: hmmsearch --domtblout outputs/busco_output/run_saccharomycetaceae_odb12/hmmer_output/39212at4893.out --cpu 1 /data/busco_downloads/lineages/saccharomycetaceae_odb12/hmms/39212at4893.hmm outputs/busco_output/run_saccharomycetaceae_odb12/miniprot_output/translated_proteins/39212at4893.faa
2026-09-24 16:32:17 DEBUG:busco.busco_tools.Toolset	cmd call: hmmsearch --domtblout outputs/busco_output/run_saccharomycetaceae_odb12/hmmer_output/37854at4893.out --cpu 1 /data/busco_downloads/lineages/saccharomycetaceae_odb12/hmms/37854at4893.hmm outputs/busco_output/run_saccharomycetaceae_odb12/miniprot_output/translated_proteins/37854at4893.faa
2026-09-24 16:32:17 DEBUG:busco.busco_tools.Toolset	cmd call: hmmsearch --domtblout outputs/busco_output/run_saccharomycetaceae_odb12/hmmer_output/34576at4893.out --cpu 1 /data/busco_downloads/lineages/saccharomycetaceae_odb12/hmms/34576at4893.hmm outputs/busco_output/run_saccharomycetaceae_odb12/miniprot_output/translated_proteins/34576at4893.faa
2026-09-24 16:32:17 DEBUG:busco.busco_tools.Toolset	cmd call: hmmsearch --domtblout outputs/busco_output/run_saccharomycetaceae_odb12/hmmer_output/36247at4893.out --cpu 1 /data/busco_downloads/lineages/saccharomycetaceae_odb12/hmms/36247at4893.hmm outputs/busco_output/run_saccharomycetaceae_odb12/miniprot_output/translated_proteins/36247at4893.faa
2026-09-24 16:32:17 DEBUG:busco.busco_tools.Toolset	cmd call: hmmsearch --domtblout outputs/busco_output/run_saccharomycetaceae_odb12/hmmer_output/38547at4893.out --cpu 1 /data/busco_downloads/lineages/saccharomycetaceae_odb12/hmms/38547at4893.hmm outputs/busco_output/run_saccharomycetaceae_odb12/miniprot_output/translated_proteins/38547at4893.faa
2026-09-24 16:32:17 DEBUG:busco.busco_tools.Toolset	cmd call: hmmsearch --domtblout outputs/busco_output/run_saccharomycetaceae_odb12/hmmer_output/37079at4893.out --cpu 1 /data/busco_downloads/lineages/saccharomycetaceae_odb12/hmms/37079at4893.hmm outputs/busco_output/run_saccharomycetaceae_odb12/miniprot_output/translated_proteins/37079at4893.faa
2026-09-24 16:32:17 DEBUG:busco.busco_tools.Toolset	cmd call: hmmsearch --domtblout outputs/busco_output/run_saccharomycetaceae_odb12/hmmer_output/3531at4893.out --cpu 1 /data/busco_downloads/lineages/saccharomycetaceae_odb12/hmms/3531at4893.hmm outputs/busco_output/run_saccharomycetaceae_odb12/miniprot_output/translated_proteins/3531at4893.faa
2026-09-24 16:32:17 DEBUG:busco.busco_tools.Toolset	cmd call: hmmsearch --domtblout outputs/busco_output/run_saccharomycetaceae_odb12/hmmer_output/36250at4893.out --cpu 1 /data/busco_downloads/lineages/saccharomycetaceae_odb12/hmms/36250at4893.hmm outputs/busco_output/run_saccharomycetaceae_odb12/miniprot_output/translated_proteins/36250at4893.faa
2026-09-24 16:32:17 DEBUG:busco.busco_tools.Toolset	cmd call: hmmsearch --domtblout outputs/busco_output/run_saccharomycetaceae_odb12/hmmer_output/3349at4893.out --cpu 1 /data/busco_downloads/lineages/saccharomycetaceae_odb12/hmms/3349at4893.hmm outputs/busco_output/run_saccharomycetaceae_odb12/miniprot_output/translated_proteins/3349at4893.faa
2026-09-24 16:32:17 DEBUG:busco.busco_tools.Toolset	cmd call: hmmsearch --domtblout outputs/busco_output/run_saccharomycetaceae_odb12/hmmer_output/38573at4893.out --cpu 1 /data/busco_downloads/lineages/saccharomycetaceae_odb12/hmms/38573at4893.hmm outputs/busco_output/run_saccharomycetaceae_odb12/miniprot_output/translated_proteins/38573at4893.faa
2026-09-24 16:32:17 DEBUG:busco.busco_tools.Toolset	cmd call: hmmsearch --domtblout outputs/busco_output/run_saccharomycetaceae_odb12/hmmer_output/34591at4893.out --cpu 1 /data/busco_downloads/lineages/saccharomycetaceae_odb12/hmms/34591at4893.hmm outputs/busco_output/run_saccharomycetaceae_odb12/miniprot_output/translated_proteins/34591at4893.faa
2026-09-24 16:32:17 DEBUG:busco.busco_tools.Toolset	cmd call: hmmsearch --domtblout outputs/busco_output/run_saccharomycetaceae_odb12/hmmer_output/39213at4893.out --cpu 1 /data/busco_downloads/lineages/saccharomycetaceae_odb12/hmms/39213at4893.hmm outputs/busco_output/run_saccharomycetaceae_odb12/miniprot_output/translated_proteins/39213at4893.faa
2026-09-24 16:32:17 DEBUG:busco.busco_tools.Toolset	cmd call: hmmsearch --domtblout outputs/busco_output/run_saccharomycetaceae_odb12/hmmer_output/37090at4893.out --cpu 1 /data/busco_downloads/lineages/saccharomycetaceae_odb12/hmms/37090at4893.hmm outputs/busco_output/run_saccharomycetaceae_odb12/miniprot_output/translated_proteins/37090at4893.faa
2026-09-24 16:32:17 DEBUG:busco.busco_tools.Toolset	cmd call: hmmsearch --domtblout outputs/busco_output/run_saccharomycetaceae_odb12/hmmer_output/35338at4893.out --cpu 1 /data/busco_downloads/lineages/saccharomycetaceae_odb12/hmms/35338at4893.hmm outputs/busco_output/run_saccharomycetaceae_odb12/miniprot_output/translated_proteins/35338at4893.faa
2026-09-24 16:32:17 DEBUG:busco.busco_tools.Toolset	cmd call: hmmsearch --domtblout outputs/busco_output/run_saccharomycetaceae_odb12/hmmer_output/37864at4893.out --cpu 1 /data/busco_downloads/lineages/saccharomycetaceae_odb12/hmms/37864at4893.hmm outputs/busco_output/run_saccharomycetaceae_odb12/miniprot_output/translated_proteins/37864at4893.faa
2026-09-24 16:32:17 DEBUG:busco.busco_tools.Toolset	cmd call: hmmsearch --domtblout outputs/busco_output/run_saccharomycetaceae_odb12/hmmer_output/39220at4893.out --cpu 1 /data/busco_downloads/lineages/saccharomycetaceae_odb12/hmms/39220at4893.hmm outputs/busco_output/run_saccharomycetaceae_odb12/miniprot_output/translated_proteins/39220at4893.faa
2026-09-24 16:32:17 DEBUG:busco.busco_tools.Toolset	cmd call: hmmsearch --domtblout outputs/busco_output/run_saccharomycetaceae_odb12/hmmer_output/33513at4893.out --cpu 1 /data/busco_downloads/lineages/saccharomycetaceae_odb12/hmms/33513at4893.hmm outputs/busco_output/run_saccharomycetaceae_odb12/miniprot_output/translated_proteins/33513at4893.faa
2026-09-24 16:32:17 DEBUG:busco.busco_tools.Toolset	cmd call: hmmsearch --domtblout outputs/busco_output/run_saccharomycetaceae_odb12/hmmer_output/34592at4893.out --cpu 1 /data/busco_downloads/lineages/saccharomycetaceae_odb12/hmms/34592at4893.hmm outputs/busco_output/run_saccharomycetaceae_odb12/miniprot_output/translated_proteins/34592at4893.faa
2026-09-24 16:32:17 DEBUG:busco.busco_tools.Toolset	cmd call: hmmsearch --domtblout outputs/busco_output/run_saccharomycetaceae_odb12/hmmer_output/36251at4893.out --cpu 1 /data/busco_downloads/lineages/saccharomycetaceae_odb12/hmms/36251at4893.hmm outputs/busco_output/run_saccharomycetaceae_odb12/miniprot_output/translated_proteins/36251at4893.faa
2026-09-24 16:32:17 DEBUG:busco.busco_tools.Toolset	cmd call: hmmsearch --domtblout outputs/busco_output/run_saccharomycetaceae_odb12/hmmer_output/35357at4893.out --cpu 1 /data/busco_downloads/lineages/saccharomycetaceae_odb12/hmms/35357at4893.hmm outputs/busco_output/run_saccharomycetaceae_odb12/miniprot_output/translated_proteins/35357at4893.faa
2026-09-24 16:32:17 DEBUG:busco.busco_tools.Toolset	cmd call: hmmsearch --domtblout outputs/busco_output/run_saccharomycetaceae_odb12/hmmer_output/34596at4893.out --cpu 1 /data/busco_downloads/lineages/saccharomycetaceae_odb12/hmms/34596at4893.hmm outputs/busco_output/run_saccharomycetaceae_odb12/miniprot_output/translated_proteins/34596at4893.faa
2026-09-24 16:32:17 DEBUG:busco.busco_tools.Toolset	cmd call: hmmsearch --domtblout outputs/busco_output/run_saccharomycetaceae_odb12/hmmer_output/39235at4893.out --cpu 1 /data/busco_downloads/lineages/saccharomycetaceae_odb12/hmms/39235at4893.hmm outputs/busco_output/run_saccharomycetaceae_odb12/miniprot_output/translated_proteins/39235at4893.faa
2026-09-24 16:32:17 DEBUG:busco.busco_tools.Toolset	cmd call: hmmsearch --domtblout outputs/busco_output/run_saccharomycetaceae_odb12/hmmer_output/37875at4893.out --cpu 1 /data/busco_downloads/lineages/saccharomycetaceae_odb12/hmms/37875at4893.hmm outputs/busco_output/run_saccharomycetaceae_odb12/miniprot_output/translated_proteins/37875at4893.faa
2026-09-24 16:32:17 DEBUG:busco.busco_tools.Toolset	cmd call: hmmsearch --domtblout outputs/busco_output/run_saccharomycetaceae_odb12/hmmer_output/37097at4893.out --cpu 1 /data/busco_downloads/lineages/saccharomycetaceae_odb12/hmms/37097at4893.hmm outputs/busco_output/run_saccharomycetaceae_odb12/miniprot_output/translated_proteins/37097at4893.faa
2026-09-24 16:32:17 DEBUG:busco.busco_tools.Toolset	cmd call: hmmsearch --domtblout outputs/busco_output/run_saccharomycetaceae_odb12/hmmer_output/33573at4893.out --cpu 1 /data/busco_downloads/lineages/saccharomycetaceae_odb12/hmms/33573at4893.hmm outputs/busco_output/run_saccharomycetaceae_odb12/miniprot_output/translated_proteins/33573at4893.faa
2026-09-24 16:32:17 DEBUG:busco.busco_tools.Toolset	cmd call: hmmsearch --domtblout outputs/busco_output/run_saccharomycetaceae_odb12/hmmer_output/35362at4893.out --cpu 1 /data/busco_downloads/lineages/saccharomycetaceae_odb12/hmms/35362at4893.hmm outputs/busco_output/run_saccharomycetaceae_odb12/miniprot_output/translated_proteins/35362at4893.faa
2026-09-24 16:32:17 DEBUG:busco.busco_tools.Toolset	cmd call: hmmsearch --domtblout outputs/busco_output/run_saccharomycetaceae_odb12/hmmer_output/36254at4893.out --cpu 1 /data/busco_downloads/lineages/saccharomycetaceae_odb12/hmms/36254at4893.hmm outputs/busco_output/run_saccharomycetaceae_odb12/miniprot_output/translated_proteins/36254at4893.faa
2026-09-24 16:32:17 DEBUG:busco.busco_tools.Toolset	cmd call: hmmsearch --domtblout outputs/busco_output/run_saccharomycetaceae_odb12/hmmer_output/38577at4893.out --cpu 1 /data/busco_downloads/lineages/saccharomycetaceae_odb12/hmms/38577at4893.hmm outputs/busco_output/run_saccharomycetaceae_odb12/miniprot_output/translated_proteins/38577at4893.faa
2026-09-24 16:32:17 DEBUG:busco.busco_tools.Toolset	cmd call: hmmsearch --domtblout outputs/busco_output/run_saccharomycetaceae_odb12/hmmer_output/34600at4893.out --cpu 1 /data/busco_downloads/lineages/saccharomycetaceae_odb12/hmms/34600at4893.hmm outputs/busco_output/run_saccharomycetaceae_odb12/miniprot_output/translated_proteins/34600at4893.faa
2026-09-24 16:32:18 DEBUG:busco.busco_tools.Toolset	cmd call: hmmsearch --domtblout outputs/busco_output/run_saccharomycetaceae_odb12/hmmer_output/37106at4893.out --cpu 1 /data/busco_downloads/lineages/saccharomycetaceae_odb12/hmms/37106at4893.hmm outputs/busco_output/run_saccharomycetaceae_odb12/miniprot_output/translated_proteins/37106at4893.faa
2026-09-24 16:32:18 DEBUG:busco.busco_tools.Toolset	cmd call: hmmsearch --domtblout outputs/busco_output/run_saccharomycetaceae_odb12/hmmer_output/39254at4893.out --cpu 1 /data/busco_downloads/lineages/saccharomycetaceae_odb12/hmms/39254at4893.hmm outputs/busco_output/run_saccharomycetaceae_odb12/miniprot_output/translated_proteins/39254at4893.faa
2026-09-24 16:32:18 DEBUG:busco.busco_tools.Toolset	cmd call: hmmsearch --domtblout outputs/busco_output/run_saccharomycetaceae_odb12/hmmer_output/35369at4893.out --cpu 1 /data/busco_downloads/lineages/saccharomycetaceae_odb12/hmms/35369at4893.hmm outputs/busco_output/run_saccharomycetaceae_odb12/miniprot_output/translated_proteins/35369at4893.faa
2026-09-24 16:32:18 DEBUG:busco.busco_tools.Toolset	cmd call: hmmsearch --domtblout outputs/busco_output/run_saccharomycetaceae_odb12/hmmer_output/33577at4893.out --cpu 1 /data/busco_downloads/lineages/saccharomycetaceae_odb12/hmms/33577at4893.hmm outputs/busco_output/run_saccharomycetaceae_odb12/miniprot_output/translated_proteins/33577at4893.faa
2026-09-24 16:32:18 DEBUG:busco.busco_tools.Toolset	cmd call: hmmsearch --domtblout outputs/busco_output/run_saccharomycetaceae_odb12/hmmer_output/37880at4893.out --cpu 1 /data/busco_downloads/lineages/saccharomycetaceae_odb12/hmms/37880at4893.hmm outputs/busco_output/run_saccharomycetaceae_odb12/miniprot_output/translated_proteins/37880at4893.faa
2026-09-24 16:32:18 DEBUG:busco.busco_tools.Toolset	cmd call: hmmsearch --domtblout outputs/busco_output/run_saccharomycetaceae_odb12/hmmer_output/37156at4893.out --cpu 1 /data/busco_downloads/lineages/saccharomycetaceae_odb12/hmms/37156at4893.hmm outputs/busco_output/run_saccharomycetaceae_odb12/miniprot_output/translated_proteins/37156at4893.faa
2026-09-24 16:32:18 DEBUG:busco.busco_tools.Toolset	cmd call: hmmsearch --domtblout outputs/busco_output/run_saccharomycetaceae_odb12/hmmer_output/38581at4893.out --cpu 1 /data/busco_downloads/lineages/saccharomycetaceae_odb12/hmms/38581at4893.hmm outputs/busco_output/run_saccharomycetaceae_odb12/miniprot_output/translated_proteins/38581at4893.faa
2026-09-24 16:32:18 DEBUG:busco.busco_tools.Toolset	cmd call: hmmsearch --domtblout outputs/busco_output/run_saccharomycetaceae_odb12/hmmer_output/34608at4893.out --cpu 1 /data/busco_downloads/lineages/saccharomycetaceae_odb12/hmms/34608at4893.hmm outputs/busco_output/run_saccharomycetaceae_odb12/miniprot_output/translated_proteins/34608at4893.faa
2026-09-24 16:32:18 INFO:busco.busco_tools.Toolset	[hmmsearch]	1278 of 2129 task(s) completed
2026-09-24 16:32:18 DEBUG:busco.busco_tools.Toolset	cmd call: hmmsearch --domtblout outputs/busco_output/run_saccharomycetaceae_odb12/hmmer_output/36268at4893.out --cpu 1 /data/busco_downloads/lineages/saccharomycetaceae_odb12/hmms/36268at4893.hmm outputs/busco_output/run_saccharomycetaceae_odb12/miniprot_output/translated_proteins/36268at4893.faa
2026-09-24 16:32:18 DEBUG:busco.busco_tools.Toolset	cmd call: hmmsearch --domtblout outputs/busco_output/run_saccharomycetaceae_odb12/hmmer_output/39257at4893.out --cpu 1 /data/busco_downloads/lineages/saccharomycetaceae_odb12/hmms/39257at4893.hmm outputs/busco_output/run_saccharomycetaceae_odb12/miniprot_output/translated_proteins/39257at4893.faa
2026-09-24 16:32:18 DEBUG:busco.busco_tools.Toolset	cmd call: hmmsearch --domtblout outputs/busco_output/run_saccharomycetaceae_odb12/hmmer_output/33588at4893.out --cpu 1 /data/busco_downloads/lineages/saccharomycetaceae_odb12/hmms/33588at4893.hmm outputs/busco_output/run_saccharomycetaceae_odb12/miniprot_output/translated_proteins/33588at4893.faa
2026-09-24 16:32:18 DEBUG:busco.busco_tools.Toolset	cmd call: hmmsearch --domtblout outputs/busco_output/run_saccharomycetaceae_odb12/hmmer_output/35385at4893.out --cpu 1 /data/busco_downloads/lineages/saccharomycetaceae_odb12/hmms/35385at4893.hmm outputs/busco_output/run_saccharomycetaceae_odb12/miniprot_output/translated_proteins/35385at4893.faa
2026-09-24 16:32:18 DEBUG:busco.busco_tools.Toolset	cmd call: hmmsearch --domtblout outputs/busco_output/run_saccharomycetaceae_odb12/hmmer_output/38582at4893.out --cpu 1 /data/busco_downloads/lineages/saccharomycetaceae_odb12/hmms/38582at4893.hmm outputs/busco_output/run_saccharomycetaceae_odb12/miniprot_output/translated_proteins/38582at4893.faa
2026-09-24 16:32:18 DEBUG:busco.busco_tools.Toolset	cmd call: hmmsearch --domtblout outputs/busco_output/run_saccharomycetaceae_odb12/hmmer_output/36273at4893.out --cpu 1 /data/busco_downloads/lineages/saccharomycetaceae_odb12/hmms/36273at4893.hmm outputs/busco_output/run_saccharomycetaceae_odb12/miniprot_output/translated_proteins/36273at4893.faa
2026-09-24 16:32:18 DEBUG:busco.busco_tools.Toolset	cmd call: hmmsearch --domtblout outputs/busco_output/run_saccharomycetaceae_odb12/hmmer_output/34610at4893.out --cpu 1 /data/busco_downloads/lineages/saccharomycetaceae_odb12/hmms/34610at4893.hmm outputs/busco_output/run_saccharomycetaceae_odb12/miniprot_output/translated_proteins/34610at4893.faa
2026-09-24 16:32:18 DEBUG:busco.busco_tools.Toolset	cmd call: hmmsearch --domtblout outputs/busco_output/run_saccharomycetaceae_odb12/hmmer_output/37178at4893.out --cpu 1 /data/busco_downloads/lineages/saccharomycetaceae_odb12/hmms/37178at4893.hmm outputs/busco_output/run_saccharomycetaceae_odb12/miniprot_output/translated_proteins/37178at4893.faa
2026-09-24 16:32:18 DEBUG:busco.busco_tools.Toolset	cmd call: hmmsearch --domtblout outputs/busco_output/run_saccharomycetaceae_odb12/hmmer_output/33591at4893.out --cpu 1 /data/busco_downloads/lineages/saccharomycetaceae_odb12/hmms/33591at4893.hmm outputs/busco_output/run_saccharomycetaceae_odb12/miniprot_output/translated_proteins/33591at4893.faa
2026-09-24 16:32:18 DEBUG:busco.busco_tools.Toolset	cmd call: hmmsearch --domtblout outputs/busco_output/run_saccharomycetaceae_odb12/hmmer_output/37883at4893.out --cpu 1 /data/busco_downloads/lineages/saccharomycetaceae_odb12/hmms/37883at4893.hmm outputs/busco_output/run_saccharomycetaceae_odb12/miniprot_output/translated_proteins/37883at4893.faa
2026-09-24 16:32:18 DEBUG:busco.busco_tools.Toolset	cmd call: hmmsearch --domtblout outputs/busco_output/run_saccharomycetaceae_odb12/hmmer_output/35402at4893.out --cpu 1 /data/busco_downloads/lineages/saccharomycetaceae_odb12/hmms/35402at4893.hmm outputs/busco_output/run_saccharomycetaceae_odb12/miniprot_output/translated_proteins/35402at4893.faa
2026-09-24 16:32:18 DEBUG:busco.busco_tools.Toolset	cmd call: hmmsearch --domtblout outputs/busco_output/run_saccharomycetaceae_odb12/hmmer_output/39274at4893.out --cpu 1 /data/busco_downloads/lineages/saccharomycetaceae_odb12/hmms/39274at4893.hmm outputs/busco_output/run_saccharomycetaceae_odb12/miniprot_output/translated_proteins/39274at4893.faa
2026-09-24 16:32:18 DEBUG:busco.busco_tools.Toolset	cmd call: hmmsearch --domtblout outputs/busco_output/run_saccharomycetaceae_odb12/hmmer_output/3627at4893.out --cpu 1 /data/busco_downloads/lineages/saccharomycetaceae_odb12/hmms/3627at4893.hmm outputs/busco_output/run_saccharomycetaceae_odb12/miniprot_output/translated_proteins/3627at4893.faa
2026-09-24 16:32:18 DEBUG:busco.busco_tools.Toolset	cmd call: hmmsearch --domtblout outputs/busco_output/run_saccharomycetaceae_odb12/hmmer_output/34611at4893.out --cpu 1 /data/busco_downloads/lineages/saccharomycetaceae_odb12/hmms/34611at4893.hmm outputs/busco_output/run_saccharomycetaceae_odb12/miniprot_output/translated_proteins/34611at4893.faa
2026-09-24 16:32:18 DEBUG:busco.busco_tools.Toolset	cmd call: hmmsearch --domtblout outputs/busco_output/run_saccharomycetaceae_odb12/hmmer_output/38583at4893.out --cpu 1 /data/busco_downloads/lineages/saccharomycetaceae_odb12/hmms/38583at4893.hmm outputs/busco_output/run_saccharomycetaceae_odb12/miniprot_output/translated_proteins/38583at4893.faa
2026-09-24 16:32:18 DEBUG:busco.busco_tools.Toolset	cmd call: hmmsearch --domtblout outputs/busco_output/run_saccharomycetaceae_odb12/hmmer_output/37885at4893.out --cpu 1 /data/busco_downloads/lineages/saccharomycetaceae_odb12/hmms/37885at4893.hmm outputs/busco_output/run_saccharomycetaceae_odb12/miniprot_output/translated_proteins/37885at4893.faa
2026-09-24 16:32:18 DEBUG:busco.busco_tools.Toolset	cmd call: hmmsearch --domtblout outputs/busco_output/run_saccharomycetaceae_odb12/hmmer_output/33624at4893.out --cpu 1 /data/busco_downloads/lineages/saccharomycetaceae_odb12/hmms/33624at4893.hmm outputs/busco_output/run_saccharomycetaceae_odb12/miniprot_output/translated_proteins/33624at4893.faa
2026-09-24 16:32:18 DEBUG:busco.busco_tools.Toolset	cmd call: hmmsearch --domtblout outputs/busco_output/run_saccharomycetaceae_odb12/hmmer_output/3719at4893.out --cpu 1 /data/busco_downloads/lineages/saccharomycetaceae_odb12/hmms/3719at4893.hmm outputs/busco_output/run_saccharomycetaceae_odb12/miniprot_output/translated_proteins/3719at4893.faa
2026-09-24 16:32:18 DEBUG:busco.busco_tools.Toolset	cmd call: hmmsearch --domtblout outputs/busco_output/run_saccharomycetaceae_odb12/hmmer_output/36290at4893.out --cpu 1 /data/busco_downloads/lineages/saccharomycetaceae_odb12/hmms/36290at4893.hmm outputs/busco_output/run_saccharomycetaceae_odb12/miniprot_output/translated_proteins/36290at4893.faa
2026-09-24 16:32:18 DEBUG:busco.busco_tools.Toolset	cmd call: hmmsearch --domtblout outputs/busco_output/run_saccharomycetaceae_odb12/hmmer_output/39279at4893.out --cpu 1 /data/busco_downloads/lineages/saccharomycetaceae_odb12/hmms/39279at4893.hmm outputs/busco_output/run_saccharomycetaceae_odb12/miniprot_output/translated_proteins/39279at4893.faa
2026-09-24 16:32:18 DEBUG:busco.busco_tools.Toolset	cmd call: hmmsearch --domtblout outputs/busco_output/run_saccharomycetaceae_odb12/hmmer_output/35425at4893.out --cpu 1 /data/busco_downloads/lineages/saccharomycetaceae_odb12/hmms/35425at4893.hmm outputs/busco_output/run_saccharomycetaceae_odb12/miniprot_output/translated_proteins/35425at4893.faa
2026-09-24 16:32:18 DEBUG:busco.busco_tools.Toolset	cmd call: hmmsearch --domtblout outputs/busco_output/run_saccharomycetaceae_odb12/hmmer_output/33626at4893.out --cpu 1 /data/busco_downloads/lineages/saccharomycetaceae_odb12/hmms/33626at4893.hmm outputs/busco_output/run_saccharomycetaceae_odb12/miniprot_output/translated_proteins/33626at4893.faa
2026-09-24 16:32:18 DEBUG:busco.busco_tools.Toolset	cmd call: hmmsearch --domtblout outputs/busco_output/run_saccharomycetaceae_odb12/hmmer_output/34621at4893.out --cpu 1 /data/busco_downloads/lineages/saccharomycetaceae_odb12/hmms/34621at4893.hmm outputs/busco_output/run_saccharomycetaceae_odb12/miniprot_output/translated_proteins/34621at4893.faa
2026-09-24 16:32:18 DEBUG:busco.busco_tools.Toolset	cmd call: hmmsearch --domtblout outputs/busco_output/run_saccharomycetaceae_odb12/hmmer_output/37894at4893.out --cpu 1 /data/busco_downloads/lineages/saccharomycetaceae_odb12/hmms/37894at4893.hmm outputs/busco_output/run_saccharomycetaceae_odb12/miniprot_output/translated_proteins/37894at4893.faa
2026-09-24 16:32:18 DEBUG:busco.busco_tools.Toolset	cmd call: hmmsearch --domtblout outputs/busco_output/run_saccharomycetaceae_odb12/hmmer_output/38606at4893.out --cpu 1 /data/busco_downloads/lineages/saccharomycetaceae_odb12/hmms/38606at4893.hmm outputs/busco_output/run_saccharomycetaceae_odb12/miniprot_output/translated_proteins/38606at4893.faa
2026-09-24 16:32:18 DEBUG:busco.busco_tools.Toolset	cmd call: hmmsearch --domtblout outputs/busco_output/run_saccharomycetaceae_odb12/hmmer_output/36307at4893.out --cpu 1 /data/busco_downloads/lineages/saccharomycetaceae_odb12/hmms/36307at4893.hmm outputs/busco_output/run_saccharomycetaceae_odb12/miniprot_output/translated_proteins/36307at4893.faa
2026-09-24 16:32:18 DEBUG:busco.busco_tools.Toolset	cmd call: hmmsearch --domtblout outputs/busco_output/run_saccharomycetaceae_odb12/hmmer_output/35436at4893.out --cpu 1 /data/busco_downloads/lineages/saccharomycetaceae_odb12/hmms/35436at4893.hmm outputs/busco_output/run_saccharomycetaceae_odb12/miniprot_output/translated_proteins/35436at4893.faa
2026-09-24 16:32:18 DEBUG:busco.busco_tools.Toolset	cmd call: hmmsearch --domtblout outputs/busco_output/run_saccharomycetaceae_odb12/hmmer_output/37210at4893.out --cpu 1 /data/busco_downloads/lineages/saccharomycetaceae_odb12/hmms/37210at4893.hmm outputs/busco_output/run_saccharomycetaceae_odb12/miniprot_output/translated_proteins/37210at4893.faa
2026-09-24 16:32:18 DEBUG:busco.busco_tools.Toolset	cmd call: hmmsearch --domtblout outputs/busco_output/run_saccharomycetaceae_odb12/hmmer_output/34625at4893.out --cpu 1 /data/busco_downloads/lineages/saccharomycetaceae_odb12/hmms/34625at4893.hmm outputs/busco_output/run_saccharomycetaceae_odb12/miniprot_output/translated_proteins/34625at4893.faa
2026-09-24 16:32:18 DEBUG:busco.busco_tools.Toolset	cmd call: hmmsearch --domtblout outputs/busco_output/run_saccharomycetaceae_odb12/hmmer_output/39283at4893.out --cpu 1 /data/busco_downloads/lineages/saccharomycetaceae_odb12/hmms/39283at4893.hmm outputs/busco_output/run_saccharomycetaceae_odb12/miniprot_output/translated_proteins/39283at4893.faa
2026-09-24 16:32:19 DEBUG:busco.busco_tools.Toolset	cmd call: hmmsearch --domtblout outputs/busco_output/run_saccharomycetaceae_odb12/hmmer_output/38613at4893.out --cpu 1 /data/busco_downloads/lineages/saccharomycetaceae_odb12/hmms/38613at4893.hmm outputs/busco_output/run_saccharomycetaceae_odb12/miniprot_output/translated_proteins/38613at4893.faa
2026-09-24 16:32:19 DEBUG:busco.busco_tools.Toolset	cmd call: hmmsearch --domtblout outputs/busco_output/run_saccharomycetaceae_odb12/hmmer_output/33689at4893.out --cpu 1 /data/busco_downloads/lineages/saccharomycetaceae_odb12/hmms/33689at4893.hmm outputs/busco_output/run_saccharomycetaceae_odb12/miniprot_output/translated_proteins/33689at4893.faa
2026-09-24 16:32:19 DEBUG:busco.busco_tools.Toolset	cmd call: hmmsearch --domtblout outputs/busco_output/run_saccharomycetaceae_odb12/hmmer_output/35446at4893.out --cpu 1 /data/busco_downloads/lineages/saccharomycetaceae_odb12/hmms/35446at4893.hmm outputs/busco_output/run_saccharomycetaceae_odb12/miniprot_output/translated_proteins/35446at4893.faa
2026-09-24 16:32:19 DEBUG:busco.busco_tools.Toolset	cmd call: hmmsearch --domtblout outputs/busco_output/run_saccharomycetaceae_odb12/hmmer_output/37901at4893.out --cpu 1 /data/busco_downloads/lineages/saccharomycetaceae_odb12/hmms/37901at4893.hmm outputs/busco_output/run_saccharomycetaceae_odb12/miniprot_output/translated_proteins/37901at4893.faa
2026-09-24 16:32:19 DEBUG:busco.busco_tools.Toolset	cmd call: hmmsearch --domtblout outputs/busco_output/run_saccharomycetaceae_odb12/hmmer_output/36309at4893.out --cpu 1 /data/busco_downloads/lineages/saccharomycetaceae_odb12/hmms/36309at4893.hmm outputs/busco_output/run_saccharomycetaceae_odb12/miniprot_output/translated_proteins/36309at4893.faa
2026-09-24 16:32:19 DEBUG:busco.busco_tools.Toolset	cmd call: hmmsearch --domtblout outputs/busco_output/run_saccharomycetaceae_odb12/hmmer_output/3928at4893.out --cpu 1 /data/busco_downloads/lineages/saccharomycetaceae_odb12/hmms/3928at4893.hmm outputs/busco_output/run_saccharomycetaceae_odb12/miniprot_output/translated_proteins/3928at4893.faa
2026-09-24 16:32:19 DEBUG:busco.busco_tools.Toolset	cmd call: hmmsearch --domtblout outputs/busco_output/run_saccharomycetaceae_odb12/hmmer_output/34636at4893.out --cpu 1 /data/busco_downloads/lineages/saccharomycetaceae_odb12/hmms/34636at4893.hmm outputs/busco_output/run_saccharomycetaceae_odb12/miniprot_output/translated_proteins/34636at4893.faa
2026-09-24 16:32:19 DEBUG:busco.busco_tools.Toolset	cmd call: hmmsearch --domtblout outputs/busco_output/run_saccharomycetaceae_odb12/hmmer_output/38617at4893.out --cpu 1 /data/busco_downloads/lineages/saccharomycetaceae_odb12/hmms/38617at4893.hmm outputs/busco_output/run_saccharomycetaceae_odb12/miniprot_output/translated_proteins/38617at4893.faa
2026-09-24 16:32:19 DEBUG:busco.busco_tools.Toolset	cmd call: hmmsearch --domtblout outputs/busco_output/run_saccharomycetaceae_odb12/hmmer_output/37211at4893.out --cpu 1 /data/busco_downloads/lineages/saccharomycetaceae_odb12/hmms/37211at4893.hmm outputs/busco_output/run_saccharomycetaceae_odb12/miniprot_output/translated_proteins/37211at4893.faa
2026-09-24 16:32:19 DEBUG:busco.busco_tools.Toolset	cmd call: hmmsearch --domtblout outputs/busco_output/run_saccharomycetaceae_odb12/hmmer_output/33690at4893.out --cpu 1 /data/busco_downloads/lineages/saccharomycetaceae_odb12/hmms/33690at4893.hmm outputs/busco_output/run_saccharomycetaceae_odb12/miniprot_output/translated_proteins/33690at4893.faa
2026-09-24 16:32:19 DEBUG:busco.busco_tools.Toolset	cmd call: hmmsearch --domtblout outputs/busco_output/run_saccharomycetaceae_odb12/hmmer_output/35452at4893.out --cpu 1 /data/busco_downloads/lineages/saccharomycetaceae_odb12/hmms/35452at4893.hmm outputs/busco_output/run_saccharomycetaceae_odb12/miniprot_output/translated_proteins/35452at4893.faa
2026-09-24 16:32:19 DEBUG:busco.busco_tools.Toolset	cmd call: hmmsearch --domtblout outputs/busco_output/run_saccharomycetaceae_odb12/hmmer_output/3790at4893.out --cpu 1 /data/busco_downloads/lineages/saccharomycetaceae_odb12/hmms/3790at4893.hmm outputs/busco_output/run_saccharomycetaceae_odb12/miniprot_output/translated_proteins/3790at4893.faa
2026-09-24 16:32:19 DEBUG:busco.busco_tools.Toolset	cmd call: hmmsearch --domtblout outputs/busco_output/run_saccharomycetaceae_odb12/hmmer_output/36328at4893.out --cpu 1 /data/busco_downloads/lineages/saccharomycetaceae_odb12/hmms/36328at4893.hmm outputs/busco_output/run_saccharomycetaceae_odb12/miniprot_output/translated_proteins/36328at4893.faa
2026-09-24 16:32:19 DEBUG:busco.busco_tools.Toolset	cmd call: hmmsearch --domtblout outputs/busco_output/run_saccharomycetaceae_odb12/hmmer_output/37229at4893.out --cpu 1 /data/busco_downloads/lineages/saccharomycetaceae_odb12/hmms/37229at4893.hmm outputs/busco_output/run_saccharomycetaceae_odb12/miniprot_output/translated_proteins/37229at4893.faa
2026-09-24 16:32:19 DEBUG:busco.busco_tools.Toolset	cmd call: hmmsearch --domtblout outputs/busco_output/run_saccharomycetaceae_odb12/hmmer_output/38637at4893.out --cpu 1 /data/busco_downloads/lineages/saccharomycetaceae_odb12/hmms/38637at4893.hmm outputs/busco_output/run_saccharomycetaceae_odb12/miniprot_output/translated_proteins/38637at4893.faa
2026-09-24 16:32:19 DEBUG:busco.busco_tools.Toolset	cmd call: hmmsearch --domtblout outputs/busco_output/run_saccharomycetaceae_odb12/hmmer_output/34637at4893.out --cpu 1 /data/busco_downloads/lineages/saccharomycetaceae_odb12/hmms/34637at4893.hmm outputs/busco_output/run_saccharomycetaceae_odb12/miniprot_output/translated_proteins/34637at4893.faa
2026-09-24 16:32:19 DEBUG:busco.busco_tools.Toolset	cmd call: hmmsearch --domtblout outputs/busco_output/run_saccharomycetaceae_odb12/hmmer_output/35504at4893.out --cpu 1 /data/busco_downloads/lineages/saccharomycetaceae_odb12/hmms/35504at4893.hmm outputs/busco_output/run_saccharomycetaceae_odb12/miniprot_output/translated_proteins/35504at4893.faa
2026-09-24 16:32:19 DEBUG:busco.busco_tools.Toolset	cmd call: hmmsearch --domtblout outputs/busco_output/run_saccharomycetaceae_odb12/hmmer_output/33737at4893.out --cpu 1 /data/busco_downloads/lineages/saccharomycetaceae_odb12/hmms/33737at4893.hmm outputs/busco_output/run_saccharomycetaceae_odb12/miniprot_output/translated_proteins/33737at4893.faa
2026-09-24 16:32:19 DEBUG:busco.busco_tools.Toolset	cmd call: hmmsearch --domtblout outputs/busco_output/run_saccharomycetaceae_odb12/hmmer_output/36333at4893.out --cpu 1 /data/busco_downloads/lineages/saccharomycetaceae_odb12/hmms/36333at4893.hmm outputs/busco_output/run_saccharomycetaceae_odb12/miniprot_output/translated_proteins/36333at4893.faa
2026-09-24 16:32:19 DEBUG:busco.busco_tools.Toolset	cmd call: hmmsearch --domtblout outputs/busco_output/run_saccharomycetaceae_odb12/hmmer_output/39298at4893.out --cpu 1 /data/busco_downloads/lineages/saccharomycetaceae_odb12/hmms/39298at4893.hmm outputs/busco_output/run_saccharomycetaceae_odb12/miniprot_output/translated_proteins/39298at4893.faa
2026-09-24 16:32:19 DEBUG:busco.busco_tools.Toolset	cmd call: hmmsearch --domtblout outputs/busco_output/run_saccharomycetaceae_odb12/hmmer_output/37941at4893.out --cpu 1 /data/busco_downloads/lineages/saccharomycetaceae_odb12/hmms/37941at4893.hmm outputs/busco_output/run_saccharomycetaceae_odb12/miniprot_output/translated_proteins/37941at4893.faa
2026-09-24 16:32:19 DEBUG:busco.busco_tools.Toolset	cmd call: hmmsearch --domtblout outputs/busco_output/run_saccharomycetaceae_odb12/hmmer_output/3724at4893.out --cpu 1 /data/busco_downloads/lineages/saccharomycetaceae_odb12/hmms/3724at4893.hmm outputs/busco_output/run_saccharomycetaceae_odb12/miniprot_output/translated_proteins/3724at4893.faa
2026-09-24 16:32:19 DEBUG:busco.busco_tools.Toolset	cmd call: hmmsearch --domtblout outputs/busco_output/run_saccharomycetaceae_odb12/hmmer_output/35525at4893.out --cpu 1 /data/busco_downloads/lineages/saccharomycetaceae_odb12/hmms/35525at4893.hmm outputs/busco_output/run_saccharomycetaceae_odb12/miniprot_output/translated_proteins/35525at4893.faa
2026-09-24 16:32:19 DEBUG:busco.busco_tools.Toolset	cmd call: hmmsearch --domtblout outputs/busco_output/run_saccharomycetaceae_odb12/hmmer_output/3465at4893.out --cpu 1 /data/busco_downloads/lineages/saccharomycetaceae_odb12/hmms/3465at4893.hmm outputs/busco_output/run_saccharomycetaceae_odb12/miniprot_output/translated_proteins/3465at4893.faa
2026-09-24 16:32:19 DEBUG:busco.busco_tools.Toolset	cmd call: hmmsearch --domtblout outputs/busco_output/run_saccharomycetaceae_odb12/hmmer_output/38643at4893.out --cpu 1 /data/busco_downloads/lineages/saccharomycetaceae_odb12/hmms/38643at4893.hmm outputs/busco_output/run_saccharomycetaceae_odb12/miniprot_output/translated_proteins/38643at4893.faa
2026-09-24 16:32:19 DEBUG:busco.busco_tools.Toolset	cmd call: hmmsearch --domtblout outputs/busco_output/run_saccharomycetaceae_odb12/hmmer_output/36342at4893.out --cpu 1 /data/busco_downloads/lineages/saccharomycetaceae_odb12/hmms/36342at4893.hmm outputs/busco_output/run_saccharomycetaceae_odb12/miniprot_output/translated_proteins/36342at4893.faa
2026-09-24 16:32:19 DEBUG:busco.busco_tools.Toolset	cmd call: hmmsearch --domtblout outputs/busco_output/run_saccharomycetaceae_odb12/hmmer_output/33747at4893.out --cpu 1 /data/busco_downloads/lineages/saccharomycetaceae_odb12/hmms/33747at4893.hmm outputs/busco_output/run_saccharomycetaceae_odb12/miniprot_output/translated_proteins/33747at4893.faa
2026-09-24 16:32:19 DEBUG:busco.busco_tools.Toolset	cmd call: hmmsearch --domtblout outputs/busco_output/run_saccharomycetaceae_odb12/hmmer_output/37956at4893.out --cpu 1 /data/busco_downloads/lineages/saccharomycetaceae_odb12/hmms/37956at4893.hmm outputs/busco_output/run_saccharomycetaceae_odb12/miniprot_output/translated_proteins/37956at4893.faa
2026-09-24 16:32:19 DEBUG:busco.busco_tools.Toolset	cmd call: hmmsearch --domtblout outputs/busco_output/run_saccharomycetaceae_odb12/hmmer_output/37261at4893.out --cpu 1 /data/busco_downloads/lineages/saccharomycetaceae_odb12/hmms/37261at4893.hmm outputs/busco_output/run_saccharomycetaceae_odb12/miniprot_output/translated_proteins/37261at4893.faa
2026-09-24 16:32:19 DEBUG:busco.busco_tools.Toolset	cmd call: hmmsearch --domtblout outputs/busco_output/run_saccharomycetaceae_odb12/hmmer_output/35531at4893.out --cpu 1 /data/busco_downloads/lineages/saccharomycetaceae_odb12/hmms/35531at4893.hmm outputs/busco_output/run_saccharomycetaceae_odb12/miniprot_output/translated_proteins/35531at4893.faa
2026-09-24 16:32:19 DEBUG:busco.busco_tools.Toolset	cmd call: hmmsearch --domtblout outputs/busco_output/run_saccharomycetaceae_odb12/hmmer_output/39300at4893.out --cpu 1 /data/busco_downloads/lineages/saccharomycetaceae_odb12/hmms/39300at4893.hmm outputs/busco_output/run_saccharomycetaceae_odb12/miniprot_output/translated_proteins/39300at4893.faa
2026-09-24 16:32:19 DEBUG:busco.busco_tools.Toolset	cmd call: hmmsearch --domtblout outputs/busco_output/run_saccharomycetaceae_odb12/hmmer_output/33751at4893.out --cpu 1 /data/busco_downloads/lineages/saccharomycetaceae_odb12/hmms/33751at4893.hmm outputs/busco_output/run_saccharomycetaceae_odb12/miniprot_output/translated_proteins/33751at4893.faa
2026-09-24 16:32:19 DEBUG:busco.busco_tools.Toolset	cmd call: hmmsearch --domtblout outputs/busco_output/run_saccharomycetaceae_odb12/hmmer_output/34661at4893.out --cpu 1 /data/busco_downloads/lineages/saccharomycetaceae_odb12/hmms/34661at4893.hmm outputs/busco_output/run_saccharomycetaceae_odb12/miniprot_output/translated_proteins/34661at4893.faa
2026-09-24 16:32:19 DEBUG:busco.busco_tools.Toolset	cmd call: hmmsearch --domtblout outputs/busco_output/run_saccharomycetaceae_odb12/hmmer_output/38664at4893.out --cpu 1 /data/busco_downloads/lineages/saccharomycetaceae_odb12/hmms/38664at4893.hmm outputs/busco_output/run_saccharomycetaceae_odb12/miniprot_output/translated_proteins/38664at4893.faa
2026-09-24 16:32:19 DEBUG:busco.busco_tools.Toolset	cmd call: hmmsearch --domtblout outputs/busco_output/run_saccharomycetaceae_odb12/hmmer_output/36347at4893.out --cpu 1 /data/busco_downloads/lineages/saccharomycetaceae_odb12/hmms/36347at4893.hmm outputs/busco_output/run_saccharomycetaceae_odb12/miniprot_output/translated_proteins/36347at4893.faa
2026-09-24 16:32:19 DEBUG:busco.busco_tools.Toolset	cmd call: hmmsearch --domtblout outputs/busco_output/run_saccharomycetaceae_odb12/hmmer_output/37959at4893.out --cpu 1 /data/busco_downloads/lineages/saccharomycetaceae_odb12/hmms/37959at4893.hmm outputs/busco_output/run_saccharomycetaceae_odb12/miniprot_output/translated_proteins/37959at4893.faa
2026-09-24 16:32:19 DEBUG:busco.busco_tools.Toolset	cmd call: hmmsearch --domtblout outputs/busco_output/run_saccharomycetaceae_odb12/hmmer_output/37263at4893.out --cpu 1 /data/busco_downloads/lineages/saccharomycetaceae_odb12/hmms/37263at4893.hmm outputs/busco_output/run_saccharomycetaceae_odb12/miniprot_output/translated_proteins/37263at4893.faa
2026-09-24 16:32:19 DEBUG:busco.busco_tools.Toolset	cmd call: hmmsearch --domtblout outputs/busco_output/run_saccharomycetaceae_odb12/hmmer_output/39304at4893.out --cpu 1 /data/busco_downloads/lineages/saccharomycetaceae_odb12/hmms/39304at4893.hmm outputs/busco_output/run_saccharomycetaceae_odb12/miniprot_output/translated_proteins/39304at4893.faa
2026-09-24 16:32:19 DEBUG:busco.busco_tools.Toolset	cmd call: hmmsearch --domtblout outputs/busco_output/run_saccharomycetaceae_odb12/hmmer_output/35543at4893.out --cpu 1 /data/busco_downloads/lineages/saccharomycetaceae_odb12/hmms/35543at4893.hmm outputs/busco_output/run_saccharomycetaceae_odb12/miniprot_output/translated_proteins/35543at4893.faa
2026-09-24 16:32:19 DEBUG:busco.busco_tools.Toolset	cmd call: hmmsearch --domtblout outputs/busco_output/run_saccharomycetaceae_odb12/hmmer_output/34665at4893.out --cpu 1 /data/busco_downloads/lineages/saccharomycetaceae_odb12/hmms/34665at4893.hmm outputs/busco_output/run_saccharomycetaceae_odb12/miniprot_output/translated_proteins/34665at4893.faa
2026-09-24 16:32:19 DEBUG:busco.busco_tools.Toolset	cmd call: hmmsearch --domtblout outputs/busco_output/run_saccharomycetaceae_odb12/hmmer_output/33789at4893.out --cpu 1 /data/busco_downloads/lineages/saccharomycetaceae_odb12/hmms/33789at4893.hmm outputs/busco_output/run_saccharomycetaceae_odb12/miniprot_output/translated_proteins/33789at4893.faa
2026-09-24 16:32:19 DEBUG:busco.busco_tools.Toolset	cmd call: hmmsearch --domtblout outputs/busco_output/run_saccharomycetaceae_odb12/hmmer_output/36355at4893.out --cpu 1 /data/busco_downloads/lineages/saccharomycetaceae_odb12/hmms/36355at4893.hmm outputs/busco_output/run_saccharomycetaceae_odb12/miniprot_output/translated_proteins/36355at4893.faa
2026-09-24 16:32:19 DEBUG:busco.busco_tools.Toolset	cmd call: hmmsearch --domtblout outputs/busco_output/run_saccharomycetaceae_odb12/hmmer_output/38672at4893.out --cpu 1 /data/busco_downloads/lineages/saccharomycetaceae_odb12/hmms/38672at4893.hmm outputs/busco_output/run_saccharomycetaceae_odb12/miniprot_output/translated_proteins/38672at4893.faa
2026-09-24 16:32:20 DEBUG:busco.busco_tools.Toolset	cmd call: hmmsearch --domtblout outputs/busco_output/run_saccharomycetaceae_odb12/hmmer_output/39315at4893.out --cpu 1 /data/busco_downloads/lineages/saccharomycetaceae_odb12/hmms/39315at4893.hmm outputs/busco_output/run_saccharomycetaceae_odb12/miniprot_output/translated_proteins/39315at4893.faa
2026-09-24 16:32:20 DEBUG:busco.busco_tools.Toolset	cmd call: hmmsearch --domtblout outputs/busco_output/run_saccharomycetaceae_odb12/hmmer_output/36366at4893.out --cpu 1 /data/busco_downloads/lineages/saccharomycetaceae_odb12/hmms/36366at4893.hmm outputs/busco_output/run_saccharomycetaceae_odb12/miniprot_output/translated_proteins/36366at4893.faa
2026-09-24 16:32:20 DEBUG:busco.busco_tools.Toolset	cmd call: hmmsearch --domtblout outputs/busco_output/run_saccharomycetaceae_odb12/hmmer_output/35544at4893.out --cpu 1 /data/busco_downloads/lineages/saccharomycetaceae_odb12/hmms/35544at4893.hmm outputs/busco_output/run_saccharomycetaceae_odb12/miniprot_output/translated_proteins/35544at4893.faa
2026-09-24 16:32:20 DEBUG:busco.busco_tools.Toolset	cmd call: hmmsearch --domtblout outputs/busco_output/run_saccharomycetaceae_odb12/hmmer_output/37264at4893.out --cpu 1 /data/busco_downloads/lineages/saccharomycetaceae_odb12/hmms/37264at4893.hmm outputs/busco_output/run_saccharomycetaceae_odb12/miniprot_output/translated_proteins/37264at4893.faa
2026-09-24 16:32:20 DEBUG:busco.busco_tools.Toolset	cmd call: hmmsearch --domtblout outputs/busco_output/run_saccharomycetaceae_odb12/hmmer_output/37965at4893.out --cpu 1 /data/busco_downloads/lineages/saccharomycetaceae_odb12/hmms/37965at4893.hmm outputs/busco_output/run_saccharomycetaceae_odb12/miniprot_output/translated_proteins/37965at4893.faa
2026-09-24 16:32:20 DEBUG:busco.busco_tools.Toolset	cmd call: hmmsearch --domtblout outputs/busco_output/run_saccharomycetaceae_odb12/hmmer_output/34684at4893.out --cpu 1 /data/busco_downloads/lineages/saccharomycetaceae_odb12/hmms/34684at4893.hmm outputs/busco_output/run_saccharomycetaceae_odb12/miniprot_output/translated_proteins/34684at4893.faa
2026-09-24 16:32:20 DEBUG:busco.busco_tools.Toolset	cmd call: hmmsearch --domtblout outputs/busco_output/run_saccharomycetaceae_odb12/hmmer_output/38680at4893.out --cpu 1 /data/busco_downloads/lineages/saccharomycetaceae_odb12/hmms/38680at4893.hmm outputs/busco_output/run_saccharomycetaceae_odb12/miniprot_output/translated_proteins/38680at4893.faa
2026-09-24 16:32:20 DEBUG:busco.busco_tools.Toolset	cmd call: hmmsearch --domtblout outputs/busco_output/run_saccharomycetaceae_odb12/hmmer_output/337at4893.out --cpu 1 /data/busco_downloads/lineages/saccharomycetaceae_odb12/hmms/337at4893.hmm outputs/busco_output/run_saccharomycetaceae_odb12/miniprot_output/translated_proteins/337at4893.faa
2026-09-24 16:32:20 DEBUG:busco.busco_tools.Toolset	cmd call: hmmsearch --domtblout outputs/busco_output/run_saccharomycetaceae_odb12/hmmer_output/39322at4893.out --cpu 1 /data/busco_downloads/lineages/saccharomycetaceae_odb12/hmms/39322at4893.hmm outputs/busco_output/run_saccharomycetaceae_odb12/miniprot_output/translated_proteins/39322at4893.faa
2026-09-24 16:32:20 DEBUG:busco.busco_tools.Toolset	cmd call: hmmsearch --domtblout outputs/busco_output/run_saccharomycetaceae_odb12/hmmer_output/37265at4893.out --cpu 1 /data/busco_downloads/lineages/saccharomycetaceae_odb12/hmms/37265at4893.hmm outputs/busco_output/run_saccharomycetaceae_odb12/miniprot_output/translated_proteins/37265at4893.faa
2026-09-24 16:32:20 DEBUG:busco.busco_tools.Toolset	cmd call: hmmsearch --domtblout outputs/busco_output/run_saccharomycetaceae_odb12/hmmer_output/35548at4893.out --cpu 1 /data/busco_downloads/lineages/saccharomycetaceae_odb12/hmms/35548at4893.hmm outputs/busco_output/run_saccharomycetaceae_odb12/miniprot_output/translated_proteins/35548at4893.faa
2026-09-24 16:32:20 DEBUG:busco.busco_tools.Toolset	cmd call: hmmsearch --domtblout outputs/busco_output/run_saccharomycetaceae_odb12/hmmer_output/37985at4893.out --cpu 1 /data/busco_downloads/lineages/saccharomycetaceae_odb12/hmms/37985at4893.hmm outputs/busco_output/run_saccharomycetaceae_odb12/miniprot_output/translated_proteins/37985at4893.faa
2026-09-24 16:32:20 DEBUG:busco.busco_tools.Toolset	cmd call: hmmsearch --domtblout outputs/busco_output/run_saccharomycetaceae_odb12/hmmer_output/36369at4893.out --cpu 1 /data/busco_downloads/lineages/saccharomycetaceae_odb12/hmms/36369at4893.hmm outputs/busco_output/run_saccharomycetaceae_odb12/miniprot_output/translated_proteins/36369at4893.faa
2026-09-24 16:32:20 DEBUG:busco.busco_tools.Toolset	cmd call: hmmsearch --domtblout outputs/busco_output/run_saccharomycetaceae_odb12/hmmer_output/39361at4893.out --cpu 1 /data/busco_downloads/lineages/saccharomycetaceae_odb12/hmms/39361at4893.hmm outputs/busco_output/run_saccharomycetaceae_odb12/miniprot_output/translated_proteins/39361at4893.faa
2026-09-24 16:32:20 DEBUG:busco.busco_tools.Toolset	cmd call: hmmsearch --domtblout outputs/busco_output/run_saccharomycetaceae_odb12/hmmer_output/38682at4893.out --cpu 1 /data/busco_downloads/lineages/saccharomycetaceae_odb12/hmms/38682at4893.hmm outputs/busco_output/run_saccharomycetaceae_odb12/miniprot_output/translated_proteins/38682at4893.faa
2026-09-24 16:32:20 DEBUG:busco.busco_tools.Toolset	cmd call: hmmsearch --domtblout outputs/busco_output/run_saccharomycetaceae_odb12/hmmer_output/34689at4893.out --cpu 1 /data/busco_downloads/lineages/saccharomycetaceae_odb12/hmms/34689at4893.hmm outputs/busco_output/run_saccharomycetaceae_odb12/miniprot_output/translated_proteins/34689at4893.faa
2026-09-24 16:32:20 DEBUG:busco.busco_tools.Toolset	cmd call: hmmsearch --domtblout outputs/busco_output/run_saccharomycetaceae_odb12/hmmer_output/33826at4893.out --cpu 1 /data/busco_downloads/lineages/saccharomycetaceae_odb12/hmms/33826at4893.hmm outputs/busco_output/run_saccharomycetaceae_odb12/miniprot_output/translated_proteins/33826at4893.faa
2026-09-24 16:32:20 DEBUG:busco.busco_tools.Toolset	cmd call: hmmsearch --domtblout outputs/busco_output/run_saccharomycetaceae_odb12/hmmer_output/37285at4893.out --cpu 1 /data/busco_downloads/lineages/saccharomycetaceae_odb12/hmms/37285at4893.hmm outputs/busco_output/run_saccharomycetaceae_odb12/miniprot_output/translated_proteins/37285at4893.faa
2026-09-24 16:32:20 DEBUG:busco.busco_tools.Toolset	cmd call: hmmsearch --domtblout outputs/busco_output/run_saccharomycetaceae_odb12/hmmer_output/3554at4893.out --cpu 1 /data/busco_downloads/lineages/saccharomycetaceae_odb12/hmms/3554at4893.hmm outputs/busco_output/run_saccharomycetaceae_odb12/miniprot_output/translated_proteins/3554at4893.faa
2026-09-24 16:32:20 DEBUG:busco.busco_tools.Toolset	cmd call: hmmsearch --domtblout outputs/busco_output/run_saccharomycetaceae_odb12/hmmer_output/3799at4893.out --cpu 1 /data/busco_downloads/lineages/saccharomycetaceae_odb12/hmms/3799at4893.hmm outputs/busco_output/run_saccharomycetaceae_odb12/miniprot_output/translated_proteins/3799at4893.faa
2026-09-24 16:32:20 DEBUG:busco.busco_tools.Toolset	cmd call: hmmsearch --domtblout outputs/busco_output/run_saccharomycetaceae_odb12/hmmer_output/36371at4893.out --cpu 1 /data/busco_downloads/lineages/saccharomycetaceae_odb12/hmms/36371at4893.hmm outputs/busco_output/run_saccharomycetaceae_odb12/miniprot_output/translated_proteins/36371at4893.faa
2026-09-24 16:32:20 DEBUG:busco.busco_tools.Toolset	cmd call: hmmsearch --domtblout outputs/busco_output/run_saccharomycetaceae_odb12/hmmer_output/39375at4893.out --cpu 1 /data/busco_downloads/lineages/saccharomycetaceae_odb12/hmms/39375at4893.hmm outputs/busco_output/run_saccharomycetaceae_odb12/miniprot_output/translated_proteins/39375at4893.faa
2026-09-24 16:32:20 DEBUG:busco.busco_tools.Toolset	cmd call: hmmsearch --domtblout outputs/busco_output/run_saccharomycetaceae_odb12/hmmer_output/34727at4893.out --cpu 1 /data/busco_downloads/lineages/saccharomycetaceae_odb12/hmms/34727at4893.hmm outputs/busco_output/run_saccharomycetaceae_odb12/miniprot_output/translated_proteins/34727at4893.faa
2026-09-24 16:32:20 DEBUG:busco.busco_tools.Toolset	cmd call: hmmsearch --domtblout outputs/busco_output/run_saccharomycetaceae_odb12/hmmer_output/33870at4893.out --cpu 1 /data/busco_downloads/lineages/saccharomycetaceae_odb12/hmms/33870at4893.hmm outputs/busco_output/run_saccharomycetaceae_odb12/miniprot_output/translated_proteins/33870at4893.faa
2026-09-24 16:32:20 DEBUG:busco.busco_tools.Toolset	cmd call: hmmsearch --domtblout outputs/busco_output/run_saccharomycetaceae_odb12/hmmer_output/38688at4893.out --cpu 1 /data/busco_downloads/lineages/saccharomycetaceae_odb12/hmms/38688at4893.hmm outputs/busco_output/run_saccharomycetaceae_odb12/miniprot_output/translated_proteins/38688at4893.faa
2026-09-24 16:32:20 DEBUG:busco.busco_tools.Toolset	cmd call: hmmsearch --domtblout outputs/busco_output/run_saccharomycetaceae_odb12/hmmer_output/37291at4893.out --cpu 1 /data/busco_downloads/lineages/saccharomycetaceae_odb12/hmms/37291at4893.hmm outputs/busco_output/run_saccharomycetaceae_odb12/miniprot_output/translated_proteins/37291at4893.faa
2026-09-24 16:32:20 DEBUG:busco.busco_tools.Toolset	cmd call: hmmsearch --domtblout outputs/busco_output/run_saccharomycetaceae_odb12/hmmer_output/36373at4893.out --cpu 1 /data/busco_downloads/lineages/saccharomycetaceae_odb12/hmms/36373at4893.hmm outputs/busco_output/run_saccharomycetaceae_odb12/miniprot_output/translated_proteins/36373at4893.faa
2026-09-24 16:32:20 DEBUG:busco.busco_tools.Toolset	cmd call: hmmsearch --domtblout outputs/busco_output/run_saccharomycetaceae_odb12/hmmer_output/35574at4893.out --cpu 1 /data/busco_downloads/lineages/saccharomycetaceae_odb12/hmms/35574at4893.hmm outputs/busco_output/run_saccharomycetaceae_odb12/miniprot_output/translated_proteins/35574at4893.faa
2026-09-24 16:32:20 DEBUG:busco.busco_tools.Toolset	cmd call: hmmsearch --domtblout outputs/busco_output/run_saccharomycetaceae_odb12/hmmer_output/38020at4893.out --cpu 1 /data/busco_downloads/lineages/saccharomycetaceae_odb12/hmms/38020at4893.hmm outputs/busco_output/run_saccharomycetaceae_odb12/miniprot_output/translated_proteins/38020at4893.faa
2026-09-24 16:32:20 DEBUG:busco.busco_tools.Toolset	cmd call: hmmsearch --domtblout outputs/busco_output/run_saccharomycetaceae_odb12/hmmer_output/39412at4893.out --cpu 1 /data/busco_downloads/lineages/saccharomycetaceae_odb12/hmms/39412at4893.hmm outputs/busco_output/run_saccharomycetaceae_odb12/miniprot_output/translated_proteins/39412at4893.faa
2026-09-24 16:32:20 DEBUG:busco.busco_tools.Toolset	cmd call: hmmsearch --domtblout outputs/busco_output/run_saccharomycetaceae_odb12/hmmer_output/34738at4893.out --cpu 1 /data/busco_downloads/lineages/saccharomycetaceae_odb12/hmms/34738at4893.hmm outputs/busco_output/run_saccharomycetaceae_odb12/miniprot_output/translated_proteins/34738at4893.faa
2026-09-24 16:32:20 DEBUG:busco.busco_tools.Toolset	cmd call: hmmsearch --domtblout outputs/busco_output/run_saccharomycetaceae_odb12/hmmer_output/33884at4893.out --cpu 1 /data/busco_downloads/lineages/saccharomycetaceae_odb12/hmms/33884at4893.hmm outputs/busco_output/run_saccharomycetaceae_odb12/miniprot_output/translated_proteins/33884at4893.faa
2026-09-24 16:32:20 DEBUG:busco.busco_tools.Toolset	cmd call: hmmsearch --domtblout outputs/busco_output/run_saccharomycetaceae_odb12/hmmer_output/38693at4893.out --cpu 1 /data/busco_downloads/lineages/saccharomycetaceae_odb12/hmms/38693at4893.hmm outputs/busco_output/run_saccharomycetaceae_odb12/miniprot_output/translated_proteins/38693at4893.faa
2026-09-24 16:32:20 DEBUG:busco.busco_tools.Toolset	cmd call: hmmsearch --domtblout outputs/busco_output/run_saccharomycetaceae_odb12/hmmer_output/37306at4893.out --cpu 1 /data/busco_downloads/lineages/saccharomycetaceae_odb12/hmms/37306at4893.hmm outputs/busco_output/run_saccharomycetaceae_odb12/miniprot_output/translated_proteins/37306at4893.faa
2026-09-24 16:32:20 DEBUG:busco.busco_tools.Toolset	cmd call: hmmsearch --domtblout outputs/busco_output/run_saccharomycetaceae_odb12/hmmer_output/36379at4893.out --cpu 1 /data/busco_downloads/lineages/saccharomycetaceae_odb12/hmms/36379at4893.hmm outputs/busco_output/run_saccharomycetaceae_odb12/miniprot_output/translated_proteins/36379at4893.faa
2026-09-24 16:32:20 DEBUG:busco.busco_tools.Toolset	cmd call: hmmsearch --domtblout outputs/busco_output/run_saccharomycetaceae_odb12/hmmer_output/35586at4893.out --cpu 1 /data/busco_downloads/lineages/saccharomycetaceae_odb12/hmms/35586at4893.hmm outputs/busco_output/run_saccharomycetaceae_odb12/miniprot_output/translated_proteins/35586at4893.faa
2026-09-24 16:32:20 DEBUG:busco.busco_tools.Toolset	cmd call: hmmsearch --domtblout outputs/busco_output/run_saccharomycetaceae_odb12/hmmer_output/38023at4893.out --cpu 1 /data/busco_downloads/lineages/saccharomycetaceae_odb12/hmms/38023at4893.hmm outputs/busco_output/run_saccharomycetaceae_odb12/miniprot_output/translated_proteins/38023at4893.faa
2026-09-24 16:32:20 DEBUG:busco.busco_tools.Toolset	cmd call: hmmsearch --domtblout outputs/busco_output/run_saccharomycetaceae_odb12/hmmer_output/38694at4893.out --cpu 1 /data/busco_downloads/lineages/saccharomycetaceae_odb12/hmms/38694at4893.hmm outputs/busco_output/run_saccharomycetaceae_odb12/miniprot_output/translated_proteins/38694at4893.faa
2026-09-24 16:32:20 DEBUG:busco.busco_tools.Toolset	cmd call: hmmsearch --domtblout outputs/busco_output/run_saccharomycetaceae_odb12/hmmer_output/34742at4893.out --cpu 1 /data/busco_downloads/lineages/saccharomycetaceae_odb12/hmms/34742at4893.hmm outputs/busco_output/run_saccharomycetaceae_odb12/miniprot_output/translated_proteins/34742at4893.faa
2026-09-24 16:32:20 DEBUG:busco.busco_tools.Toolset	cmd call: hmmsearch --domtblout outputs/busco_output/run_saccharomycetaceae_odb12/hmmer_output/39417at4893.out --cpu 1 /data/busco_downloads/lineages/saccharomycetaceae_odb12/hmms/39417at4893.hmm outputs/busco_output/run_saccharomycetaceae_odb12/miniprot_output/translated_proteins/39417at4893.faa
2026-09-24 16:32:20 DEBUG:busco.busco_tools.Toolset	cmd call: hmmsearch --domtblout outputs/busco_output/run_saccharomycetaceae_odb12/hmmer_output/33916at4893.out --cpu 1 /data/busco_downloads/lineages/saccharomycetaceae_odb12/hmms/33916at4893.hmm outputs/busco_output/run_saccharomycetaceae_odb12/miniprot_output/translated_proteins/33916at4893.faa
2026-09-24 16:32:21 DEBUG:busco.busco_tools.Toolset	cmd call: hmmsearch --domtblout outputs/busco_output/run_saccharomycetaceae_odb12/hmmer_output/35594at4893.out --cpu 1 /data/busco_downloads/lineages/saccharomycetaceae_odb12/hmms/35594at4893.hmm outputs/busco_output/run_saccharomycetaceae_odb12/miniprot_output/translated_proteins/35594at4893.faa
2026-09-24 16:32:21 DEBUG:busco.busco_tools.Toolset	cmd call: hmmsearch --domtblout outputs/busco_output/run_saccharomycetaceae_odb12/hmmer_output/39421at4893.out --cpu 1 /data/busco_downloads/lineages/saccharomycetaceae_odb12/hmms/39421at4893.hmm outputs/busco_output/run_saccharomycetaceae_odb12/miniprot_output/translated_proteins/39421at4893.faa
2026-09-24 16:32:21 DEBUG:busco.busco_tools.Toolset	cmd call: hmmsearch --domtblout outputs/busco_output/run_saccharomycetaceae_odb12/hmmer_output/37309at4893.out --cpu 1 /data/busco_downloads/lineages/saccharomycetaceae_odb12/hmms/37309at4893.hmm outputs/busco_output/run_saccharomycetaceae_odb12/miniprot_output/translated_proteins/37309at4893.faa
2026-09-24 16:32:21 DEBUG:busco.busco_tools.Toolset	cmd call: hmmsearch --domtblout outputs/busco_output/run_saccharomycetaceae_odb12/hmmer_output/36386at4893.out --cpu 1 /data/busco_downloads/lineages/saccharomycetaceae_odb12/hmms/36386at4893.hmm outputs/busco_output/run_saccharomycetaceae_odb12/miniprot_output/translated_proteins/36386at4893.faa
2026-09-24 16:32:21 DEBUG:busco.busco_tools.Toolset	cmd call: hmmsearch --domtblout outputs/busco_output/run_saccharomycetaceae_odb12/hmmer_output/34756at4893.out --cpu 1 /data/busco_downloads/lineages/saccharomycetaceae_odb12/hmms/34756at4893.hmm outputs/busco_output/run_saccharomycetaceae_odb12/miniprot_output/translated_proteins/34756at4893.faa
2026-09-24 16:32:21 DEBUG:busco.busco_tools.Toolset	cmd call: hmmsearch --domtblout outputs/busco_output/run_saccharomycetaceae_odb12/hmmer_output/38036at4893.out --cpu 1 /data/busco_downloads/lineages/saccharomycetaceae_odb12/hmms/38036at4893.hmm outputs/busco_output/run_saccharomycetaceae_odb12/miniprot_output/translated_proteins/38036at4893.faa
2026-09-24 16:32:21 DEBUG:busco.busco_tools.Toolset	cmd call: hmmsearch --domtblout outputs/busco_output/run_saccharomycetaceae_odb12/hmmer_output/38697at4893.out --cpu 1 /data/busco_downloads/lineages/saccharomycetaceae_odb12/hmms/38697at4893.hmm outputs/busco_output/run_saccharomycetaceae_odb12/miniprot_output/translated_proteins/38697at4893.faa
2026-09-24 16:32:21 DEBUG:busco.busco_tools.Toolset	cmd call: hmmsearch --domtblout outputs/busco_output/run_saccharomycetaceae_odb12/hmmer_output/3392at4893.out --cpu 1 /data/busco_downloads/lineages/saccharomycetaceae_odb12/hmms/3392at4893.hmm outputs/busco_output/run_saccharomycetaceae_odb12/miniprot_output/translated_proteins/3392at4893.faa
2026-09-24 16:32:21 DEBUG:busco.busco_tools.Toolset	cmd call: hmmsearch --domtblout outputs/busco_output/run_saccharomycetaceae_odb12/hmmer_output/39424at4893.out --cpu 1 /data/busco_downloads/lineages/saccharomycetaceae_odb12/hmms/39424at4893.hmm outputs/busco_output/run_saccharomycetaceae_odb12/miniprot_output/translated_proteins/39424at4893.faa
2026-09-24 16:32:21 DEBUG:busco.busco_tools.Toolset	cmd call: hmmsearch --domtblout outputs/busco_output/run_saccharomycetaceae_odb12/hmmer_output/3732at4893.out --cpu 1 /data/busco_downloads/lineages/saccharomycetaceae_odb12/hmms/3732at4893.hmm outputs/busco_output/run_saccharomycetaceae_odb12/miniprot_output/translated_proteins/3732at4893.faa
2026-09-24 16:32:21 DEBUG:busco.busco_tools.Toolset	cmd call: hmmsearch --domtblout outputs/busco_output/run_saccharomycetaceae_odb12/hmmer_output/36390at4893.out --cpu 1 /data/busco_downloads/lineages/saccharomycetaceae_odb12/hmms/36390at4893.hmm outputs/busco_output/run_saccharomycetaceae_odb12/miniprot_output/translated_proteins/36390at4893.faa
2026-09-24 16:32:21 DEBUG:busco.busco_tools.Toolset	cmd call: hmmsearch --domtblout outputs/busco_output/run_saccharomycetaceae_odb12/hmmer_output/38040at4893.out --cpu 1 /data/busco_downloads/lineages/saccharomycetaceae_odb12/hmms/38040at4893.hmm outputs/busco_output/run_saccharomycetaceae_odb12/miniprot_output/translated_proteins/38040at4893.faa
2026-09-24 16:32:21 DEBUG:busco.busco_tools.Toolset	cmd call: hmmsearch --domtblout outputs/busco_output/run_saccharomycetaceae_odb12/hmmer_output/38699at4893.out --cpu 1 /data/busco_downloads/lineages/saccharomycetaceae_odb12/hmms/38699at4893.hmm outputs/busco_output/run_saccharomycetaceae_odb12/miniprot_output/translated_proteins/38699at4893.faa
2026-09-24 16:32:21 DEBUG:busco.busco_tools.Toolset	cmd call: hmmsearch --domtblout outputs/busco_output/run_saccharomycetaceae_odb12/hmmer_output/35611at4893.out --cpu 1 /data/busco_downloads/lineages/saccharomycetaceae_odb12/hmms/35611at4893.hmm outputs/busco_output/run_saccharomycetaceae_odb12/miniprot_output/translated_proteins/35611at4893.faa
2026-09-24 16:32:21 DEBUG:busco.busco_tools.Toolset	cmd call: hmmsearch --domtblout outputs/busco_output/run_saccharomycetaceae_odb12/hmmer_output/34765at4893.out --cpu 1 /data/busco_downloads/lineages/saccharomycetaceae_odb12/hmms/34765at4893.hmm outputs/busco_output/run_saccharomycetaceae_odb12/miniprot_output/translated_proteins/34765at4893.faa
2026-09-24 16:32:21 DEBUG:busco.busco_tools.Toolset	cmd call: hmmsearch --domtblout outputs/busco_output/run_saccharomycetaceae_odb12/hmmer_output/33932at4893.out --cpu 1 /data/busco_downloads/lineages/saccharomycetaceae_odb12/hmms/33932at4893.hmm outputs/busco_output/run_saccharomycetaceae_odb12/miniprot_output/translated_proteins/33932at4893.faa
2026-09-24 16:32:21 DEBUG:busco.busco_tools.Toolset	cmd call: hmmsearch --domtblout outputs/busco_output/run_saccharomycetaceae_odb12/hmmer_output/39441at4893.out --cpu 1 /data/busco_downloads/lineages/saccharomycetaceae_odb12/hmms/39441at4893.hmm outputs/busco_output/run_saccharomycetaceae_odb12/miniprot_output/translated_proteins/39441at4893.faa
2026-09-24 16:32:21 DEBUG:busco.busco_tools.Toolset	cmd call: hmmsearch --domtblout outputs/busco_output/run_saccharomycetaceae_odb12/hmmer_output/36399at4893.out --cpu 1 /data/busco_downloads/lineages/saccharomycetaceae_odb12/hmms/36399at4893.hmm outputs/busco_output/run_saccharomycetaceae_odb12/miniprot_output/translated_proteins/36399at4893.faa
2026-09-24 16:32:21 DEBUG:busco.busco_tools.Toolset	cmd call: hmmsearch --domtblout outputs/busco_output/run_saccharomycetaceae_odb12/hmmer_output/3733at4893.out --cpu 1 /data/busco_downloads/lineages/saccharomycetaceae_odb12/hmms/3733at4893.hmm outputs/busco_output/run_saccharomycetaceae_odb12/miniprot_output/translated_proteins/3733at4893.faa
2026-09-24 16:32:21 DEBUG:busco.busco_tools.Toolset	cmd call: hmmsearch --domtblout outputs/busco_output/run_saccharomycetaceae_odb12/hmmer_output/38045at4893.out --cpu 1 /data/busco_downloads/lineages/saccharomycetaceae_odb12/hmms/38045at4893.hmm outputs/busco_output/run_saccharomycetaceae_odb12/miniprot_output/translated_proteins/38045at4893.faa
2026-09-24 16:32:21 DEBUG:busco.busco_tools.Toolset	cmd call: hmmsearch --domtblout outputs/busco_output/run_saccharomycetaceae_odb12/hmmer_output/35672at4893.out --cpu 1 /data/busco_downloads/lineages/saccharomycetaceae_odb12/hmms/35672at4893.hmm outputs/busco_output/run_saccharomycetaceae_odb12/miniprot_output/translated_proteins/35672at4893.faa
2026-09-24 16:32:21 DEBUG:busco.busco_tools.Toolset	cmd call: hmmsearch --domtblout outputs/busco_output/run_saccharomycetaceae_odb12/hmmer_output/34767at4893.out --cpu 1 /data/busco_downloads/lineages/saccharomycetaceae_odb12/hmms/34767at4893.hmm outputs/busco_output/run_saccharomycetaceae_odb12/miniprot_output/translated_proteins/34767at4893.faa
2026-09-24 16:32:21 DEBUG:busco.busco_tools.Toolset	cmd call: hmmsearch --domtblout outputs/busco_output/run_saccharomycetaceae_odb12/hmmer_output/38708at4893.out --cpu 1 /data/busco_downloads/lineages/saccharomycetaceae_odb12/hmms/38708at4893.hmm outputs/busco_output/run_saccharomycetaceae_odb12/miniprot_output/translated_proteins/38708at4893.faa
2026-09-24 16:32:21 DEBUG:busco.busco_tools.Toolset	cmd call: hmmsearch --domtblout outputs/busco_output/run_saccharomycetaceae_odb12/hmmer_output/3399at4893.out --cpu 1 /data/busco_downloads/lineages/saccharomycetaceae_odb12/hmms/3399at4893.hmm outputs/busco_output/run_saccharomycetaceae_odb12/miniprot_output/translated_proteins/3399at4893.faa
2026-09-24 16:32:21 DEBUG:busco.busco_tools.Toolset	cmd call: hmmsearch --domtblout outputs/busco_output/run_saccharomycetaceae_odb12/hmmer_output/36402at4893.out --cpu 1 /data/busco_downloads/lineages/saccharomycetaceae_odb12/hmms/36402at4893.hmm outputs/busco_output/run_saccharomycetaceae_odb12/miniprot_output/translated_proteins/36402at4893.faa
2026-09-24 16:32:21 DEBUG:busco.busco_tools.Toolset	cmd call: hmmsearch --domtblout outputs/busco_output/run_saccharomycetaceae_odb12/hmmer_output/38071at4893.out --cpu 1 /data/busco_downloads/lineages/saccharomycetaceae_odb12/hmms/38071at4893.hmm outputs/busco_output/run_saccharomycetaceae_odb12/miniprot_output/translated_proteins/38071at4893.faa
2026-09-24 16:32:21 DEBUG:busco.busco_tools.Toolset	cmd call: hmmsearch --domtblout outputs/busco_output/run_saccharomycetaceae_odb12/hmmer_output/39460at4893.out --cpu 1 /data/busco_downloads/lineages/saccharomycetaceae_odb12/hmms/39460at4893.hmm outputs/busco_output/run_saccharomycetaceae_odb12/miniprot_output/translated_proteins/39460at4893.faa
2026-09-24 16:32:21 DEBUG:busco.busco_tools.Toolset	cmd call: hmmsearch --domtblout outputs/busco_output/run_saccharomycetaceae_odb12/hmmer_output/37365at4893.out --cpu 1 /data/busco_downloads/lineages/saccharomycetaceae_odb12/hmms/37365at4893.hmm outputs/busco_output/run_saccharomycetaceae_odb12/miniprot_output/translated_proteins/37365at4893.faa
2026-09-24 16:32:21 DEBUG:busco.busco_tools.Toolset	cmd call: hmmsearch --domtblout outputs/busco_output/run_saccharomycetaceae_odb12/hmmer_output/35707at4893.out --cpu 1 /data/busco_downloads/lineages/saccharomycetaceae_odb12/hmms/35707at4893.hmm outputs/busco_output/run_saccharomycetaceae_odb12/miniprot_output/translated_proteins/35707at4893.faa
2026-09-24 16:32:21 DEBUG:busco.busco_tools.Toolset	cmd call: hmmsearch --domtblout outputs/busco_output/run_saccharomycetaceae_odb12/hmmer_output/34793at4893.out --cpu 1 /data/busco_downloads/lineages/saccharomycetaceae_odb12/hmms/34793at4893.hmm outputs/busco_output/run_saccharomycetaceae_odb12/miniprot_output/translated_proteins/34793at4893.faa
2026-09-24 16:32:21 DEBUG:busco.busco_tools.Toolset	cmd call: hmmsearch --domtblout outputs/busco_output/run_saccharomycetaceae_odb12/hmmer_output/33at4893.out --cpu 1 /data/busco_downloads/lineages/saccharomycetaceae_odb12/hmms/33at4893.hmm outputs/busco_output/run_saccharomycetaceae_odb12/miniprot_output/translated_proteins/33at4893.faa
2026-09-24 16:32:21 DEBUG:busco.busco_tools.Toolset	cmd call: hmmsearch --domtblout outputs/busco_output/run_saccharomycetaceae_odb12/hmmer_output/38712at4893.out --cpu 1 /data/busco_downloads/lineages/saccharomycetaceae_odb12/hmms/38712at4893.hmm outputs/busco_output/run_saccharomycetaceae_odb12/miniprot_output/translated_proteins/38712at4893.faa
2026-09-24 16:32:22 DEBUG:busco.busco_tools.Toolset	cmd call: hmmsearch --domtblout outputs/busco_output/run_saccharomycetaceae_odb12/hmmer_output/36434at4893.out --cpu 1 /data/busco_downloads/lineages/saccharomycetaceae_odb12/hmms/36434at4893.hmm outputs/busco_output/run_saccharomycetaceae_odb12/miniprot_output/translated_proteins/36434at4893.faa
2026-09-24 16:32:22 DEBUG:busco.busco_tools.Toolset	cmd call: hmmsearch --domtblout outputs/busco_output/run_saccharomycetaceae_odb12/hmmer_output/38072at4893.out --cpu 1 /data/busco_downloads/lineages/saccharomycetaceae_odb12/hmms/38072at4893.hmm outputs/busco_output/run_saccharomycetaceae_odb12/miniprot_output/translated_proteins/38072at4893.faa
2026-09-24 16:32:22 DEBUG:busco.busco_tools.Toolset	cmd call: hmmsearch --domtblout outputs/busco_output/run_saccharomycetaceae_odb12/hmmer_output/39525at4893.out --cpu 1 /data/busco_downloads/lineages/saccharomycetaceae_odb12/hmms/39525at4893.hmm outputs/busco_output/run_saccharomycetaceae_odb12/miniprot_output/translated_proteins/39525at4893.faa
2026-09-24 16:32:22 DEBUG:busco.busco_tools.Toolset	cmd call: hmmsearch --domtblout outputs/busco_output/run_saccharomycetaceae_odb12/hmmer_output/38725at4893.out --cpu 1 /data/busco_downloads/lineages/saccharomycetaceae_odb12/hmms/38725at4893.hmm outputs/busco_output/run_saccharomycetaceae_odb12/miniprot_output/translated_proteins/38725at4893.faa
2026-09-24 16:32:22 DEBUG:busco.busco_tools.Toolset	cmd call: hmmsearch --domtblout outputs/busco_output/run_saccharomycetaceae_odb12/hmmer_output/34012at4893.out --cpu 1 /data/busco_downloads/lineages/saccharomycetaceae_odb12/hmms/34012at4893.hmm outputs/busco_output/run_saccharomycetaceae_odb12/miniprot_output/translated_proteins/34012at4893.faa
2026-09-24 16:32:22 DEBUG:busco.busco_tools.Toolset	cmd call: hmmsearch --domtblout outputs/busco_output/run_saccharomycetaceae_odb12/hmmer_output/35740at4893.out --cpu 1 /data/busco_downloads/lineages/saccharomycetaceae_odb12/hmms/35740at4893.hmm outputs/busco_output/run_saccharomycetaceae_odb12/miniprot_output/translated_proteins/35740at4893.faa
2026-09-24 16:32:22 DEBUG:busco.busco_tools.Toolset	cmd call: hmmsearch --domtblout outputs/busco_output/run_saccharomycetaceae_odb12/hmmer_output/37380at4893.out --cpu 1 /data/busco_downloads/lineages/saccharomycetaceae_odb12/hmms/37380at4893.hmm outputs/busco_output/run_saccharomycetaceae_odb12/miniprot_output/translated_proteins/37380at4893.faa
2026-09-24 16:32:22 DEBUG:busco.busco_tools.Toolset	cmd call: hmmsearch --domtblout outputs/busco_output/run_saccharomycetaceae_odb12/hmmer_output/34795at4893.out --cpu 1 /data/busco_downloads/lineages/saccharomycetaceae_odb12/hmms/34795at4893.hmm outputs/busco_output/run_saccharomycetaceae_odb12/miniprot_output/translated_proteins/34795at4893.faa
2026-09-24 16:32:22 DEBUG:busco.busco_tools.Toolset	cmd call: hmmsearch --domtblout outputs/busco_output/run_saccharomycetaceae_odb12/hmmer_output/38073at4893.out --cpu 1 /data/busco_downloads/lineages/saccharomycetaceae_odb12/hmms/38073at4893.hmm outputs/busco_output/run_saccharomycetaceae_odb12/miniprot_output/translated_proteins/38073at4893.faa
2026-09-24 16:32:22 DEBUG:busco.busco_tools.Toolset	cmd call: hmmsearch --domtblout outputs/busco_output/run_saccharomycetaceae_odb12/hmmer_output/3646at4893.out --cpu 1 /data/busco_downloads/lineages/saccharomycetaceae_odb12/hmms/3646at4893.hmm outputs/busco_output/run_saccharomycetaceae_odb12/miniprot_output/translated_proteins/3646at4893.faa
2026-09-24 16:32:22 DEBUG:busco.busco_tools.Toolset	cmd call: hmmsearch --domtblout outputs/busco_output/run_saccharomycetaceae_odb12/hmmer_output/38734at4893.out --cpu 1 /data/busco_downloads/lineages/saccharomycetaceae_odb12/hmms/38734at4893.hmm outputs/busco_output/run_saccharomycetaceae_odb12/miniprot_output/translated_proteins/38734at4893.faa
2026-09-24 16:32:22 DEBUG:busco.busco_tools.Toolset	cmd call: hmmsearch --domtblout outputs/busco_output/run_saccharomycetaceae_odb12/hmmer_output/39528at4893.out --cpu 1 /data/busco_downloads/lineages/saccharomycetaceae_odb12/hmms/39528at4893.hmm outputs/busco_output/run_saccharomycetaceae_odb12/miniprot_output/translated_proteins/39528at4893.faa
2026-09-24 16:32:22 DEBUG:busco.busco_tools.Toolset	cmd call: hmmsearch --domtblout outputs/busco_output/run_saccharomycetaceae_odb12/hmmer_output/34024at4893.out --cpu 1 /data/busco_downloads/lineages/saccharomycetaceae_odb12/hmms/34024at4893.hmm outputs/busco_output/run_saccharomycetaceae_odb12/miniprot_output/translated_proteins/34024at4893.faa
2026-09-24 16:32:22 DEBUG:busco.busco_tools.Toolset	cmd call: hmmsearch --domtblout outputs/busco_output/run_saccharomycetaceae_odb12/hmmer_output/34813at4893.out --cpu 1 /data/busco_downloads/lineages/saccharomycetaceae_odb12/hmms/34813at4893.hmm outputs/busco_output/run_saccharomycetaceae_odb12/miniprot_output/translated_proteins/34813at4893.faa
2026-09-24 16:32:22 DEBUG:busco.busco_tools.Toolset	cmd call: hmmsearch --domtblout outputs/busco_output/run_saccharomycetaceae_odb12/hmmer_output/38079at4893.out --cpu 1 /data/busco_downloads/lineages/saccharomycetaceae_odb12/hmms/38079at4893.hmm outputs/busco_output/run_saccharomycetaceae_odb12/miniprot_output/translated_proteins/38079at4893.faa
2026-09-24 16:32:22 DEBUG:busco.busco_tools.Toolset	cmd call: hmmsearch --domtblout outputs/busco_output/run_saccharomycetaceae_odb12/hmmer_output/35749at4893.out --cpu 1 /data/busco_downloads/lineages/saccharomycetaceae_odb12/hmms/35749at4893.hmm outputs/busco_output/run_saccharomycetaceae_odb12/miniprot_output/translated_proteins/35749at4893.faa
2026-09-24 16:32:22 DEBUG:busco.busco_tools.Toolset	cmd call: hmmsearch --domtblout outputs/busco_output/run_saccharomycetaceae_odb12/hmmer_output/36480at4893.out --cpu 1 /data/busco_downloads/lineages/saccharomycetaceae_odb12/hmms/36480at4893.hmm outputs/busco_output/run_saccharomycetaceae_odb12/miniprot_output/translated_proteins/36480at4893.faa
2026-09-24 16:32:22 DEBUG:busco.busco_tools.Toolset	cmd call: hmmsearch --domtblout outputs/busco_output/run_saccharomycetaceae_odb12/hmmer_output/37383at4893.out --cpu 1 /data/busco_downloads/lineages/saccharomycetaceae_odb12/hmms/37383at4893.hmm outputs/busco_output/run_saccharomycetaceae_odb12/miniprot_output/translated_proteins/37383at4893.faa
2026-09-24 16:32:22 DEBUG:busco.busco_tools.Toolset	cmd call: hmmsearch --domtblout outputs/busco_output/run_saccharomycetaceae_odb12/hmmer_output/38755at4893.out --cpu 1 /data/busco_downloads/lineages/saccharomycetaceae_odb12/hmms/38755at4893.hmm outputs/busco_output/run_saccharomycetaceae_odb12/miniprot_output/translated_proteins/38755at4893.faa
2026-09-24 16:32:22 DEBUG:busco.busco_tools.Toolset	cmd call: hmmsearch --domtblout outputs/busco_output/run_saccharomycetaceae_odb12/hmmer_output/39530at4893.out --cpu 1 /data/busco_downloads/lineages/saccharomycetaceae_odb12/hmms/39530at4893.hmm outputs/busco_output/run_saccharomycetaceae_odb12/miniprot_output/translated_proteins/39530at4893.faa
2026-09-24 16:32:22 DEBUG:busco.busco_tools.Toolset	cmd call: hmmsearch --domtblout outputs/busco_output/run_saccharomycetaceae_odb12/hmmer_output/36484at4893.out --cpu 1 /data/busco_downloads/lineages/saccharomycetaceae_odb12/hmms/36484at4893.hmm outputs/busco_output/run_saccharomycetaceae_odb12/miniprot_output/translated_proteins/36484at4893.faa
2026-09-24 16:32:22 DEBUG:busco.busco_tools.Toolset	cmd call: hmmsearch --domtblout outputs/busco_output/run_saccharomycetaceae_odb12/hmmer_output/3402at4893.out --cpu 1 /data/busco_downloads/lineages/saccharomycetaceae_odb12/hmms/3402at4893.hmm outputs/busco_output/run_saccharomycetaceae_odb12/miniprot_output/translated_proteins/3402at4893.faa
2026-09-24 16:32:22 DEBUG:busco.busco_tools.Toolset	cmd call: hmmsearch --domtblout outputs/busco_output/run_saccharomycetaceae_odb12/hmmer_output/38099at4893.out --cpu 1 /data/busco_downloads/lineages/saccharomycetaceae_odb12/hmms/38099at4893.hmm outputs/busco_output/run_saccharomycetaceae_odb12/miniprot_output/translated_proteins/38099at4893.faa
2026-09-24 16:32:22 DEBUG:busco.busco_tools.Toolset	cmd call: hmmsearch --domtblout outputs/busco_output/run_saccharomycetaceae_odb12/hmmer_output/34819at4893.out --cpu 1 /data/busco_downloads/lineages/saccharomycetaceae_odb12/hmms/34819at4893.hmm outputs/busco_output/run_saccharomycetaceae_odb12/miniprot_output/translated_proteins/34819at4893.faa
2026-09-24 16:32:22 DEBUG:busco.busco_tools.Toolset	cmd call: hmmsearch --domtblout outputs/busco_output/run_saccharomycetaceae_odb12/hmmer_output/37387at4893.out --cpu 1 /data/busco_downloads/lineages/saccharomycetaceae_odb12/hmms/37387at4893.hmm outputs/busco_output/run_saccharomycetaceae_odb12/miniprot_output/translated_proteins/37387at4893.faa
2026-09-24 16:32:22 DEBUG:busco.busco_tools.Toolset	cmd call: hmmsearch --domtblout outputs/busco_output/run_saccharomycetaceae_odb12/hmmer_output/38759at4893.out --cpu 1 /data/busco_downloads/lineages/saccharomycetaceae_odb12/hmms/38759at4893.hmm outputs/busco_output/run_saccharomycetaceae_odb12/miniprot_output/translated_proteins/38759at4893.faa
2026-09-24 16:32:22 DEBUG:busco.busco_tools.Toolset	cmd call: hmmsearch --domtblout outputs/busco_output/run_saccharomycetaceae_odb12/hmmer_output/39546at4893.out --cpu 1 /data/busco_downloads/lineages/saccharomycetaceae_odb12/hmms/39546at4893.hmm outputs/busco_output/run_saccharomycetaceae_odb12/miniprot_output/translated_proteins/39546at4893.faa
2026-09-24 16:32:22 DEBUG:busco.busco_tools.Toolset	cmd call: hmmsearch --domtblout outputs/busco_output/run_saccharomycetaceae_odb12/hmmer_output/35770at4893.out --cpu 1 /data/busco_downloads/lineages/saccharomycetaceae_odb12/hmms/35770at4893.hmm outputs/busco_output/run_saccharomycetaceae_odb12/miniprot_output/translated_proteins/35770at4893.faa
2026-09-24 16:32:22 DEBUG:busco.busco_tools.Toolset	cmd call: hmmsearch --domtblout outputs/busco_output/run_saccharomycetaceae_odb12/hmmer_output/38102at4893.out --cpu 1 /data/busco_downloads/lineages/saccharomycetaceae_odb12/hmms/38102at4893.hmm outputs/busco_output/run_saccharomycetaceae_odb12/miniprot_output/translated_proteins/38102at4893.faa
2026-09-24 16:32:22 DEBUG:busco.busco_tools.Toolset	cmd call: hmmsearch --domtblout outputs/busco_output/run_saccharomycetaceae_odb12/hmmer_output/34036at4893.out --cpu 1 /data/busco_downloads/lineages/saccharomycetaceae_odb12/hmms/34036at4893.hmm outputs/busco_output/run_saccharomycetaceae_odb12/miniprot_output/translated_proteins/34036at4893.faa
2026-09-24 16:32:22 DEBUG:busco.busco_tools.Toolset	cmd call: hmmsearch --domtblout outputs/busco_output/run_saccharomycetaceae_odb12/hmmer_output/36509at4893.out --cpu 1 /data/busco_downloads/lineages/saccharomycetaceae_odb12/hmms/36509at4893.hmm outputs/busco_output/run_saccharomycetaceae_odb12/miniprot_output/translated_proteins/36509at4893.faa
2026-09-24 16:32:22 DEBUG:busco.busco_tools.Toolset	cmd call: hmmsearch --domtblout outputs/busco_output/run_saccharomycetaceae_odb12/hmmer_output/34837at4893.out --cpu 1 /data/busco_downloads/lineages/saccharomycetaceae_odb12/hmms/34837at4893.hmm outputs/busco_output/run_saccharomycetaceae_odb12/miniprot_output/translated_proteins/34837at4893.faa
2026-09-24 16:32:22 DEBUG:busco.busco_tools.Toolset	cmd call: hmmsearch --domtblout outputs/busco_output/run_saccharomycetaceae_odb12/hmmer_output/38768at4893.out --cpu 1 /data/busco_downloads/lineages/saccharomycetaceae_odb12/hmms/38768at4893.hmm outputs/busco_output/run_saccharomycetaceae_odb12/miniprot_output/translated_proteins/38768at4893.faa
2026-09-24 16:32:22 DEBUG:busco.busco_tools.Toolset	cmd call: hmmsearch --domtblout outputs/busco_output/run_saccharomycetaceae_odb12/hmmer_output/39551at4893.out --cpu 1 /data/busco_downloads/lineages/saccharomycetaceae_odb12/hmms/39551at4893.hmm outputs/busco_output/run_saccharomycetaceae_odb12/miniprot_output/translated_proteins/39551at4893.faa
2026-09-24 16:32:22 DEBUG:busco.busco_tools.Toolset	cmd call: hmmsearch --domtblout outputs/busco_output/run_saccharomycetaceae_odb12/hmmer_output/38104at4893.out --cpu 1 /data/busco_downloads/lineages/saccharomycetaceae_odb12/hmms/38104at4893.hmm outputs/busco_output/run_saccharomycetaceae_odb12/miniprot_output/translated_proteins/38104at4893.faa
2026-09-24 16:32:22 DEBUG:busco.busco_tools.Toolset	cmd call: hmmsearch --domtblout outputs/busco_output/run_saccharomycetaceae_odb12/hmmer_output/37392at4893.out --cpu 1 /data/busco_downloads/lineages/saccharomycetaceae_odb12/hmms/37392at4893.hmm outputs/busco_output/run_saccharomycetaceae_odb12/miniprot_output/translated_proteins/37392at4893.faa
2026-09-24 16:32:22 DEBUG:busco.busco_tools.Toolset	cmd call: hmmsearch --domtblout outputs/busco_output/run_saccharomycetaceae_odb12/hmmer_output/34049at4893.out --cpu 1 /data/busco_downloads/lineages/saccharomycetaceae_odb12/hmms/34049at4893.hmm outputs/busco_output/run_saccharomycetaceae_odb12/miniprot_output/translated_proteins/34049at4893.faa
2026-09-24 16:32:22 DEBUG:busco.busco_tools.Toolset	cmd call: hmmsearch --domtblout outputs/busco_output/run_saccharomycetaceae_odb12/hmmer_output/35789at4893.out --cpu 1 /data/busco_downloads/lineages/saccharomycetaceae_odb12/hmms/35789at4893.hmm outputs/busco_output/run_saccharomycetaceae_odb12/miniprot_output/translated_proteins/35789at4893.faa
2026-09-24 16:32:22 DEBUG:busco.busco_tools.Toolset	cmd call: hmmsearch --domtblout outputs/busco_output/run_saccharomycetaceae_odb12/hmmer_output/36557at4893.out --cpu 1 /data/busco_downloads/lineages/saccharomycetaceae_odb12/hmms/36557at4893.hmm outputs/busco_output/run_saccharomycetaceae_odb12/miniprot_output/translated_proteins/36557at4893.faa
2026-09-24 16:32:22 DEBUG:busco.busco_tools.Toolset	cmd call: hmmsearch --domtblout outputs/busco_output/run_saccharomycetaceae_odb12/hmmer_output/38776at4893.out --cpu 1 /data/busco_downloads/lineages/saccharomycetaceae_odb12/hmms/38776at4893.hmm outputs/busco_output/run_saccharomycetaceae_odb12/miniprot_output/translated_proteins/38776at4893.faa
2026-09-24 16:32:22 DEBUG:busco.busco_tools.Toolset	cmd call: hmmsearch --domtblout outputs/busco_output/run_saccharomycetaceae_odb12/hmmer_output/39552at4893.out --cpu 1 /data/busco_downloads/lineages/saccharomycetaceae_odb12/hmms/39552at4893.hmm outputs/busco_output/run_saccharomycetaceae_odb12/miniprot_output/translated_proteins/39552at4893.faa
2026-09-24 16:32:22 DEBUG:busco.busco_tools.Toolset	cmd call: hmmsearch --domtblout outputs/busco_output/run_saccharomycetaceae_odb12/hmmer_output/37412at4893.out --cpu 1 /data/busco_downloads/lineages/saccharomycetaceae_odb12/hmms/37412at4893.hmm outputs/busco_output/run_saccharomycetaceae_odb12/miniprot_output/translated_proteins/37412at4893.faa
2026-09-24 16:32:22 DEBUG:busco.busco_tools.Toolset	cmd call: hmmsearch --domtblout outputs/busco_output/run_saccharomycetaceae_odb12/hmmer_output/35798at4893.out --cpu 1 /data/busco_downloads/lineages/saccharomycetaceae_odb12/hmms/35798at4893.hmm outputs/busco_output/run_saccharomycetaceae_odb12/miniprot_output/translated_proteins/35798at4893.faa
2026-09-24 16:32:22 DEBUG:busco.busco_tools.Toolset	cmd call: hmmsearch --domtblout outputs/busco_output/run_saccharomycetaceae_odb12/hmmer_output/38118at4893.out --cpu 1 /data/busco_downloads/lineages/saccharomycetaceae_odb12/hmms/38118at4893.hmm outputs/busco_output/run_saccharomycetaceae_odb12/miniprot_output/translated_proteins/38118at4893.faa
2026-09-24 16:32:23 DEBUG:busco.busco_tools.Toolset	cmd call: hmmsearch --domtblout outputs/busco_output/run_saccharomycetaceae_odb12/hmmer_output/36559at4893.out --cpu 1 /data/busco_downloads/lineages/saccharomycetaceae_odb12/hmms/36559at4893.hmm outputs/busco_output/run_saccharomycetaceae_odb12/miniprot_output/translated_proteins/36559at4893.faa
2026-09-24 16:32:23 DEBUG:busco.busco_tools.Toolset	cmd call: hmmsearch --domtblout outputs/busco_output/run_saccharomycetaceae_odb12/hmmer_output/3405at4893.out --cpu 1 /data/busco_downloads/lineages/saccharomycetaceae_odb12/hmms/3405at4893.hmm outputs/busco_output/run_saccharomycetaceae_odb12/miniprot_output/translated_proteins/3405at4893.faa
2026-09-24 16:32:23 DEBUG:busco.busco_tools.Toolset	cmd call: hmmsearch --domtblout outputs/busco_output/run_saccharomycetaceae_odb12/hmmer_output/34840at4893.out --cpu 1 /data/busco_downloads/lineages/saccharomycetaceae_odb12/hmms/34840at4893.hmm outputs/busco_output/run_saccharomycetaceae_odb12/miniprot_output/translated_proteins/34840at4893.faa
2026-09-24 16:32:23 DEBUG:busco.busco_tools.Toolset	cmd call: hmmsearch --domtblout outputs/busco_output/run_saccharomycetaceae_odb12/hmmer_output/3879at4893.out --cpu 1 /data/busco_downloads/lineages/saccharomycetaceae_odb12/hmms/3879at4893.hmm outputs/busco_output/run_saccharomycetaceae_odb12/miniprot_output/translated_proteins/3879at4893.faa
2026-09-24 16:32:23 DEBUG:busco.busco_tools.Toolset	cmd call: hmmsearch --domtblout outputs/busco_output/run_saccharomycetaceae_odb12/hmmer_output/38127at4893.out --cpu 1 /data/busco_downloads/lineages/saccharomycetaceae_odb12/hmms/38127at4893.hmm outputs/busco_output/run_saccharomycetaceae_odb12/miniprot_output/translated_proteins/38127at4893.faa
2026-09-24 16:32:23 DEBUG:busco.busco_tools.Toolset	cmd call: hmmsearch --domtblout outputs/busco_output/run_saccharomycetaceae_odb12/hmmer_output/37422at4893.out --cpu 1 /data/busco_downloads/lineages/saccharomycetaceae_odb12/hmms/37422at4893.hmm outputs/busco_output/run_saccharomycetaceae_odb12/miniprot_output/translated_proteins/37422at4893.faa
2026-09-24 16:32:23 DEBUG:busco.busco_tools.Toolset	cmd call: hmmsearch --domtblout outputs/busco_output/run_saccharomycetaceae_odb12/hmmer_output/35800at4893.out --cpu 1 /data/busco_downloads/lineages/saccharomycetaceae_odb12/hmms/35800at4893.hmm outputs/busco_output/run_saccharomycetaceae_odb12/miniprot_output/translated_proteins/35800at4893.faa
2026-09-24 16:32:23 DEBUG:busco.busco_tools.Toolset	cmd call: hmmsearch --domtblout outputs/busco_output/run_saccharomycetaceae_odb12/hmmer_output/39565at4893.out --cpu 1 /data/busco_downloads/lineages/saccharomycetaceae_odb12/hmms/39565at4893.hmm outputs/busco_output/run_saccharomycetaceae_odb12/miniprot_output/translated_proteins/39565at4893.faa
2026-09-24 16:32:23 DEBUG:busco.busco_tools.Toolset	cmd call: hmmsearch --domtblout outputs/busco_output/run_saccharomycetaceae_odb12/hmmer_output/36570at4893.out --cpu 1 /data/busco_downloads/lineages/saccharomycetaceae_odb12/hmms/36570at4893.hmm outputs/busco_output/run_saccharomycetaceae_odb12/miniprot_output/translated_proteins/36570at4893.faa
2026-09-24 16:32:23 DEBUG:busco.busco_tools.Toolset	cmd call: hmmsearch --domtblout outputs/busco_output/run_saccharomycetaceae_odb12/hmmer_output/34113at4893.out --cpu 1 /data/busco_downloads/lineages/saccharomycetaceae_odb12/hmms/34113at4893.hmm outputs/busco_output/run_saccharomycetaceae_odb12/miniprot_output/translated_proteins/34113at4893.faa
2026-09-24 16:32:23 DEBUG:busco.busco_tools.Toolset	cmd call: hmmsearch --domtblout outputs/busco_output/run_saccharomycetaceae_odb12/hmmer_output/34859at4893.out --cpu 1 /data/busco_downloads/lineages/saccharomycetaceae_odb12/hmms/34859at4893.hmm outputs/busco_output/run_saccharomycetaceae_odb12/miniprot_output/translated_proteins/34859at4893.faa
2026-09-24 16:32:23 DEBUG:busco.busco_tools.Toolset	cmd call: hmmsearch --domtblout outputs/busco_output/run_saccharomycetaceae_odb12/hmmer_output/38801at4893.out --cpu 1 /data/busco_downloads/lineages/saccharomycetaceae_odb12/hmms/38801at4893.hmm outputs/busco_output/run_saccharomycetaceae_odb12/miniprot_output/translated_proteins/38801at4893.faa
2026-09-24 16:32:23 DEBUG:busco.busco_tools.Toolset	cmd call: hmmsearch --domtblout outputs/busco_output/run_saccharomycetaceae_odb12/hmmer_output/38128at4893.out --cpu 1 /data/busco_downloads/lineages/saccharomycetaceae_odb12/hmms/38128at4893.hmm outputs/busco_output/run_saccharomycetaceae_odb12/miniprot_output/translated_proteins/38128at4893.faa
2026-09-24 16:32:23 DEBUG:busco.busco_tools.Toolset	cmd call: hmmsearch --domtblout outputs/busco_output/run_saccharomycetaceae_odb12/hmmer_output/39586at4893.out --cpu 1 /data/busco_downloads/lineages/saccharomycetaceae_odb12/hmms/39586at4893.hmm outputs/busco_output/run_saccharomycetaceae_odb12/miniprot_output/translated_proteins/39586at4893.faa
2026-09-24 16:32:23 DEBUG:busco.busco_tools.Toolset	cmd call: hmmsearch --domtblout outputs/busco_output/run_saccharomycetaceae_odb12/hmmer_output/37434at4893.out --cpu 1 /data/busco_downloads/lineages/saccharomycetaceae_odb12/hmms/37434at4893.hmm outputs/busco_output/run_saccharomycetaceae_odb12/miniprot_output/translated_proteins/37434at4893.faa
2026-09-24 16:32:23 DEBUG:busco.busco_tools.Toolset	cmd call: hmmsearch --domtblout outputs/busco_output/run_saccharomycetaceae_odb12/hmmer_output/38810at4893.out --cpu 1 /data/busco_downloads/lineages/saccharomycetaceae_odb12/hmms/38810at4893.hmm outputs/busco_output/run_saccharomycetaceae_odb12/miniprot_output/translated_proteins/38810at4893.faa
2026-09-24 16:32:23 DEBUG:busco.busco_tools.Toolset	cmd call: hmmsearch --domtblout outputs/busco_output/run_saccharomycetaceae_odb12/hmmer_output/36581at4893.out --cpu 1 /data/busco_downloads/lineages/saccharomycetaceae_odb12/hmms/36581at4893.hmm outputs/busco_output/run_saccharomycetaceae_odb12/miniprot_output/translated_proteins/36581at4893.faa
2026-09-24 16:32:23 DEBUG:busco.busco_tools.Toolset	cmd call: hmmsearch --domtblout outputs/busco_output/run_saccharomycetaceae_odb12/hmmer_output/34866at4893.out --cpu 1 /data/busco_downloads/lineages/saccharomycetaceae_odb12/hmms/34866at4893.hmm outputs/busco_output/run_saccharomycetaceae_odb12/miniprot_output/translated_proteins/34866at4893.faa
2026-09-24 16:32:23 DEBUG:busco.busco_tools.Toolset	cmd call: hmmsearch --domtblout outputs/busco_output/run_saccharomycetaceae_odb12/hmmer_output/35825at4893.out --cpu 1 /data/busco_downloads/lineages/saccharomycetaceae_odb12/hmms/35825at4893.hmm outputs/busco_output/run_saccharomycetaceae_odb12/miniprot_output/translated_proteins/35825at4893.faa
2026-09-24 16:32:23 DEBUG:busco.busco_tools.Toolset	cmd call: hmmsearch --domtblout outputs/busco_output/run_saccharomycetaceae_odb12/hmmer_output/34133at4893.out --cpu 1 /data/busco_downloads/lineages/saccharomycetaceae_odb12/hmms/34133at4893.hmm outputs/busco_output/run_saccharomycetaceae_odb12/miniprot_output/translated_proteins/34133at4893.faa
2026-09-24 16:32:23 DEBUG:busco.busco_tools.Toolset	cmd call: hmmsearch --domtblout outputs/busco_output/run_saccharomycetaceae_odb12/hmmer_output/39592at4893.out --cpu 1 /data/busco_downloads/lineages/saccharomycetaceae_odb12/hmms/39592at4893.hmm outputs/busco_output/run_saccharomycetaceae_odb12/miniprot_output/translated_proteins/39592at4893.faa
2026-09-24 16:32:23 DEBUG:busco.busco_tools.Toolset	cmd call: hmmsearch --domtblout outputs/busco_output/run_saccharomycetaceae_odb12/hmmer_output/3812at4893.out --cpu 1 /data/busco_downloads/lineages/saccharomycetaceae_odb12/hmms/3812at4893.hmm outputs/busco_output/run_saccharomycetaceae_odb12/miniprot_output/translated_proteins/3812at4893.faa
2026-09-24 16:32:23 DEBUG:busco.busco_tools.Toolset	cmd call: hmmsearch --domtblout outputs/busco_output/run_saccharomycetaceae_odb12/hmmer_output/34137at4893.out --cpu 1 /data/busco_downloads/lineages/saccharomycetaceae_odb12/hmms/34137at4893.hmm outputs/busco_output/run_saccharomycetaceae_odb12/miniprot_output/translated_proteins/34137at4893.faa
2026-09-24 16:32:23 INFO:busco.busco_tools.Toolset	[hmmsearch]	1491 of 2129 task(s) completed
2026-09-24 16:32:23 DEBUG:busco.busco_tools.Toolset	cmd call: hmmsearch --domtblout outputs/busco_output/run_saccharomycetaceae_odb12/hmmer_output/38825at4893.out --cpu 1 /data/busco_downloads/lineages/saccharomycetaceae_odb12/hmms/38825at4893.hmm outputs/busco_output/run_saccharomycetaceae_odb12/miniprot_output/translated_proteins/38825at4893.faa
2026-09-24 16:32:23 DEBUG:busco.busco_tools.Toolset	cmd call: hmmsearch --domtblout outputs/busco_output/run_saccharomycetaceae_odb12/hmmer_output/37446at4893.out --cpu 1 /data/busco_downloads/lineages/saccharomycetaceae_odb12/hmms/37446at4893.hmm outputs/busco_output/run_saccharomycetaceae_odb12/miniprot_output/translated_proteins/37446at4893.faa
2026-09-24 16:32:23 DEBUG:busco.busco_tools.Toolset	cmd call: hmmsearch --domtblout outputs/busco_output/run_saccharomycetaceae_odb12/hmmer_output/35858at4893.out --cpu 1 /data/busco_downloads/lineages/saccharomycetaceae_odb12/hmms/35858at4893.hmm outputs/busco_output/run_saccharomycetaceae_odb12/miniprot_output/translated_proteins/35858at4893.faa
2026-09-24 16:32:23 DEBUG:busco.busco_tools.Toolset	cmd call: hmmsearch --domtblout outputs/busco_output/run_saccharomycetaceae_odb12/hmmer_output/34917at4893.out --cpu 1 /data/busco_downloads/lineages/saccharomycetaceae_odb12/hmms/34917at4893.hmm outputs/busco_output/run_saccharomycetaceae_odb12/miniprot_output/translated_proteins/34917at4893.faa
2026-09-24 16:32:23 DEBUG:busco.busco_tools.Toolset	cmd call: hmmsearch --domtblout outputs/busco_output/run_saccharomycetaceae_odb12/hmmer_output/36587at4893.out --cpu 1 /data/busco_downloads/lineages/saccharomycetaceae_odb12/hmms/36587at4893.hmm outputs/busco_output/run_saccharomycetaceae_odb12/miniprot_output/translated_proteins/36587at4893.faa
2026-09-24 16:32:23 DEBUG:busco.busco_tools.Toolset	cmd call: hmmsearch --domtblout outputs/busco_output/run_saccharomycetaceae_odb12/hmmer_output/39595at4893.out --cpu 1 /data/busco_downloads/lineages/saccharomycetaceae_odb12/hmms/39595at4893.hmm outputs/busco_output/run_saccharomycetaceae_odb12/miniprot_output/translated_proteins/39595at4893.faa
2026-09-24 16:32:23 DEBUG:busco.busco_tools.Toolset	cmd call: hmmsearch --domtblout outputs/busco_output/run_saccharomycetaceae_odb12/hmmer_output/37455at4893.out --cpu 1 /data/busco_downloads/lineages/saccharomycetaceae_odb12/hmms/37455at4893.hmm outputs/busco_output/run_saccharomycetaceae_odb12/miniprot_output/translated_proteins/37455at4893.faa
2026-09-24 16:32:23 DEBUG:busco.busco_tools.Toolset	cmd call: hmmsearch --domtblout outputs/busco_output/run_saccharomycetaceae_odb12/hmmer_output/3885at4893.out --cpu 1 /data/busco_downloads/lineages/saccharomycetaceae_odb12/hmms/3885at4893.hmm outputs/busco_output/run_saccharomycetaceae_odb12/miniprot_output/translated_proteins/3885at4893.faa
2026-09-24 16:32:23 DEBUG:busco.busco_tools.Toolset	cmd call: hmmsearch --domtblout outputs/busco_output/run_saccharomycetaceae_odb12/hmmer_output/34937at4893.out --cpu 1 /data/busco_downloads/lineages/saccharomycetaceae_odb12/hmms/34937at4893.hmm outputs/busco_output/run_saccharomycetaceae_odb12/miniprot_output/translated_proteins/34937at4893.faa
2026-09-24 16:32:23 DEBUG:busco.busco_tools.Toolset	cmd call: hmmsearch --domtblout outputs/busco_output/run_saccharomycetaceae_odb12/hmmer_output/3585at4893.out --cpu 1 /data/busco_downloads/lineages/saccharomycetaceae_odb12/hmms/3585at4893.hmm outputs/busco_output/run_saccharomycetaceae_odb12/miniprot_output/translated_proteins/3585at4893.faa
2026-09-24 16:32:23 DEBUG:busco.busco_tools.Toolset	cmd call: hmmsearch --domtblout outputs/busco_output/run_saccharomycetaceae_odb12/hmmer_output/34138at4893.out --cpu 1 /data/busco_downloads/lineages/saccharomycetaceae_odb12/hmms/34138at4893.hmm outputs/busco_output/run_saccharomycetaceae_odb12/miniprot_output/translated_proteins/34138at4893.faa
2026-09-24 16:32:23 DEBUG:busco.busco_tools.Toolset	cmd call: hmmsearch --domtblout outputs/busco_output/run_saccharomycetaceae_odb12/hmmer_output/36610at4893.out --cpu 1 /data/busco_downloads/lineages/saccharomycetaceae_odb12/hmms/36610at4893.hmm outputs/busco_output/run_saccharomycetaceae_odb12/miniprot_output/translated_proteins/36610at4893.faa
2026-09-24 16:32:23 DEBUG:busco.busco_tools.Toolset	cmd call: hmmsearch --domtblout outputs/busco_output/run_saccharomycetaceae_odb12/hmmer_output/38140at4893.out --cpu 1 /data/busco_downloads/lineages/saccharomycetaceae_odb12/hmms/38140at4893.hmm outputs/busco_output/run_saccharomycetaceae_odb12/miniprot_output/translated_proteins/38140at4893.faa
2026-09-24 16:32:23 DEBUG:busco.busco_tools.Toolset	cmd call: hmmsearch --domtblout outputs/busco_output/run_saccharomycetaceae_odb12/hmmer_output/39599at4893.out --cpu 1 /data/busco_downloads/lineages/saccharomycetaceae_odb12/hmms/39599at4893.hmm outputs/busco_output/run_saccharomycetaceae_odb12/miniprot_output/translated_proteins/39599at4893.faa
2026-09-24 16:32:23 DEBUG:busco.busco_tools.Toolset	cmd call: hmmsearch --domtblout outputs/busco_output/run_saccharomycetaceae_odb12/hmmer_output/3745at4893.out --cpu 1 /data/busco_downloads/lineages/saccharomycetaceae_odb12/hmms/3745at4893.hmm outputs/busco_output/run_saccharomycetaceae_odb12/miniprot_output/translated_proteins/3745at4893.faa
2026-09-24 16:32:23 DEBUG:busco.busco_tools.Toolset	cmd call: hmmsearch --domtblout outputs/busco_output/run_saccharomycetaceae_odb12/hmmer_output/34949at4893.out --cpu 1 /data/busco_downloads/lineages/saccharomycetaceae_odb12/hmms/34949at4893.hmm outputs/busco_output/run_saccharomycetaceae_odb12/miniprot_output/translated_proteins/34949at4893.faa
2026-09-24 16:32:24 DEBUG:busco.busco_tools.Toolset	cmd call: hmmsearch --domtblout outputs/busco_output/run_saccharomycetaceae_odb12/hmmer_output/35866at4893.out --cpu 1 /data/busco_downloads/lineages/saccharomycetaceae_odb12/hmms/35866at4893.hmm outputs/busco_output/run_saccharomycetaceae_odb12/miniprot_output/translated_proteins/35866at4893.faa
2026-09-24 16:32:24 DEBUG:busco.busco_tools.Toolset	cmd call: hmmsearch --domtblout outputs/busco_output/run_saccharomycetaceae_odb12/hmmer_output/34159at4893.out --cpu 1 /data/busco_downloads/lineages/saccharomycetaceae_odb12/hmms/34159at4893.hmm outputs/busco_output/run_saccharomycetaceae_odb12/miniprot_output/translated_proteins/34159at4893.faa
2026-09-24 16:32:24 DEBUG:busco.busco_tools.Toolset	cmd call: hmmsearch --domtblout outputs/busco_output/run_saccharomycetaceae_odb12/hmmer_output/36612at4893.out --cpu 1 /data/busco_downloads/lineages/saccharomycetaceae_odb12/hmms/36612at4893.hmm outputs/busco_output/run_saccharomycetaceae_odb12/miniprot_output/translated_proteins/36612at4893.faa
2026-09-24 16:32:24 DEBUG:busco.busco_tools.Toolset	cmd call: hmmsearch --domtblout outputs/busco_output/run_saccharomycetaceae_odb12/hmmer_output/38860at4893.out --cpu 1 /data/busco_downloads/lineages/saccharomycetaceae_odb12/hmms/38860at4893.hmm outputs/busco_output/run_saccharomycetaceae_odb12/miniprot_output/translated_proteins/38860at4893.faa
2026-09-24 16:32:24 DEBUG:busco.busco_tools.Toolset	cmd call: hmmsearch --domtblout outputs/busco_output/run_saccharomycetaceae_odb12/hmmer_output/38156at4893.out --cpu 1 /data/busco_downloads/lineages/saccharomycetaceae_odb12/hmms/38156at4893.hmm outputs/busco_output/run_saccharomycetaceae_odb12/miniprot_output/translated_proteins/38156at4893.faa
2026-09-24 16:32:24 DEBUG:busco.busco_tools.Toolset	cmd call: hmmsearch --domtblout outputs/busco_output/run_saccharomycetaceae_odb12/hmmer_output/3960at4893.out --cpu 1 /data/busco_downloads/lineages/saccharomycetaceae_odb12/hmms/3960at4893.hmm outputs/busco_output/run_saccharomycetaceae_odb12/miniprot_output/translated_proteins/3960at4893.faa
2026-09-24 16:32:24 DEBUG:busco.busco_tools.Toolset	cmd call: hmmsearch --domtblout outputs/busco_output/run_saccharomycetaceae_odb12/hmmer_output/34168at4893.out --cpu 1 /data/busco_downloads/lineages/saccharomycetaceae_odb12/hmms/34168at4893.hmm outputs/busco_output/run_saccharomycetaceae_odb12/miniprot_output/translated_proteins/34168at4893.faa
2026-09-24 16:32:24 DEBUG:busco.busco_tools.Toolset	cmd call: hmmsearch --domtblout outputs/busco_output/run_saccharomycetaceae_odb12/hmmer_output/37470at4893.out --cpu 1 /data/busco_downloads/lineages/saccharomycetaceae_odb12/hmms/37470at4893.hmm outputs/busco_output/run_saccharomycetaceae_odb12/miniprot_output/translated_proteins/37470at4893.faa
2026-09-24 16:32:24 DEBUG:busco.busco_tools.Toolset	cmd call: hmmsearch --domtblout outputs/busco_output/run_saccharomycetaceae_odb12/hmmer_output/34952at4893.out --cpu 1 /data/busco_downloads/lineages/saccharomycetaceae_odb12/hmms/34952at4893.hmm outputs/busco_output/run_saccharomycetaceae_odb12/miniprot_output/translated_proteins/34952at4893.faa
2026-09-24 16:32:24 DEBUG:busco.busco_tools.Toolset	cmd call: hmmsearch --domtblout outputs/busco_output/run_saccharomycetaceae_odb12/hmmer_output/36638at4893.out --cpu 1 /data/busco_downloads/lineages/saccharomycetaceae_odb12/hmms/36638at4893.hmm outputs/busco_output/run_saccharomycetaceae_odb12/miniprot_output/translated_proteins/36638at4893.faa
2026-09-24 16:32:24 DEBUG:busco.busco_tools.Toolset	cmd call: hmmsearch --domtblout outputs/busco_output/run_saccharomycetaceae_odb12/hmmer_output/35868at4893.out --cpu 1 /data/busco_downloads/lineages/saccharomycetaceae_odb12/hmms/35868at4893.hmm outputs/busco_output/run_saccharomycetaceae_odb12/miniprot_output/translated_proteins/35868at4893.faa
2026-09-24 16:32:24 DEBUG:busco.busco_tools.Toolset	cmd call: hmmsearch --domtblout outputs/busco_output/run_saccharomycetaceae_odb12/hmmer_output/38920at4893.out --cpu 1 /data/busco_downloads/lineages/saccharomycetaceae_odb12/hmms/38920at4893.hmm outputs/busco_output/run_saccharomycetaceae_odb12/miniprot_output/translated_proteins/38920at4893.faa
2026-09-24 16:32:24 DEBUG:busco.busco_tools.Toolset	cmd call: hmmsearch --domtblout outputs/busco_output/run_saccharomycetaceae_odb12/hmmer_output/34171at4893.out --cpu 1 /data/busco_downloads/lineages/saccharomycetaceae_odb12/hmms/34171at4893.hmm outputs/busco_output/run_saccharomycetaceae_odb12/miniprot_output/translated_proteins/34171at4893.faa
2026-09-24 16:32:24 DEBUG:busco.busco_tools.Toolset	cmd call: hmmsearch --domtblout outputs/busco_output/run_saccharomycetaceae_odb12/hmmer_output/34966at4893.out --cpu 1 /data/busco_downloads/lineages/saccharomycetaceae_odb12/hmms/34966at4893.hmm outputs/busco_output/run_saccharomycetaceae_odb12/miniprot_output/translated_proteins/34966at4893.faa
2026-09-24 16:32:24 DEBUG:busco.busco_tools.Toolset	cmd call: hmmsearch --domtblout outputs/busco_output/run_saccharomycetaceae_odb12/hmmer_output/39615at4893.out --cpu 1 /data/busco_downloads/lineages/saccharomycetaceae_odb12/hmms/39615at4893.hmm outputs/busco_output/run_saccharomycetaceae_odb12/miniprot_output/translated_proteins/39615at4893.faa
2026-09-24 16:32:24 DEBUG:busco.busco_tools.Toolset	cmd call: hmmsearch --domtblout outputs/busco_output/run_saccharomycetaceae_odb12/hmmer_output/36677at4893.out --cpu 1 /data/busco_downloads/lineages/saccharomycetaceae_odb12/hmms/36677at4893.hmm outputs/busco_output/run_saccharomycetaceae_odb12/miniprot_output/translated_proteins/36677at4893.faa
2026-09-24 16:32:24 DEBUG:busco.busco_tools.Toolset	cmd call: hmmsearch --domtblout outputs/busco_output/run_saccharomycetaceae_odb12/hmmer_output/38923at4893.out --cpu 1 /data/busco_downloads/lineages/saccharomycetaceae_odb12/hmms/38923at4893.hmm outputs/busco_output/run_saccharomycetaceae_odb12/miniprot_output/translated_proteins/38923at4893.faa
2026-09-24 16:32:24 DEBUG:busco.busco_tools.Toolset	cmd call: hmmsearch --domtblout outputs/busco_output/run_saccharomycetaceae_odb12/hmmer_output/35871at4893.out --cpu 1 /data/busco_downloads/lineages/saccharomycetaceae_odb12/hmms/35871at4893.hmm outputs/busco_output/run_saccharomycetaceae_odb12/miniprot_output/translated_proteins/35871at4893.faa
2026-09-24 16:32:24 DEBUG:busco.busco_tools.Toolset	cmd call: hmmsearch --domtblout outputs/busco_output/run_saccharomycetaceae_odb12/hmmer_output/38170at4893.out --cpu 1 /data/busco_downloads/lineages/saccharomycetaceae_odb12/hmms/38170at4893.hmm outputs/busco_output/run_saccharomycetaceae_odb12/miniprot_output/translated_proteins/38170at4893.faa
2026-09-24 16:32:24 DEBUG:busco.busco_tools.Toolset	cmd call: hmmsearch --domtblout outputs/busco_output/run_saccharomycetaceae_odb12/hmmer_output/37496at4893.out --cpu 1 /data/busco_downloads/lineages/saccharomycetaceae_odb12/hmms/37496at4893.hmm outputs/busco_output/run_saccharomycetaceae_odb12/miniprot_output/translated_proteins/37496at4893.faa
2026-09-24 16:32:24 DEBUG:busco.busco_tools.Toolset	cmd call: hmmsearch --domtblout outputs/busco_output/run_saccharomycetaceae_odb12/hmmer_output/34173at4893.out --cpu 1 /data/busco_downloads/lineages/saccharomycetaceae_odb12/hmms/34173at4893.hmm outputs/busco_output/run_saccharomycetaceae_odb12/miniprot_output/translated_proteins/34173at4893.faa
2026-09-24 16:32:24 DEBUG:busco.busco_tools.Toolset	cmd call: hmmsearch --domtblout outputs/busco_output/run_saccharomycetaceae_odb12/hmmer_output/38928at4893.out --cpu 1 /data/busco_downloads/lineages/saccharomycetaceae_odb12/hmms/38928at4893.hmm outputs/busco_output/run_saccharomycetaceae_odb12/miniprot_output/translated_proteins/38928at4893.faa
2026-09-24 16:32:24 DEBUG:busco.busco_tools.Toolset	cmd call: hmmsearch --domtblout outputs/busco_output/run_saccharomycetaceae_odb12/hmmer_output/34975at4893.out --cpu 1 /data/busco_downloads/lineages/saccharomycetaceae_odb12/hmms/34975at4893.hmm outputs/busco_output/run_saccharomycetaceae_odb12/miniprot_output/translated_proteins/34975at4893.faa
2026-09-24 16:32:24 DEBUG:busco.busco_tools.Toolset	cmd call: hmmsearch --domtblout outputs/busco_output/run_saccharomycetaceae_odb12/hmmer_output/39627at4893.out --cpu 1 /data/busco_downloads/lineages/saccharomycetaceae_odb12/hmms/39627at4893.hmm outputs/busco_output/run_saccharomycetaceae_odb12/miniprot_output/translated_proteins/39627at4893.faa
2026-09-24 16:32:24 DEBUG:busco.busco_tools.Toolset	cmd call: hmmsearch --domtblout outputs/busco_output/run_saccharomycetaceae_odb12/hmmer_output/38174at4893.out --cpu 1 /data/busco_downloads/lineages/saccharomycetaceae_odb12/hmms/38174at4893.hmm outputs/busco_output/run_saccharomycetaceae_odb12/miniprot_output/translated_proteins/38174at4893.faa
2026-09-24 16:32:24 DEBUG:busco.busco_tools.Toolset	cmd call: hmmsearch --domtblout outputs/busco_output/run_saccharomycetaceae_odb12/hmmer_output/36680at4893.out --cpu 1 /data/busco_downloads/lineages/saccharomycetaceae_odb12/hmms/36680at4893.hmm outputs/busco_output/run_saccharomycetaceae_odb12/miniprot_output/translated_proteins/36680at4893.faa
2026-09-24 16:32:24 DEBUG:busco.busco_tools.Toolset	cmd call: hmmsearch --domtblout outputs/busco_output/run_saccharomycetaceae_odb12/hmmer_output/35881at4893.out --cpu 1 /data/busco_downloads/lineages/saccharomycetaceae_odb12/hmms/35881at4893.hmm outputs/busco_output/run_saccharomycetaceae_odb12/miniprot_output/translated_proteins/35881at4893.faa
2026-09-24 16:32:24 DEBUG:busco.busco_tools.Toolset	cmd call: hmmsearch --domtblout outputs/busco_output/run_saccharomycetaceae_odb12/hmmer_output/38952at4893.out --cpu 1 /data/busco_downloads/lineages/saccharomycetaceae_odb12/hmms/38952at4893.hmm outputs/busco_output/run_saccharomycetaceae_odb12/miniprot_output/translated_proteins/38952at4893.faa
2026-09-24 16:32:24 DEBUG:busco.busco_tools.Toolset	cmd call: hmmsearch --domtblout outputs/busco_output/run_saccharomycetaceae_odb12/hmmer_output/39714at4893.out --cpu 1 /data/busco_downloads/lineages/saccharomycetaceae_odb12/hmms/39714at4893.hmm outputs/busco_output/run_saccharomycetaceae_odb12/miniprot_output/translated_proteins/39714at4893.faa
2026-09-24 16:32:24 DEBUG:busco.busco_tools.Toolset	cmd call: hmmsearch --domtblout outputs/busco_output/run_saccharomycetaceae_odb12/hmmer_output/38184at4893.out --cpu 1 /data/busco_downloads/lineages/saccharomycetaceae_odb12/hmms/38184at4893.hmm outputs/busco_output/run_saccharomycetaceae_odb12/miniprot_output/translated_proteins/38184at4893.faa
2026-09-24 16:32:24 DEBUG:busco.busco_tools.Toolset	cmd call: hmmsearch --domtblout outputs/busco_output/run_saccharomycetaceae_odb12/hmmer_output/39630at4893.out --cpu 1 /data/busco_downloads/lineages/saccharomycetaceae_odb12/hmms/39630at4893.hmm outputs/busco_output/run_saccharomycetaceae_odb12/miniprot_output/translated_proteins/39630at4893.faa
2026-09-24 16:32:24 DEBUG:busco.busco_tools.Toolset	cmd call: hmmsearch --domtblout outputs/busco_output/run_saccharomycetaceae_odb12/hmmer_output/36699at4893.out --cpu 1 /data/busco_downloads/lineages/saccharomycetaceae_odb12/hmms/36699at4893.hmm outputs/busco_output/run_saccharomycetaceae_odb12/miniprot_output/translated_proteins/36699at4893.faa
2026-09-24 16:32:24 DEBUG:busco.busco_tools.Toolset	cmd call: hmmsearch --domtblout outputs/busco_output/run_saccharomycetaceae_odb12/hmmer_output/37497at4893.out --cpu 1 /data/busco_downloads/lineages/saccharomycetaceae_odb12/hmms/37497at4893.hmm outputs/busco_output/run_saccharomycetaceae_odb12/miniprot_output/translated_proteins/37497at4893.faa
2026-09-24 16:32:24 DEBUG:busco.busco_tools.Toolset	cmd call: hmmsearch --domtblout outputs/busco_output/run_saccharomycetaceae_odb12/hmmer_output/34980at4893.out --cpu 1 /data/busco_downloads/lineages/saccharomycetaceae_odb12/hmms/34980at4893.hmm outputs/busco_output/run_saccharomycetaceae_odb12/miniprot_output/translated_proteins/34980at4893.faa
2026-09-24 16:32:25 DEBUG:busco.busco_tools.Toolset	cmd call: hmmsearch --domtblout outputs/busco_output/run_saccharomycetaceae_odb12/hmmer_output/38957at4893.out --cpu 1 /data/busco_downloads/lineages/saccharomycetaceae_odb12/hmms/38957at4893.hmm outputs/busco_output/run_saccharomycetaceae_odb12/miniprot_output/translated_proteins/38957at4893.faa
2026-09-24 16:32:25 DEBUG:busco.busco_tools.Toolset	cmd call: hmmsearch --domtblout outputs/busco_output/run_saccharomycetaceae_odb12/hmmer_output/38201at4893.out --cpu 1 /data/busco_downloads/lineages/saccharomycetaceae_odb12/hmms/38201at4893.hmm outputs/busco_output/run_saccharomycetaceae_odb12/miniprot_output/translated_proteins/38201at4893.faa
2026-09-24 16:32:25 DEBUG:busco.busco_tools.Toolset	cmd call: hmmsearch --domtblout outputs/busco_output/run_saccharomycetaceae_odb12/hmmer_output/35890at4893.out --cpu 1 /data/busco_downloads/lineages/saccharomycetaceae_odb12/hmms/35890at4893.hmm outputs/busco_output/run_saccharomycetaceae_odb12/miniprot_output/translated_proteins/35890at4893.faa
2026-09-24 16:32:25 DEBUG:busco.busco_tools.Toolset	cmd call: hmmsearch --domtblout outputs/busco_output/run_saccharomycetaceae_odb12/hmmer_output/39720at4893.out --cpu 1 /data/busco_downloads/lineages/saccharomycetaceae_odb12/hmms/39720at4893.hmm outputs/busco_output/run_saccharomycetaceae_odb12/miniprot_output/translated_proteins/39720at4893.faa
2026-09-24 16:32:25 DEBUG:busco.busco_tools.Toolset	cmd call: hmmsearch --domtblout outputs/busco_output/run_saccharomycetaceae_odb12/hmmer_output/3749at4893.out --cpu 1 /data/busco_downloads/lineages/saccharomycetaceae_odb12/hmms/3749at4893.hmm outputs/busco_output/run_saccharomycetaceae_odb12/miniprot_output/translated_proteins/3749at4893.faa
2026-09-24 16:32:25 DEBUG:busco.busco_tools.Toolset	cmd call: hmmsearch --domtblout outputs/busco_output/run_saccharomycetaceae_odb12/hmmer_output/39634at4893.out --cpu 1 /data/busco_downloads/lineages/saccharomycetaceae_odb12/hmms/39634at4893.hmm outputs/busco_output/run_saccharomycetaceae_odb12/miniprot_output/translated_proteins/39634at4893.faa
2026-09-24 16:32:25 DEBUG:busco.busco_tools.Toolset	cmd call: hmmsearch --domtblout outputs/busco_output/run_saccharomycetaceae_odb12/hmmer_output/3669at4893.out --cpu 1 /data/busco_downloads/lineages/saccharomycetaceae_odb12/hmms/3669at4893.hmm outputs/busco_output/run_saccharomycetaceae_odb12/miniprot_output/translated_proteins/3669at4893.faa
2026-09-24 16:32:25 DEBUG:busco.busco_tools.Toolset	cmd call: hmmsearch --domtblout outputs/busco_output/run_saccharomycetaceae_odb12/hmmer_output/38973at4893.out --cpu 1 /data/busco_downloads/lineages/saccharomycetaceae_odb12/hmms/38973at4893.hmm outputs/busco_output/run_saccharomycetaceae_odb12/miniprot_output/translated_proteins/38973at4893.faa
2026-09-24 16:32:25 DEBUG:busco.busco_tools.Toolset	cmd call: hmmsearch --domtblout outputs/busco_output/run_saccharomycetaceae_odb12/hmmer_output/34981at4893.out --cpu 1 /data/busco_downloads/lineages/saccharomycetaceae_odb12/hmms/34981at4893.hmm outputs/busco_output/run_saccharomycetaceae_odb12/miniprot_output/translated_proteins/34981at4893.faa
2026-09-24 16:32:25 DEBUG:busco.busco_tools.Toolset	cmd call: hmmsearch --domtblout outputs/busco_output/run_saccharomycetaceae_odb12/hmmer_output/38207at4893.out --cpu 1 /data/busco_downloads/lineages/saccharomycetaceae_odb12/hmms/38207at4893.hmm outputs/busco_output/run_saccharomycetaceae_odb12/miniprot_output/translated_proteins/38207at4893.faa
2026-09-24 16:32:25 DEBUG:busco.busco_tools.Toolset	cmd call: hmmsearch --domtblout outputs/busco_output/run_saccharomycetaceae_odb12/hmmer_output/35896at4893.out --cpu 1 /data/busco_downloads/lineages/saccharomycetaceae_odb12/hmms/35896at4893.hmm outputs/busco_output/run_saccharomycetaceae_odb12/miniprot_output/translated_proteins/35896at4893.faa
2026-09-24 16:32:25 DEBUG:busco.busco_tools.Toolset	cmd call: hmmsearch --domtblout outputs/busco_output/run_saccharomycetaceae_odb12/hmmer_output/39730at4893.out --cpu 1 /data/busco_downloads/lineages/saccharomycetaceae_odb12/hmms/39730at4893.hmm outputs/busco_output/run_saccharomycetaceae_odb12/miniprot_output/translated_proteins/39730at4893.faa
2026-09-24 16:32:25 DEBUG:busco.busco_tools.Toolset	cmd call: hmmsearch --domtblout outputs/busco_output/run_saccharomycetaceae_odb12/hmmer_output/3898at4893.out --cpu 1 /data/busco_downloads/lineages/saccharomycetaceae_odb12/hmms/3898at4893.hmm outputs/busco_output/run_saccharomycetaceae_odb12/miniprot_output/translated_proteins/3898at4893.faa
2026-09-24 16:32:25 DEBUG:busco.busco_tools.Toolset	cmd call: hmmsearch --domtblout outputs/busco_output/run_saccharomycetaceae_odb12/hmmer_output/39649at4893.out --cpu 1 /data/busco_downloads/lineages/saccharomycetaceae_odb12/hmms/39649at4893.hmm outputs/busco_output/run_saccharomycetaceae_odb12/miniprot_output/translated_proteins/39649at4893.faa
2026-09-24 16:32:25 DEBUG:busco.busco_tools.Toolset	cmd call: hmmsearch --domtblout outputs/busco_output/run_saccharomycetaceae_odb12/hmmer_output/37502at4893.out --cpu 1 /data/busco_downloads/lineages/saccharomycetaceae_odb12/hmms/37502at4893.hmm outputs/busco_output/run_saccharomycetaceae_odb12/miniprot_output/translated_proteins/37502at4893.faa
2026-09-24 16:32:25 DEBUG:busco.busco_tools.Toolset	cmd call: hmmsearch --domtblout outputs/busco_output/run_saccharomycetaceae_odb12/hmmer_output/38210at4893.out --cpu 1 /data/busco_downloads/lineages/saccharomycetaceae_odb12/hmms/38210at4893.hmm outputs/busco_output/run_saccharomycetaceae_odb12/miniprot_output/translated_proteins/38210at4893.faa
2026-09-24 16:32:25 DEBUG:busco.busco_tools.Toolset	cmd call: hmmsearch --domtblout outputs/busco_output/run_saccharomycetaceae_odb12/hmmer_output/34984at4893.out --cpu 1 /data/busco_downloads/lineages/saccharomycetaceae_odb12/hmms/34984at4893.hmm outputs/busco_output/run_saccharomycetaceae_odb12/miniprot_output/translated_proteins/34984at4893.faa
2026-09-24 16:32:25 DEBUG:busco.busco_tools.Toolset	cmd call: hmmsearch --domtblout outputs/busco_output/run_saccharomycetaceae_odb12/hmmer_output/3670at4893.out --cpu 1 /data/busco_downloads/lineages/saccharomycetaceae_odb12/hmms/3670at4893.hmm outputs/busco_output/run_saccharomycetaceae_odb12/miniprot_output/translated_proteins/3670at4893.faa
2026-09-24 16:32:25 DEBUG:busco.busco_tools.Toolset	cmd call: hmmsearch --domtblout outputs/busco_output/run_saccharomycetaceae_odb12/hmmer_output/39755at4893.out --cpu 1 /data/busco_downloads/lineages/saccharomycetaceae_odb12/hmms/39755at4893.hmm outputs/busco_output/run_saccharomycetaceae_odb12/miniprot_output/translated_proteins/39755at4893.faa
2026-09-24 16:32:25 DEBUG:busco.busco_tools.Toolset	cmd call: hmmsearch --domtblout outputs/busco_output/run_saccharomycetaceae_odb12/hmmer_output/38997at4893.out --cpu 1 /data/busco_downloads/lineages/saccharomycetaceae_odb12/hmms/38997at4893.hmm outputs/busco_output/run_saccharomycetaceae_odb12/miniprot_output/translated_proteins/38997at4893.faa
2026-09-24 16:32:25 DEBUG:busco.busco_tools.Toolset	cmd call: hmmsearch --domtblout outputs/busco_output/run_saccharomycetaceae_odb12/hmmer_output/3965at4893.out --cpu 1 /data/busco_downloads/lineages/saccharomycetaceae_odb12/hmms/3965at4893.hmm outputs/busco_output/run_saccharomycetaceae_odb12/miniprot_output/translated_proteins/3965at4893.faa
2026-09-24 16:32:25 DEBUG:busco.busco_tools.Toolset	cmd call: hmmsearch --domtblout outputs/busco_output/run_saccharomycetaceae_odb12/hmmer_output/35940at4893.out --cpu 1 /data/busco_downloads/lineages/saccharomycetaceae_odb12/hmms/35940at4893.hmm outputs/busco_output/run_saccharomycetaceae_odb12/miniprot_output/translated_proteins/35940at4893.faa
2026-09-24 16:32:25 DEBUG:busco.busco_tools.Toolset	cmd call: hmmsearch --domtblout outputs/busco_output/run_saccharomycetaceae_odb12/hmmer_output/34987at4893.out --cpu 1 /data/busco_downloads/lineages/saccharomycetaceae_odb12/hmms/34987at4893.hmm outputs/busco_output/run_saccharomycetaceae_odb12/miniprot_output/translated_proteins/34987at4893.faa
2026-09-24 16:32:25 DEBUG:busco.busco_tools.Toolset	cmd call: hmmsearch --domtblout outputs/busco_output/run_saccharomycetaceae_odb12/hmmer_output/38214at4893.out --cpu 1 /data/busco_downloads/lineages/saccharomycetaceae_odb12/hmms/38214at4893.hmm outputs/busco_output/run_saccharomycetaceae_odb12/miniprot_output/translated_proteins/38214at4893.faa
2026-09-24 16:32:25 DEBUG:busco.busco_tools.Toolset	cmd call: hmmsearch --domtblout outputs/busco_output/run_saccharomycetaceae_odb12/hmmer_output/389at4893.out --cpu 1 /data/busco_downloads/lineages/saccharomycetaceae_odb12/hmms/389at4893.hmm outputs/busco_output/run_saccharomycetaceae_odb12/miniprot_output/translated_proteins/389at4893.faa
2026-09-24 16:32:25 DEBUG:busco.busco_tools.Toolset	cmd call: hmmsearch --domtblout outputs/busco_output/run_saccharomycetaceae_odb12/hmmer_output/36763at4893.out --cpu 1 /data/busco_downloads/lineages/saccharomycetaceae_odb12/hmms/36763at4893.hmm outputs/busco_output/run_saccharomycetaceae_odb12/miniprot_output/translated_proteins/36763at4893.faa
2026-09-24 16:32:25 DEBUG:busco.busco_tools.Toolset	cmd call: hmmsearch --domtblout outputs/busco_output/run_saccharomycetaceae_odb12/hmmer_output/39781at4893.out --cpu 1 /data/busco_downloads/lineages/saccharomycetaceae_odb12/hmms/39781at4893.hmm outputs/busco_output/run_saccharomycetaceae_odb12/miniprot_output/translated_proteins/39781at4893.faa
2026-09-24 16:32:25 DEBUG:busco.busco_tools.Toolset	cmd call: hmmsearch --domtblout outputs/busco_output/run_saccharomycetaceae_odb12/hmmer_output/37505at4893.out --cpu 1 /data/busco_downloads/lineages/saccharomycetaceae_odb12/hmms/37505at4893.hmm outputs/busco_output/run_saccharomycetaceae_odb12/miniprot_output/translated_proteins/37505at4893.faa
2026-09-24 16:32:25 DEBUG:busco.busco_tools.Toolset	cmd call: hmmsearch --domtblout outputs/busco_output/run_saccharomycetaceae_odb12/hmmer_output/40326at4893.out --cpu 1 /data/busco_downloads/lineages/saccharomycetaceae_odb12/hmms/40326at4893.hmm outputs/busco_output/run_saccharomycetaceae_odb12/miniprot_output/translated_proteins/40326at4893.faa
2026-09-24 16:32:25 DEBUG:busco.busco_tools.Toolset	cmd call: hmmsearch --domtblout outputs/busco_output/run_saccharomycetaceae_odb12/hmmer_output/39666at4893.out --cpu 1 /data/busco_downloads/lineages/saccharomycetaceae_odb12/hmms/39666at4893.hmm outputs/busco_output/run_saccharomycetaceae_odb12/miniprot_output/translated_proteins/39666at4893.faa
2026-09-24 16:32:25 DEBUG:busco.busco_tools.Toolset	cmd call: hmmsearch --domtblout outputs/busco_output/run_saccharomycetaceae_odb12/hmmer_output/38238at4893.out --cpu 1 /data/busco_downloads/lineages/saccharomycetaceae_odb12/hmms/38238at4893.hmm outputs/busco_output/run_saccharomycetaceae_odb12/miniprot_output/translated_proteins/38238at4893.faa
2026-09-24 16:32:25 DEBUG:busco.busco_tools.Toolset	cmd call: hmmsearch --domtblout outputs/busco_output/run_saccharomycetaceae_odb12/hmmer_output/39783at4893.out --cpu 1 /data/busco_downloads/lineages/saccharomycetaceae_odb12/hmms/39783at4893.hmm outputs/busco_output/run_saccharomycetaceae_odb12/miniprot_output/translated_proteins/39783at4893.faa
2026-09-24 16:32:25 DEBUG:busco.busco_tools.Toolset	cmd call: hmmsearch --domtblout outputs/busco_output/run_saccharomycetaceae_odb12/hmmer_output/39000at4893.out --cpu 1 /data/busco_downloads/lineages/saccharomycetaceae_odb12/hmms/39000at4893.hmm outputs/busco_output/run_saccharomycetaceae_odb12/miniprot_output/translated_proteins/39000at4893.faa
2026-09-24 16:32:25 DEBUG:busco.busco_tools.Toolset	cmd call: hmmsearch --domtblout outputs/busco_output/run_saccharomycetaceae_odb12/hmmer_output/36765at4893.out --cpu 1 /data/busco_downloads/lineages/saccharomycetaceae_odb12/hmms/36765at4893.hmm outputs/busco_output/run_saccharomycetaceae_odb12/miniprot_output/translated_proteins/36765at4893.faa
2026-09-24 16:32:25 DEBUG:busco.busco_tools.Toolset	cmd call: hmmsearch --domtblout outputs/busco_output/run_saccharomycetaceae_odb12/hmmer_output/40910at4893.out --cpu 1 /data/busco_downloads/lineages/saccharomycetaceae_odb12/hmms/40910at4893.hmm outputs/busco_output/run_saccharomycetaceae_odb12/miniprot_output/translated_proteins/40910at4893.faa
2026-09-24 16:32:25 DEBUG:busco.busco_tools.Toolset	cmd call: hmmsearch --domtblout outputs/busco_output/run_saccharomycetaceae_odb12/hmmer_output/37511at4893.out --cpu 1 /data/busco_downloads/lineages/saccharomycetaceae_odb12/hmms/37511at4893.hmm outputs/busco_output/run_saccharomycetaceae_odb12/miniprot_output/translated_proteins/37511at4893.faa
2026-09-24 16:32:25 DEBUG:busco.busco_tools.Toolset	cmd call: hmmsearch --domtblout outputs/busco_output/run_saccharomycetaceae_odb12/hmmer_output/40336at4893.out --cpu 1 /data/busco_downloads/lineages/saccharomycetaceae_odb12/hmms/40336at4893.hmm outputs/busco_output/run_saccharomycetaceae_odb12/miniprot_output/translated_proteins/40336at4893.faa
2026-09-24 16:32:25 DEBUG:busco.busco_tools.Toolset	cmd call: hmmsearch --domtblout outputs/busco_output/run_saccharomycetaceae_odb12/hmmer_output/39677at4893.out --cpu 1 /data/busco_downloads/lineages/saccharomycetaceae_odb12/hmms/39677at4893.hmm outputs/busco_output/run_saccharomycetaceae_odb12/miniprot_output/translated_proteins/39677at4893.faa
2026-09-24 16:32:25 DEBUG:busco.busco_tools.Toolset	cmd call: hmmsearch --domtblout outputs/busco_output/run_saccharomycetaceae_odb12/hmmer_output/36769at4893.out --cpu 1 /data/busco_downloads/lineages/saccharomycetaceae_odb12/hmms/36769at4893.hmm outputs/busco_output/run_saccharomycetaceae_odb12/miniprot_output/translated_proteins/36769at4893.faa
2026-09-24 16:32:25 DEBUG:busco.busco_tools.Toolset	cmd call: hmmsearch --domtblout outputs/busco_output/run_saccharomycetaceae_odb12/hmmer_output/39004at4893.out --cpu 1 /data/busco_downloads/lineages/saccharomycetaceae_odb12/hmms/39004at4893.hmm outputs/busco_output/run_saccharomycetaceae_odb12/miniprot_output/translated_proteins/39004at4893.faa
2026-09-24 16:32:25 DEBUG:busco.busco_tools.Toolset	cmd call: hmmsearch --domtblout outputs/busco_output/run_saccharomycetaceae_odb12/hmmer_output/37538at4893.out --cpu 1 /data/busco_downloads/lineages/saccharomycetaceae_odb12/hmms/37538at4893.hmm outputs/busco_output/run_saccharomycetaceae_odb12/miniprot_output/translated_proteins/37538at4893.faa
2026-09-24 16:32:25 DEBUG:busco.busco_tools.Toolset	cmd call: hmmsearch --domtblout outputs/busco_output/run_saccharomycetaceae_odb12/hmmer_output/38267at4893.out --cpu 1 /data/busco_downloads/lineages/saccharomycetaceae_odb12/hmms/38267at4893.hmm outputs/busco_output/run_saccharomycetaceae_odb12/miniprot_output/translated_proteins/38267at4893.faa
2026-09-24 16:32:26 DEBUG:busco.busco_tools.Toolset	cmd call: hmmsearch --domtblout outputs/busco_output/run_saccharomycetaceae_odb12/hmmer_output/40915at4893.out --cpu 1 /data/busco_downloads/lineages/saccharomycetaceae_odb12/hmms/40915at4893.hmm outputs/busco_output/run_saccharomycetaceae_odb12/miniprot_output/translated_proteins/40915at4893.faa
2026-09-24 16:32:26 DEBUG:busco.busco_tools.Toolset	cmd call: hmmsearch --domtblout outputs/busco_output/run_saccharomycetaceae_odb12/hmmer_output/39683at4893.out --cpu 1 /data/busco_downloads/lineages/saccharomycetaceae_odb12/hmms/39683at4893.hmm outputs/busco_output/run_saccharomycetaceae_odb12/miniprot_output/translated_proteins/39683at4893.faa
2026-09-24 16:32:26 DEBUG:busco.busco_tools.Toolset	cmd call: hmmsearch --domtblout outputs/busco_output/run_saccharomycetaceae_odb12/hmmer_output/39786at4893.out --cpu 1 /data/busco_downloads/lineages/saccharomycetaceae_odb12/hmms/39786at4893.hmm outputs/busco_output/run_saccharomycetaceae_odb12/miniprot_output/translated_proteins/39786at4893.faa
2026-09-24 16:32:26 DEBUG:busco.busco_tools.Toolset	cmd call: hmmsearch --domtblout outputs/busco_output/run_saccharomycetaceae_odb12/hmmer_output/40351at4893.out --cpu 1 /data/busco_downloads/lineages/saccharomycetaceae_odb12/hmms/40351at4893.hmm outputs/busco_output/run_saccharomycetaceae_odb12/miniprot_output/translated_proteins/40351at4893.faa
2026-09-24 16:32:26 DEBUG:busco.busco_tools.Toolset	cmd call: hmmsearch --domtblout outputs/busco_output/run_saccharomycetaceae_odb12/hmmer_output/36773at4893.out --cpu 1 /data/busco_downloads/lineages/saccharomycetaceae_odb12/hmms/36773at4893.hmm outputs/busco_output/run_saccharomycetaceae_odb12/miniprot_output/translated_proteins/36773at4893.faa
2026-09-24 16:32:26 DEBUG:busco.busco_tools.Toolset	cmd call: hmmsearch --domtblout outputs/busco_output/run_saccharomycetaceae_odb12/hmmer_output/38271at4893.out --cpu 1 /data/busco_downloads/lineages/saccharomycetaceae_odb12/hmms/38271at4893.hmm outputs/busco_output/run_saccharomycetaceae_odb12/miniprot_output/translated_proteins/38271at4893.faa
2026-09-24 16:32:26 DEBUG:busco.busco_tools.Toolset	cmd call: hmmsearch --domtblout outputs/busco_output/run_saccharomycetaceae_odb12/hmmer_output/39816at4893.out --cpu 1 /data/busco_downloads/lineages/saccharomycetaceae_odb12/hmms/39816at4893.hmm outputs/busco_output/run_saccharomycetaceae_odb12/miniprot_output/translated_proteins/39816at4893.faa
2026-09-24 16:32:26 DEBUG:busco.busco_tools.Toolset	cmd call: hmmsearch --domtblout outputs/busco_output/run_saccharomycetaceae_odb12/hmmer_output/39016at4893.out --cpu 1 /data/busco_downloads/lineages/saccharomycetaceae_odb12/hmms/39016at4893.hmm outputs/busco_output/run_saccharomycetaceae_odb12/miniprot_output/translated_proteins/39016at4893.faa
2026-09-24 16:32:26 DEBUG:busco.busco_tools.Toolset	cmd call: hmmsearch --domtblout outputs/busco_output/run_saccharomycetaceae_odb12/hmmer_output/39687at4893.out --cpu 1 /data/busco_downloads/lineages/saccharomycetaceae_odb12/hmms/39687at4893.hmm outputs/busco_output/run_saccharomycetaceae_odb12/miniprot_output/translated_proteins/39687at4893.faa
2026-09-24 16:32:26 DEBUG:busco.busco_tools.Toolset	cmd call: hmmsearch --domtblout outputs/busco_output/run_saccharomycetaceae_odb12/hmmer_output/40917at4893.out --cpu 1 /data/busco_downloads/lineages/saccharomycetaceae_odb12/hmms/40917at4893.hmm outputs/busco_output/run_saccharomycetaceae_odb12/miniprot_output/translated_proteins/40917at4893.faa
2026-09-24 16:32:26 DEBUG:busco.busco_tools.Toolset	cmd call: hmmsearch --domtblout outputs/busco_output/run_saccharomycetaceae_odb12/hmmer_output/37544at4893.out --cpu 1 /data/busco_downloads/lineages/saccharomycetaceae_odb12/hmms/37544at4893.hmm outputs/busco_output/run_saccharomycetaceae_odb12/miniprot_output/translated_proteins/37544at4893.faa
2026-09-24 16:32:26 DEBUG:busco.busco_tools.Toolset	cmd call: hmmsearch --domtblout outputs/busco_output/run_saccharomycetaceae_odb12/hmmer_output/40373at4893.out --cpu 1 /data/busco_downloads/lineages/saccharomycetaceae_odb12/hmms/40373at4893.hmm outputs/busco_output/run_saccharomycetaceae_odb12/miniprot_output/translated_proteins/40373at4893.faa
2026-09-24 16:32:26 DEBUG:busco.busco_tools.Toolset	cmd call: hmmsearch --domtblout outputs/busco_output/run_saccharomycetaceae_odb12/hmmer_output/415at4893.out --cpu 1 /data/busco_downloads/lineages/saccharomycetaceae_odb12/hmms/415at4893.hmm outputs/busco_output/run_saccharomycetaceae_odb12/miniprot_output/translated_proteins/415at4893.faa
2026-09-24 16:32:26 DEBUG:busco.busco_tools.Toolset	cmd call: hmmsearch --domtblout outputs/busco_output/run_saccharomycetaceae_odb12/hmmer_output/39820at4893.out --cpu 1 /data/busco_downloads/lineages/saccharomycetaceae_odb12/hmms/39820at4893.hmm outputs/busco_output/run_saccharomycetaceae_odb12/miniprot_output/translated_proteins/39820at4893.faa
2026-09-24 16:32:26 DEBUG:busco.busco_tools.Toolset	cmd call: hmmsearch --domtblout outputs/busco_output/run_saccharomycetaceae_odb12/hmmer_output/38281at4893.out --cpu 1 /data/busco_downloads/lineages/saccharomycetaceae_odb12/hmms/38281at4893.hmm outputs/busco_output/run_saccharomycetaceae_odb12/miniprot_output/translated_proteins/38281at4893.faa
2026-09-24 16:32:26 DEBUG:busco.busco_tools.Toolset	cmd call: hmmsearch --domtblout outputs/busco_output/run_saccharomycetaceae_odb12/hmmer_output/40919at4893.out --cpu 1 /data/busco_downloads/lineages/saccharomycetaceae_odb12/hmms/40919at4893.hmm outputs/busco_output/run_saccharomycetaceae_odb12/miniprot_output/translated_proteins/40919at4893.faa
2026-09-24 16:32:26 DEBUG:busco.busco_tools.Toolset	cmd call: hmmsearch --domtblout outputs/busco_output/run_saccharomycetaceae_odb12/hmmer_output/40402at4893.out --cpu 1 /data/busco_downloads/lineages/saccharomycetaceae_odb12/hmms/40402at4893.hmm outputs/busco_output/run_saccharomycetaceae_odb12/miniprot_output/translated_proteins/40402at4893.faa
2026-09-24 16:32:26 DEBUG:busco.busco_tools.Toolset	cmd call: hmmsearch --domtblout outputs/busco_output/run_saccharomycetaceae_odb12/hmmer_output/37562at4893.out --cpu 1 /data/busco_downloads/lineages/saccharomycetaceae_odb12/hmms/37562at4893.hmm outputs/busco_output/run_saccharomycetaceae_odb12/miniprot_output/translated_proteins/37562at4893.faa
2026-09-24 16:32:26 DEBUG:busco.busco_tools.Toolset	cmd call: hmmsearch --domtblout outputs/busco_output/run_saccharomycetaceae_odb12/hmmer_output/38284at4893.out --cpu 1 /data/busco_downloads/lineages/saccharomycetaceae_odb12/hmms/38284at4893.hmm outputs/busco_output/run_saccharomycetaceae_odb12/miniprot_output/translated_proteins/38284at4893.faa
2026-09-24 16:32:26 DEBUG:busco.busco_tools.Toolset	cmd call: hmmsearch --domtblout outputs/busco_output/run_saccharomycetaceae_odb12/hmmer_output/39691at4893.out --cpu 1 /data/busco_downloads/lineages/saccharomycetaceae_odb12/hmms/39691at4893.hmm outputs/busco_output/run_saccharomycetaceae_odb12/miniprot_output/translated_proteins/39691at4893.faa
2026-09-24 16:32:26 DEBUG:busco.busco_tools.Toolset	cmd call: hmmsearch --domtblout outputs/busco_output/run_saccharomycetaceae_odb12/hmmer_output/39831at4893.out --cpu 1 /data/busco_downloads/lineages/saccharomycetaceae_odb12/hmms/39831at4893.hmm outputs/busco_output/run_saccharomycetaceae_odb12/miniprot_output/translated_proteins/39831at4893.faa
2026-09-24 16:32:26 DEBUG:busco.busco_tools.Toolset	cmd call: hmmsearch --domtblout outputs/busco_output/run_saccharomycetaceae_odb12/hmmer_output/4160at4893.out --cpu 1 /data/busco_downloads/lineages/saccharomycetaceae_odb12/hmms/4160at4893.hmm outputs/busco_output/run_saccharomycetaceae_odb12/miniprot_output/translated_proteins/4160at4893.faa
2026-09-24 16:32:26 DEBUG:busco.busco_tools.Toolset	cmd call: hmmsearch --domtblout outputs/busco_output/run_saccharomycetaceae_odb12/hmmer_output/40930at4893.out --cpu 1 /data/busco_downloads/lineages/saccharomycetaceae_odb12/hmms/40930at4893.hmm outputs/busco_output/run_saccharomycetaceae_odb12/miniprot_output/translated_proteins/40930at4893.faa
2026-09-24 16:32:26 DEBUG:busco.busco_tools.Toolset	cmd call: hmmsearch --domtblout outputs/busco_output/run_saccharomycetaceae_odb12/hmmer_output/37572at4893.out --cpu 1 /data/busco_downloads/lineages/saccharomycetaceae_odb12/hmms/37572at4893.hmm outputs/busco_output/run_saccharomycetaceae_odb12/miniprot_output/translated_proteins/37572at4893.faa
2026-09-24 16:32:26 DEBUG:busco.busco_tools.Toolset	cmd call: hmmsearch --domtblout outputs/busco_output/run_saccharomycetaceae_odb12/hmmer_output/40410at4893.out --cpu 1 /data/busco_downloads/lineages/saccharomycetaceae_odb12/hmms/40410at4893.hmm outputs/busco_output/run_saccharomycetaceae_odb12/miniprot_output/translated_proteins/40410at4893.faa
2026-09-24 16:32:26 DEBUG:busco.busco_tools.Toolset	cmd call: hmmsearch --domtblout outputs/busco_output/run_saccharomycetaceae_odb12/hmmer_output/39694at4893.out --cpu 1 /data/busco_downloads/lineages/saccharomycetaceae_odb12/hmms/39694at4893.hmm outputs/busco_output/run_saccharomycetaceae_odb12/miniprot_output/translated_proteins/39694at4893.faa
2026-09-24 16:32:26 DEBUG:busco.busco_tools.Toolset	cmd call: hmmsearch --domtblout outputs/busco_output/run_saccharomycetaceae_odb12/hmmer_output/38316at4893.out --cpu 1 /data/busco_downloads/lineages/saccharomycetaceae_odb12/hmms/38316at4893.hmm outputs/busco_output/run_saccharomycetaceae_odb12/miniprot_output/translated_proteins/38316at4893.faa
2026-09-24 16:32:26 DEBUG:busco.busco_tools.Toolset	cmd call: hmmsearch --domtblout outputs/busco_output/run_saccharomycetaceae_odb12/hmmer_output/39836at4893.out --cpu 1 /data/busco_downloads/lineages/saccharomycetaceae_odb12/hmms/39836at4893.hmm outputs/busco_output/run_saccharomycetaceae_odb12/miniprot_output/translated_proteins/39836at4893.faa
2026-09-24 16:32:26 DEBUG:busco.busco_tools.Toolset	cmd call: hmmsearch --domtblout outputs/busco_output/run_saccharomycetaceae_odb12/hmmer_output/40945at4893.out --cpu 1 /data/busco_downloads/lineages/saccharomycetaceae_odb12/hmms/40945at4893.hmm outputs/busco_output/run_saccharomycetaceae_odb12/miniprot_output/translated_proteins/40945at4893.faa
2026-09-24 16:32:26 DEBUG:busco.busco_tools.Toolset	cmd call: hmmsearch --domtblout outputs/busco_output/run_saccharomycetaceae_odb12/hmmer_output/41611at4893.out --cpu 1 /data/busco_downloads/lineages/saccharomycetaceae_odb12/hmms/41611at4893.hmm outputs/busco_output/run_saccharomycetaceae_odb12/miniprot_output/translated_proteins/41611at4893.faa
2026-09-24 16:32:26 DEBUG:busco.busco_tools.Toolset	cmd call: hmmsearch --domtblout outputs/busco_output/run_saccharomycetaceae_odb12/hmmer_output/40429at4893.out --cpu 1 /data/busco_downloads/lineages/saccharomycetaceae_odb12/hmms/40429at4893.hmm outputs/busco_output/run_saccharomycetaceae_odb12/miniprot_output/translated_proteins/40429at4893.faa
2026-09-24 16:32:26 DEBUG:busco.busco_tools.Toolset	cmd call: hmmsearch --domtblout outputs/busco_output/run_saccharomycetaceae_odb12/hmmer_output/38324at4893.out --cpu 1 /data/busco_downloads/lineages/saccharomycetaceae_odb12/hmms/38324at4893.hmm outputs/busco_output/run_saccharomycetaceae_odb12/miniprot_output/translated_proteins/38324at4893.faa
2026-09-24 16:32:26 DEBUG:busco.busco_tools.Toolset	cmd call: hmmsearch --domtblout outputs/busco_output/run_saccharomycetaceae_odb12/hmmer_output/37577at4893.out --cpu 1 /data/busco_downloads/lineages/saccharomycetaceae_odb12/hmms/37577at4893.hmm outputs/busco_output/run_saccharomycetaceae_odb12/miniprot_output/translated_proteins/37577at4893.faa
2026-09-24 16:32:26 DEBUG:busco.busco_tools.Toolset	cmd call: hmmsearch --domtblout outputs/busco_output/run_saccharomycetaceae_odb12/hmmer_output/39842at4893.out --cpu 1 /data/busco_downloads/lineages/saccharomycetaceae_odb12/hmms/39842at4893.hmm outputs/busco_output/run_saccharomycetaceae_odb12/miniprot_output/translated_proteins/39842at4893.faa
2026-09-24 16:32:26 DEBUG:busco.busco_tools.Toolset	cmd call: hmmsearch --domtblout outputs/busco_output/run_saccharomycetaceae_odb12/hmmer_output/39696at4893.out --cpu 1 /data/busco_downloads/lineages/saccharomycetaceae_odb12/hmms/39696at4893.hmm outputs/busco_output/run_saccharomycetaceae_odb12/miniprot_output/translated_proteins/39696at4893.faa
2026-09-24 16:32:26 DEBUG:busco.busco_tools.Toolset	cmd call: hmmsearch --domtblout outputs/busco_output/run_saccharomycetaceae_odb12/hmmer_output/40958at4893.out --cpu 1 /data/busco_downloads/lineages/saccharomycetaceae_odb12/hmms/40958at4893.hmm outputs/busco_output/run_saccharomycetaceae_odb12/miniprot_output/translated_proteins/40958at4893.faa
2026-09-24 16:32:27 DEBUG:busco.busco_tools.Toolset	cmd call: hmmsearch --domtblout outputs/busco_output/run_saccharomycetaceae_odb12/hmmer_output/41658at4893.out --cpu 1 /data/busco_downloads/lineages/saccharomycetaceae_odb12/hmms/41658at4893.hmm outputs/busco_output/run_saccharomycetaceae_odb12/miniprot_output/translated_proteins/41658at4893.faa
2026-09-24 16:32:27 DEBUG:busco.busco_tools.Toolset	cmd call: hmmsearch --domtblout outputs/busco_output/run_saccharomycetaceae_odb12/hmmer_output/38327at4893.out --cpu 1 /data/busco_downloads/lineages/saccharomycetaceae_odb12/hmms/38327at4893.hmm outputs/busco_output/run_saccharomycetaceae_odb12/miniprot_output/translated_proteins/38327at4893.faa
2026-09-24 16:32:27 DEBUG:busco.busco_tools.Toolset	cmd call: hmmsearch --domtblout outputs/busco_output/run_saccharomycetaceae_odb12/hmmer_output/37598at4893.out --cpu 1 /data/busco_downloads/lineages/saccharomycetaceae_odb12/hmms/37598at4893.hmm outputs/busco_output/run_saccharomycetaceae_odb12/miniprot_output/translated_proteins/37598at4893.faa
2026-09-24 16:32:27 DEBUG:busco.busco_tools.Toolset	cmd call: hmmsearch --domtblout outputs/busco_output/run_saccharomycetaceae_odb12/hmmer_output/40435at4893.out --cpu 1 /data/busco_downloads/lineages/saccharomycetaceae_odb12/hmms/40435at4893.hmm outputs/busco_output/run_saccharomycetaceae_odb12/miniprot_output/translated_proteins/40435at4893.faa
2026-09-24 16:32:27 DEBUG:busco.busco_tools.Toolset	cmd call: hmmsearch --domtblout outputs/busco_output/run_saccharomycetaceae_odb12/hmmer_output/39857at4893.out --cpu 1 /data/busco_downloads/lineages/saccharomycetaceae_odb12/hmms/39857at4893.hmm outputs/busco_output/run_saccharomycetaceae_odb12/miniprot_output/translated_proteins/39857at4893.faa
2026-09-24 16:32:27 DEBUG:busco.busco_tools.Toolset	cmd call: hmmsearch --domtblout outputs/busco_output/run_saccharomycetaceae_odb12/hmmer_output/40979at4893.out --cpu 1 /data/busco_downloads/lineages/saccharomycetaceae_odb12/hmms/40979at4893.hmm outputs/busco_output/run_saccharomycetaceae_odb12/miniprot_output/translated_proteins/40979at4893.faa
2026-09-24 16:32:27 DEBUG:busco.busco_tools.Toolset	cmd call: hmmsearch --domtblout outputs/busco_output/run_saccharomycetaceae_odb12/hmmer_output/39704at4893.out --cpu 1 /data/busco_downloads/lineages/saccharomycetaceae_odb12/hmms/39704at4893.hmm outputs/busco_output/run_saccharomycetaceae_odb12/miniprot_output/translated_proteins/39704at4893.faa
2026-09-24 16:32:27 DEBUG:busco.busco_tools.Toolset	cmd call: hmmsearch --domtblout outputs/busco_output/run_saccharomycetaceae_odb12/hmmer_output/41730at4893.out --cpu 1 /data/busco_downloads/lineages/saccharomycetaceae_odb12/hmms/41730at4893.hmm outputs/busco_output/run_saccharomycetaceae_odb12/miniprot_output/translated_proteins/41730at4893.faa
2026-09-24 16:32:27 DEBUG:busco.busco_tools.Toolset	cmd call: hmmsearch --domtblout outputs/busco_output/run_saccharomycetaceae_odb12/hmmer_output/37600at4893.out --cpu 1 /data/busco_downloads/lineages/saccharomycetaceae_odb12/hmms/37600at4893.hmm outputs/busco_output/run_saccharomycetaceae_odb12/miniprot_output/translated_proteins/37600at4893.faa
2026-09-24 16:32:27 DEBUG:busco.busco_tools.Toolset	cmd call: hmmsearch --domtblout outputs/busco_output/run_saccharomycetaceae_odb12/hmmer_output/38336at4893.out --cpu 1 /data/busco_downloads/lineages/saccharomycetaceae_odb12/hmms/38336at4893.hmm outputs/busco_output/run_saccharomycetaceae_odb12/miniprot_output/translated_proteins/38336at4893.faa
2026-09-24 16:32:27 DEBUG:busco.busco_tools.Toolset	cmd call: hmmsearch --domtblout outputs/busco_output/run_saccharomycetaceae_odb12/hmmer_output/40462at4893.out --cpu 1 /data/busco_downloads/lineages/saccharomycetaceae_odb12/hmms/40462at4893.hmm outputs/busco_output/run_saccharomycetaceae_odb12/miniprot_output/translated_proteins/40462at4893.faa
2026-09-24 16:32:27 DEBUG:busco.busco_tools.Toolset	cmd call: hmmsearch --domtblout outputs/busco_output/run_saccharomycetaceae_odb12/hmmer_output/39023at4893.out --cpu 1 /data/busco_downloads/lineages/saccharomycetaceae_odb12/hmms/39023at4893.hmm outputs/busco_output/run_saccharomycetaceae_odb12/miniprot_output/translated_proteins/39023at4893.faa
2026-09-24 16:32:27 DEBUG:busco.busco_tools.Toolset	cmd call: hmmsearch --domtblout outputs/busco_output/run_saccharomycetaceae_odb12/hmmer_output/39858at4893.out --cpu 1 /data/busco_downloads/lineages/saccharomycetaceae_odb12/hmms/39858at4893.hmm outputs/busco_output/run_saccharomycetaceae_odb12/miniprot_output/translated_proteins/39858at4893.faa
2026-09-24 16:32:27 DEBUG:busco.busco_tools.Toolset	cmd call: hmmsearch --domtblout outputs/busco_output/run_saccharomycetaceae_odb12/hmmer_output/39706at4893.out --cpu 1 /data/busco_downloads/lineages/saccharomycetaceae_odb12/hmms/39706at4893.hmm outputs/busco_output/run_saccharomycetaceae_odb12/miniprot_output/translated_proteins/39706at4893.faa
2026-09-24 16:32:27 DEBUG:busco.busco_tools.Toolset	cmd call: hmmsearch --domtblout outputs/busco_output/run_saccharomycetaceae_odb12/hmmer_output/40983at4893.out --cpu 1 /data/busco_downloads/lineages/saccharomycetaceae_odb12/hmms/40983at4893.hmm outputs/busco_output/run_saccharomycetaceae_odb12/miniprot_output/translated_proteins/40983at4893.faa
2026-09-24 16:32:27 DEBUG:busco.busco_tools.Toolset	cmd call: hmmsearch --domtblout outputs/busco_output/run_saccharomycetaceae_odb12/hmmer_output/40471at4893.out --cpu 1 /data/busco_downloads/lineages/saccharomycetaceae_odb12/hmms/40471at4893.hmm outputs/busco_output/run_saccharomycetaceae_odb12/miniprot_output/translated_proteins/40471at4893.faa
2026-09-24 16:32:27 DEBUG:busco.busco_tools.Toolset	cmd call: hmmsearch --domtblout outputs/busco_output/run_saccharomycetaceae_odb12/hmmer_output/41762at4893.out --cpu 1 /data/busco_downloads/lineages/saccharomycetaceae_odb12/hmms/41762at4893.hmm outputs/busco_output/run_saccharomycetaceae_odb12/miniprot_output/translated_proteins/41762at4893.faa
2026-09-24 16:32:27 DEBUG:busco.busco_tools.Toolset	cmd call: hmmsearch --domtblout outputs/busco_output/run_saccharomycetaceae_odb12/hmmer_output/39860at4893.out --cpu 1 /data/busco_downloads/lineages/saccharomycetaceae_odb12/hmms/39860at4893.hmm outputs/busco_output/run_saccharomycetaceae_odb12/miniprot_output/translated_proteins/39860at4893.faa
2026-09-24 16:32:27 DEBUG:busco.busco_tools.Toolset	cmd call: hmmsearch --domtblout outputs/busco_output/run_saccharomycetaceae_odb12/hmmer_output/39027at4893.out --cpu 1 /data/busco_downloads/lineages/saccharomycetaceae_odb12/hmms/39027at4893.hmm outputs/busco_output/run_saccharomycetaceae_odb12/miniprot_output/translated_proteins/39027at4893.faa
2026-09-24 16:32:27 DEBUG:busco.busco_tools.Toolset	cmd call: hmmsearch --domtblout outputs/busco_output/run_saccharomycetaceae_odb12/hmmer_output/40990at4893.out --cpu 1 /data/busco_downloads/lineages/saccharomycetaceae_odb12/hmms/40990at4893.hmm outputs/busco_output/run_saccharomycetaceae_odb12/miniprot_output/translated_proteins/40990at4893.faa
2026-09-24 16:32:27 DEBUG:busco.busco_tools.Toolset	cmd call: hmmsearch --domtblout outputs/busco_output/run_saccharomycetaceae_odb12/hmmer_output/4569at4893.out --cpu 1 /data/busco_downloads/lineages/saccharomycetaceae_odb12/hmms/4569at4893.hmm outputs/busco_output/run_saccharomycetaceae_odb12/miniprot_output/translated_proteins/4569at4893.faa
2026-09-24 16:32:27 DEBUG:busco.busco_tools.Toolset	cmd call: hmmsearch --domtblout outputs/busco_output/run_saccharomycetaceae_odb12/hmmer_output/5634at4893.out --cpu 1 /data/busco_downloads/lineages/saccharomycetaceae_odb12/hmms/5634at4893.hmm outputs/busco_output/run_saccharomycetaceae_odb12/miniprot_output/translated_proteins/5634at4893.faa
2026-09-24 16:32:27 DEBUG:busco.busco_tools.Toolset	cmd call: hmmsearch --domtblout outputs/busco_output/run_saccharomycetaceae_odb12/hmmer_output/40472at4893.out --cpu 1 /data/busco_downloads/lineages/saccharomycetaceae_odb12/hmms/40472at4893.hmm outputs/busco_output/run_saccharomycetaceae_odb12/miniprot_output/translated_proteins/40472at4893.faa
2026-09-24 16:32:27 DEBUG:busco.busco_tools.Toolset	cmd call: hmmsearch --domtblout outputs/busco_output/run_saccharomycetaceae_odb12/hmmer_output/6775at4893.out --cpu 1 /data/busco_downloads/lineages/saccharomycetaceae_odb12/hmms/6775at4893.hmm outputs/busco_output/run_saccharomycetaceae_odb12/miniprot_output/translated_proteins/6775at4893.faa
2026-09-24 16:32:27 DEBUG:busco.busco_tools.Toolset	cmd call: hmmsearch --domtblout outputs/busco_output/run_saccharomycetaceae_odb12/hmmer_output/41788at4893.out --cpu 1 /data/busco_downloads/lineages/saccharomycetaceae_odb12/hmms/41788at4893.hmm outputs/busco_output/run_saccharomycetaceae_odb12/miniprot_output/translated_proteins/41788at4893.faa
2026-09-24 16:32:27 DEBUG:busco.busco_tools.Toolset	cmd call: hmmsearch --domtblout outputs/busco_output/run_saccharomycetaceae_odb12/hmmer_output/39034at4893.out --cpu 1 /data/busco_downloads/lineages/saccharomycetaceae_odb12/hmms/39034at4893.hmm outputs/busco_output/run_saccharomycetaceae_odb12/miniprot_output/translated_proteins/39034at4893.faa
2026-09-24 16:32:27 DEBUG:busco.busco_tools.Toolset	cmd call: hmmsearch --domtblout outputs/busco_output/run_saccharomycetaceae_odb12/hmmer_output/40995at4893.out --cpu 1 /data/busco_downloads/lineages/saccharomycetaceae_odb12/hmms/40995at4893.hmm outputs/busco_output/run_saccharomycetaceae_odb12/miniprot_output/translated_proteins/40995at4893.faa
2026-09-24 16:32:27 DEBUG:busco.busco_tools.Toolset	cmd call: hmmsearch --domtblout outputs/busco_output/run_saccharomycetaceae_odb12/hmmer_output/39861at4893.out --cpu 1 /data/busco_downloads/lineages/saccharomycetaceae_odb12/hmms/39861at4893.hmm outputs/busco_output/run_saccharomycetaceae_odb12/miniprot_output/translated_proteins/39861at4893.faa
2026-09-24 16:32:27 DEBUG:busco.busco_tools.Toolset	cmd call: hmmsearch --domtblout outputs/busco_output/run_saccharomycetaceae_odb12/hmmer_output/4573at4893.out --cpu 1 /data/busco_downloads/lineages/saccharomycetaceae_odb12/hmms/4573at4893.hmm outputs/busco_output/run_saccharomycetaceae_odb12/miniprot_output/translated_proteins/4573at4893.faa
2026-09-24 16:32:27 DEBUG:busco.busco_tools.Toolset	cmd call: hmmsearch --domtblout outputs/busco_output/run_saccharomycetaceae_odb12/hmmer_output/40473at4893.out --cpu 1 /data/busco_downloads/lineages/saccharomycetaceae_odb12/hmms/40473at4893.hmm outputs/busco_output/run_saccharomycetaceae_odb12/miniprot_output/translated_proteins/40473at4893.faa
2026-09-24 16:32:27 DEBUG:busco.busco_tools.Toolset	cmd call: hmmsearch --domtblout outputs/busco_output/run_saccharomycetaceae_odb12/hmmer_output/564at4893.out --cpu 1 /data/busco_downloads/lineages/saccharomycetaceae_odb12/hmms/564at4893.hmm outputs/busco_output/run_saccharomycetaceae_odb12/miniprot_output/translated_proteins/564at4893.faa
2026-09-24 16:32:27 DEBUG:busco.busco_tools.Toolset	cmd call: hmmsearch --domtblout outputs/busco_output/run_saccharomycetaceae_odb12/hmmer_output/39056at4893.out --cpu 1 /data/busco_downloads/lineages/saccharomycetaceae_odb12/hmms/39056at4893.hmm outputs/busco_output/run_saccharomycetaceae_odb12/miniprot_output/translated_proteins/39056at4893.faa
2026-09-24 16:32:27 DEBUG:busco.busco_tools.Toolset	cmd call: hmmsearch --domtblout outputs/busco_output/run_saccharomycetaceae_odb12/hmmer_output/41795at4893.out --cpu 1 /data/busco_downloads/lineages/saccharomycetaceae_odb12/hmms/41795at4893.hmm outputs/busco_output/run_saccharomycetaceae_odb12/miniprot_output/translated_proteins/41795at4893.faa
2026-09-24 16:32:27 DEBUG:busco.busco_tools.Toolset	cmd call: hmmsearch --domtblout outputs/busco_output/run_saccharomycetaceae_odb12/hmmer_output/6802at4893.out --cpu 1 /data/busco_downloads/lineages/saccharomycetaceae_odb12/hmms/6802at4893.hmm outputs/busco_output/run_saccharomycetaceae_odb12/miniprot_output/translated_proteins/6802at4893.faa
2026-09-24 16:32:28 DEBUG:busco.busco_tools.Toolset	cmd call: hmmsearch --domtblout outputs/busco_output/run_saccharomycetaceae_odb12/hmmer_output/4588at4893.out --cpu 1 /data/busco_downloads/lineages/saccharomycetaceae_odb12/hmms/4588at4893.hmm outputs/busco_output/run_saccharomycetaceae_odb12/miniprot_output/translated_proteins/4588at4893.faa
2026-09-24 16:32:28 DEBUG:busco.busco_tools.Toolset	cmd call: hmmsearch --domtblout outputs/busco_output/run_saccharomycetaceae_odb12/hmmer_output/39878at4893.out --cpu 1 /data/busco_downloads/lineages/saccharomycetaceae_odb12/hmms/39878at4893.hmm outputs/busco_output/run_saccharomycetaceae_odb12/miniprot_output/translated_proteins/39878at4893.faa
2026-09-24 16:32:28 DEBUG:busco.busco_tools.Toolset	cmd call: hmmsearch --domtblout outputs/busco_output/run_saccharomycetaceae_odb12/hmmer_output/41018at4893.out --cpu 1 /data/busco_downloads/lineages/saccharomycetaceae_odb12/hmms/41018at4893.hmm outputs/busco_output/run_saccharomycetaceae_odb12/miniprot_output/translated_proteins/41018at4893.faa
2026-09-24 16:32:28 DEBUG:busco.busco_tools.Toolset	cmd call: hmmsearch --domtblout outputs/busco_output/run_saccharomycetaceae_odb12/hmmer_output/5652at4893.out --cpu 1 /data/busco_downloads/lineages/saccharomycetaceae_odb12/hmms/5652at4893.hmm outputs/busco_output/run_saccharomycetaceae_odb12/miniprot_output/translated_proteins/5652at4893.faa
2026-09-24 16:32:28 DEBUG:busco.busco_tools.Toolset	cmd call: hmmsearch --domtblout outputs/busco_output/run_saccharomycetaceae_odb12/hmmer_output/41798at4893.out --cpu 1 /data/busco_downloads/lineages/saccharomycetaceae_odb12/hmms/41798at4893.hmm outputs/busco_output/run_saccharomycetaceae_odb12/miniprot_output/translated_proteins/41798at4893.faa
2026-09-24 16:32:28 DEBUG:busco.busco_tools.Toolset	cmd call: hmmsearch --domtblout outputs/busco_output/run_saccharomycetaceae_odb12/hmmer_output/40478at4893.out --cpu 1 /data/busco_downloads/lineages/saccharomycetaceae_odb12/hmms/40478at4893.hmm outputs/busco_output/run_saccharomycetaceae_odb12/miniprot_output/translated_proteins/40478at4893.faa
2026-09-24 16:32:28 DEBUG:busco.busco_tools.Toolset	cmd call: hmmsearch --domtblout outputs/busco_output/run_saccharomycetaceae_odb12/hmmer_output/39880at4893.out --cpu 1 /data/busco_downloads/lineages/saccharomycetaceae_odb12/hmms/39880at4893.hmm outputs/busco_output/run_saccharomycetaceae_odb12/miniprot_output/translated_proteins/39880at4893.faa
2026-09-24 16:32:28 DEBUG:busco.busco_tools.Toolset	cmd call: hmmsearch --domtblout outputs/busco_output/run_saccharomycetaceae_odb12/hmmer_output/6815at4893.out --cpu 1 /data/busco_downloads/lineages/saccharomycetaceae_odb12/hmms/6815at4893.hmm outputs/busco_output/run_saccharomycetaceae_odb12/miniprot_output/translated_proteins/6815at4893.faa
2026-09-24 16:32:28 DEBUG:busco.busco_tools.Toolset	cmd call: hmmsearch --domtblout outputs/busco_output/run_saccharomycetaceae_odb12/hmmer_output/39063at4893.out --cpu 1 /data/busco_downloads/lineages/saccharomycetaceae_odb12/hmms/39063at4893.hmm outputs/busco_output/run_saccharomycetaceae_odb12/miniprot_output/translated_proteins/39063at4893.faa
2026-09-24 16:32:28 DEBUG:busco.busco_tools.Toolset	cmd call: hmmsearch --domtblout outputs/busco_output/run_saccharomycetaceae_odb12/hmmer_output/4591at4893.out --cpu 1 /data/busco_downloads/lineages/saccharomycetaceae_odb12/hmms/4591at4893.hmm outputs/busco_output/run_saccharomycetaceae_odb12/miniprot_output/translated_proteins/4591at4893.faa
2026-09-24 16:32:28 DEBUG:busco.busco_tools.Toolset	cmd call: hmmsearch --domtblout outputs/busco_output/run_saccharomycetaceae_odb12/hmmer_output/41806at4893.out --cpu 1 /data/busco_downloads/lineages/saccharomycetaceae_odb12/hmms/41806at4893.hmm outputs/busco_output/run_saccharomycetaceae_odb12/miniprot_output/translated_proteins/41806at4893.faa
2026-09-24 16:32:28 DEBUG:busco.busco_tools.Toolset	cmd call: hmmsearch --domtblout outputs/busco_output/run_saccharomycetaceae_odb12/hmmer_output/41023at4893.out --cpu 1 /data/busco_downloads/lineages/saccharomycetaceae_odb12/hmms/41023at4893.hmm outputs/busco_output/run_saccharomycetaceae_odb12/miniprot_output/translated_proteins/41023at4893.faa
2026-09-24 16:32:28 DEBUG:busco.busco_tools.Toolset	cmd call: hmmsearch --domtblout outputs/busco_output/run_saccharomycetaceae_odb12/hmmer_output/4047at4893.out --cpu 1 /data/busco_downloads/lineages/saccharomycetaceae_odb12/hmms/4047at4893.hmm outputs/busco_output/run_saccharomycetaceae_odb12/miniprot_output/translated_proteins/4047at4893.faa
2026-09-24 16:32:28 DEBUG:busco.busco_tools.Toolset	cmd call: hmmsearch --domtblout outputs/busco_output/run_saccharomycetaceae_odb12/hmmer_output/6826at4893.out --cpu 1 /data/busco_downloads/lineages/saccharomycetaceae_odb12/hmms/6826at4893.hmm outputs/busco_output/run_saccharomycetaceae_odb12/miniprot_output/translated_proteins/6826at4893.faa
2026-09-24 16:32:28 DEBUG:busco.busco_tools.Toolset	cmd call: hmmsearch --domtblout outputs/busco_output/run_saccharomycetaceae_odb12/hmmer_output/5653at4893.out --cpu 1 /data/busco_downloads/lineages/saccharomycetaceae_odb12/hmms/5653at4893.hmm outputs/busco_output/run_saccharomycetaceae_odb12/miniprot_output/translated_proteins/5653at4893.faa
2026-09-24 16:32:28 DEBUG:busco.busco_tools.Toolset	cmd call: hmmsearch --domtblout outputs/busco_output/run_saccharomycetaceae_odb12/hmmer_output/4657at4893.out --cpu 1 /data/busco_downloads/lineages/saccharomycetaceae_odb12/hmms/4657at4893.hmm outputs/busco_output/run_saccharomycetaceae_odb12/miniprot_output/translated_proteins/4657at4893.faa
2026-09-24 16:32:28 DEBUG:busco.busco_tools.Toolset	cmd call: hmmsearch --domtblout outputs/busco_output/run_saccharomycetaceae_odb12/hmmer_output/7991at4893.out --cpu 1 /data/busco_downloads/lineages/saccharomycetaceae_odb12/hmms/7991at4893.hmm outputs/busco_output/run_saccharomycetaceae_odb12/miniprot_output/translated_proteins/7991at4893.faa
2026-09-24 16:32:28 DEBUG:busco.busco_tools.Toolset	cmd call: hmmsearch --domtblout outputs/busco_output/run_saccharomycetaceae_odb12/hmmer_output/41817at4893.out --cpu 1 /data/busco_downloads/lineages/saccharomycetaceae_odb12/hmms/41817at4893.hmm outputs/busco_output/run_saccharomycetaceae_odb12/miniprot_output/translated_proteins/41817at4893.faa
2026-09-24 16:32:28 DEBUG:busco.busco_tools.Toolset	cmd call: hmmsearch --domtblout outputs/busco_output/run_saccharomycetaceae_odb12/hmmer_output/40490at4893.out --cpu 1 /data/busco_downloads/lineages/saccharomycetaceae_odb12/hmms/40490at4893.hmm outputs/busco_output/run_saccharomycetaceae_odb12/miniprot_output/translated_proteins/40490at4893.faa
2026-09-24 16:32:28 DEBUG:busco.busco_tools.Toolset	cmd call: hmmsearch --domtblout outputs/busco_output/run_saccharomycetaceae_odb12/hmmer_output/41044at4893.out --cpu 1 /data/busco_downloads/lineages/saccharomycetaceae_odb12/hmms/41044at4893.hmm outputs/busco_output/run_saccharomycetaceae_odb12/miniprot_output/translated_proteins/41044at4893.faa
2026-09-24 16:32:28 DEBUG:busco.busco_tools.Toolset	cmd call: hmmsearch --domtblout outputs/busco_output/run_saccharomycetaceae_odb12/hmmer_output/39888at4893.out --cpu 1 /data/busco_downloads/lineages/saccharomycetaceae_odb12/hmms/39888at4893.hmm outputs/busco_output/run_saccharomycetaceae_odb12/miniprot_output/translated_proteins/39888at4893.faa
2026-09-24 16:32:28 DEBUG:busco.busco_tools.Toolset	cmd call: hmmsearch --domtblout outputs/busco_output/run_saccharomycetaceae_odb12/hmmer_output/6831at4893.out --cpu 1 /data/busco_downloads/lineages/saccharomycetaceae_odb12/hmms/6831at4893.hmm outputs/busco_output/run_saccharomycetaceae_odb12/miniprot_output/translated_proteins/6831at4893.faa
2026-09-24 16:32:28 DEBUG:busco.busco_tools.Toolset	cmd call: hmmsearch --domtblout outputs/busco_output/run_saccharomycetaceae_odb12/hmmer_output/5657at4893.out --cpu 1 /data/busco_downloads/lineages/saccharomycetaceae_odb12/hmms/5657at4893.hmm outputs/busco_output/run_saccharomycetaceae_odb12/miniprot_output/translated_proteins/5657at4893.faa
2026-09-24 16:32:28 DEBUG:busco.busco_tools.Toolset	cmd call: hmmsearch --domtblout outputs/busco_output/run_saccharomycetaceae_odb12/hmmer_output/4671at4893.out --cpu 1 /data/busco_downloads/lineages/saccharomycetaceae_odb12/hmms/4671at4893.hmm outputs/busco_output/run_saccharomycetaceae_odb12/miniprot_output/translated_proteins/4671at4893.faa
2026-09-24 16:32:28 DEBUG:busco.busco_tools.Toolset	cmd call: hmmsearch --domtblout outputs/busco_output/run_saccharomycetaceae_odb12/hmmer_output/41833at4893.out --cpu 1 /data/busco_downloads/lineages/saccharomycetaceae_odb12/hmms/41833at4893.hmm outputs/busco_output/run_saccharomycetaceae_odb12/miniprot_output/translated_proteins/41833at4893.faa
2026-09-24 16:32:28 DEBUG:busco.busco_tools.Toolset	cmd call: hmmsearch --domtblout outputs/busco_output/run_saccharomycetaceae_odb12/hmmer_output/8012at4893.out --cpu 1 /data/busco_downloads/lineages/saccharomycetaceae_odb12/hmms/8012at4893.hmm outputs/busco_output/run_saccharomycetaceae_odb12/miniprot_output/translated_proteins/8012at4893.faa
2026-09-24 16:32:28 DEBUG:busco.busco_tools.Toolset	cmd call: hmmsearch --domtblout outputs/busco_output/run_saccharomycetaceae_odb12/hmmer_output/41052at4893.out --cpu 1 /data/busco_downloads/lineages/saccharomycetaceae_odb12/hmms/41052at4893.hmm outputs/busco_output/run_saccharomycetaceae_odb12/miniprot_output/translated_proteins/41052at4893.faa
2026-09-24 16:32:28 DEBUG:busco.busco_tools.Toolset	cmd call: hmmsearch --domtblout outputs/busco_output/run_saccharomycetaceae_odb12/hmmer_output/40497at4893.out --cpu 1 /data/busco_downloads/lineages/saccharomycetaceae_odb12/hmms/40497at4893.hmm outputs/busco_output/run_saccharomycetaceae_odb12/miniprot_output/translated_proteins/40497at4893.faa
2026-09-24 16:32:28 DEBUG:busco.busco_tools.Toolset	cmd call: hmmsearch --domtblout outputs/busco_output/run_saccharomycetaceae_odb12/hmmer_output/6849at4893.out --cpu 1 /data/busco_downloads/lineages/saccharomycetaceae_odb12/hmms/6849at4893.hmm outputs/busco_output/run_saccharomycetaceae_odb12/miniprot_output/translated_proteins/6849at4893.faa
2026-09-24 16:32:28 DEBUG:busco.busco_tools.Toolset	cmd call: hmmsearch --domtblout outputs/busco_output/run_saccharomycetaceae_odb12/hmmer_output/3989at4893.out --cpu 1 /data/busco_downloads/lineages/saccharomycetaceae_odb12/hmms/3989at4893.hmm outputs/busco_output/run_saccharomycetaceae_odb12/miniprot_output/translated_proteins/3989at4893.faa
2026-09-24 16:32:28 DEBUG:busco.busco_tools.Toolset	cmd call: hmmsearch --domtblout outputs/busco_output/run_saccharomycetaceae_odb12/hmmer_output/4678at4893.out --cpu 1 /data/busco_downloads/lineages/saccharomycetaceae_odb12/hmms/4678at4893.hmm outputs/busco_output/run_saccharomycetaceae_odb12/miniprot_output/translated_proteins/4678at4893.faa
2026-09-24 16:32:28 DEBUG:busco.busco_tools.Toolset	cmd call: hmmsearch --domtblout outputs/busco_output/run_saccharomycetaceae_odb12/hmmer_output/5669at4893.out --cpu 1 /data/busco_downloads/lineages/saccharomycetaceae_odb12/hmms/5669at4893.hmm outputs/busco_output/run_saccharomycetaceae_odb12/miniprot_output/translated_proteins/5669at4893.faa
2026-09-24 16:32:28 DEBUG:busco.busco_tools.Toolset	cmd call: hmmsearch --domtblout outputs/busco_output/run_saccharomycetaceae_odb12/hmmer_output/41887at4893.out --cpu 1 /data/busco_downloads/lineages/saccharomycetaceae_odb12/hmms/41887at4893.hmm outputs/busco_output/run_saccharomycetaceae_odb12/miniprot_output/translated_proteins/41887at4893.faa
2026-09-24 16:32:28 DEBUG:busco.busco_tools.Toolset	cmd call: hmmsearch --domtblout outputs/busco_output/run_saccharomycetaceae_odb12/hmmer_output/8023at4893.out --cpu 1 /data/busco_downloads/lineages/saccharomycetaceae_odb12/hmms/8023at4893.hmm outputs/busco_output/run_saccharomycetaceae_odb12/miniprot_output/translated_proteins/8023at4893.faa
2026-09-24 16:32:28 DEBUG:busco.busco_tools.Toolset	cmd call: hmmsearch --domtblout outputs/busco_output/run_saccharomycetaceae_odb12/hmmer_output/41058at4893.out --cpu 1 /data/busco_downloads/lineages/saccharomycetaceae_odb12/hmms/41058at4893.hmm outputs/busco_output/run_saccharomycetaceae_odb12/miniprot_output/translated_proteins/41058at4893.faa
2026-09-24 16:32:28 DEBUG:busco.busco_tools.Toolset	cmd call: hmmsearch --domtblout outputs/busco_output/run_saccharomycetaceae_odb12/hmmer_output/6852at4893.out --cpu 1 /data/busco_downloads/lineages/saccharomycetaceae_odb12/hmms/6852at4893.hmm outputs/busco_output/run_saccharomycetaceae_odb12/miniprot_output/translated_proteins/6852at4893.faa
2026-09-24 16:32:28 DEBUG:busco.busco_tools.Toolset	cmd call: hmmsearch --domtblout outputs/busco_output/run_saccharomycetaceae_odb12/hmmer_output/39901at4893.out --cpu 1 /data/busco_downloads/lineages/saccharomycetaceae_odb12/hmms/39901at4893.hmm outputs/busco_output/run_saccharomycetaceae_odb12/miniprot_output/translated_proteins/39901at4893.faa
2026-09-24 16:32:28 DEBUG:busco.busco_tools.Toolset	cmd call: hmmsearch --domtblout outputs/busco_output/run_saccharomycetaceae_odb12/hmmer_output/4706at4893.out --cpu 1 /data/busco_downloads/lineages/saccharomycetaceae_odb12/hmms/4706at4893.hmm outputs/busco_output/run_saccharomycetaceae_odb12/miniprot_output/translated_proteins/4706at4893.faa
2026-09-24 16:32:28 DEBUG:busco.busco_tools.Toolset	cmd call: hmmsearch --domtblout outputs/busco_output/run_saccharomycetaceae_odb12/hmmer_output/40508at4893.out --cpu 1 /data/busco_downloads/lineages/saccharomycetaceae_odb12/hmms/40508at4893.hmm outputs/busco_output/run_saccharomycetaceae_odb12/miniprot_output/translated_proteins/40508at4893.faa
2026-09-24 16:32:28 DEBUG:busco.busco_tools.Toolset	cmd call: hmmsearch --domtblout outputs/busco_output/run_saccharomycetaceae_odb12/hmmer_output/41904at4893.out --cpu 1 /data/busco_downloads/lineages/saccharomycetaceae_odb12/hmms/41904at4893.hmm outputs/busco_output/run_saccharomycetaceae_odb12/miniprot_output/translated_proteins/41904at4893.faa
2026-09-24 16:32:28 DEBUG:busco.busco_tools.Toolset	cmd call: hmmsearch --domtblout outputs/busco_output/run_saccharomycetaceae_odb12/hmmer_output/8078at4893.out --cpu 1 /data/busco_downloads/lineages/saccharomycetaceae_odb12/hmms/8078at4893.hmm outputs/busco_output/run_saccharomycetaceae_odb12/miniprot_output/translated_proteins/8078at4893.faa
2026-09-24 16:32:28 DEBUG:busco.busco_tools.Toolset	cmd call: hmmsearch --domtblout outputs/busco_output/run_saccharomycetaceae_odb12/hmmer_output/41064at4893.out --cpu 1 /data/busco_downloads/lineages/saccharomycetaceae_odb12/hmms/41064at4893.hmm outputs/busco_output/run_saccharomycetaceae_odb12/miniprot_output/translated_proteins/41064at4893.faa
2026-09-24 16:32:28 DEBUG:busco.busco_tools.Toolset	cmd call: hmmsearch --domtblout outputs/busco_output/run_saccharomycetaceae_odb12/hmmer_output/6865at4893.out --cpu 1 /data/busco_downloads/lineages/saccharomycetaceae_odb12/hmms/6865at4893.hmm outputs/busco_output/run_saccharomycetaceae_odb12/miniprot_output/translated_proteins/6865at4893.faa
2026-09-24 16:32:29 DEBUG:busco.busco_tools.Toolset	cmd call: hmmsearch --domtblout outputs/busco_output/run_saccharomycetaceae_odb12/hmmer_output/39933at4893.out --cpu 1 /data/busco_downloads/lineages/saccharomycetaceae_odb12/hmms/39933at4893.hmm outputs/busco_output/run_saccharomycetaceae_odb12/miniprot_output/translated_proteins/39933at4893.faa
2026-09-24 16:32:29 DEBUG:busco.busco_tools.Toolset	cmd call: hmmsearch --domtblout outputs/busco_output/run_saccharomycetaceae_odb12/hmmer_output/4734at4893.out --cpu 1 /data/busco_downloads/lineages/saccharomycetaceae_odb12/hmms/4734at4893.hmm outputs/busco_output/run_saccharomycetaceae_odb12/miniprot_output/translated_proteins/4734at4893.faa
2026-09-24 16:32:29 DEBUG:busco.busco_tools.Toolset	cmd call: hmmsearch --domtblout outputs/busco_output/run_saccharomycetaceae_odb12/hmmer_output/5686at4893.out --cpu 1 /data/busco_downloads/lineages/saccharomycetaceae_odb12/hmms/5686at4893.hmm outputs/busco_output/run_saccharomycetaceae_odb12/miniprot_output/translated_proteins/5686at4893.faa
2026-09-24 16:32:29 DEBUG:busco.busco_tools.Toolset	cmd call: hmmsearch --domtblout outputs/busco_output/run_saccharomycetaceae_odb12/hmmer_output/41068at4893.out --cpu 1 /data/busco_downloads/lineages/saccharomycetaceae_odb12/hmms/41068at4893.hmm outputs/busco_output/run_saccharomycetaceae_odb12/miniprot_output/translated_proteins/41068at4893.faa
2026-09-24 16:32:29 DEBUG:busco.busco_tools.Toolset	cmd call: hmmsearch --domtblout outputs/busco_output/run_saccharomycetaceae_odb12/hmmer_output/40510at4893.out --cpu 1 /data/busco_downloads/lineages/saccharomycetaceae_odb12/hmms/40510at4893.hmm outputs/busco_output/run_saccharomycetaceae_odb12/miniprot_output/translated_proteins/40510at4893.faa
2026-09-24 16:32:29 DEBUG:busco.busco_tools.Toolset	cmd call: hmmsearch --domtblout outputs/busco_output/run_saccharomycetaceae_odb12/hmmer_output/8081at4893.out --cpu 1 /data/busco_downloads/lineages/saccharomycetaceae_odb12/hmms/8081at4893.hmm outputs/busco_output/run_saccharomycetaceae_odb12/miniprot_output/translated_proteins/8081at4893.faa
2026-09-24 16:32:29 DEBUG:busco.busco_tools.Toolset	cmd call: hmmsearch --domtblout outputs/busco_output/run_saccharomycetaceae_odb12/hmmer_output/39937at4893.out --cpu 1 /data/busco_downloads/lineages/saccharomycetaceae_odb12/hmms/39937at4893.hmm outputs/busco_output/run_saccharomycetaceae_odb12/miniprot_output/translated_proteins/39937at4893.faa
2026-09-24 16:32:29 DEBUG:busco.busco_tools.Toolset	cmd call: hmmsearch --domtblout outputs/busco_output/run_saccharomycetaceae_odb12/hmmer_output/41926at4893.out --cpu 1 /data/busco_downloads/lineages/saccharomycetaceae_odb12/hmms/41926at4893.hmm outputs/busco_output/run_saccharomycetaceae_odb12/miniprot_output/translated_proteins/41926at4893.faa
2026-09-24 16:32:29 INFO:busco.busco_tools.Toolset	[hmmsearch]	1704 of 2129 task(s) completed
2026-09-24 16:32:29 DEBUG:busco.busco_tools.Toolset	cmd call: hmmsearch --domtblout outputs/busco_output/run_saccharomycetaceae_odb12/hmmer_output/6899at4893.out --cpu 1 /data/busco_downloads/lineages/saccharomycetaceae_odb12/hmms/6899at4893.hmm outputs/busco_output/run_saccharomycetaceae_odb12/miniprot_output/translated_proteins/6899at4893.faa
2026-09-24 16:32:29 DEBUG:busco.busco_tools.Toolset	cmd call: hmmsearch --domtblout outputs/busco_output/run_saccharomycetaceae_odb12/hmmer_output/41071at4893.out --cpu 1 /data/busco_downloads/lineages/saccharomycetaceae_odb12/hmms/41071at4893.hmm outputs/busco_output/run_saccharomycetaceae_odb12/miniprot_output/translated_proteins/41071at4893.faa
2026-09-24 16:32:29 DEBUG:busco.busco_tools.Toolset	cmd call: hmmsearch --domtblout outputs/busco_output/run_saccharomycetaceae_odb12/hmmer_output/4747at4893.out --cpu 1 /data/busco_downloads/lineages/saccharomycetaceae_odb12/hmms/4747at4893.hmm outputs/busco_output/run_saccharomycetaceae_odb12/miniprot_output/translated_proteins/4747at4893.faa
2026-09-24 16:32:29 DEBUG:busco.busco_tools.Toolset	cmd call: hmmsearch --domtblout outputs/busco_output/run_saccharomycetaceae_odb12/hmmer_output/40525at4893.out --cpu 1 /data/busco_downloads/lineages/saccharomycetaceae_odb12/hmms/40525at4893.hmm outputs/busco_output/run_saccharomycetaceae_odb12/miniprot_output/translated_proteins/40525at4893.faa
2026-09-24 16:32:29 DEBUG:busco.busco_tools.Toolset	cmd call: hmmsearch --domtblout outputs/busco_output/run_saccharomycetaceae_odb12/hmmer_output/5700at4893.out --cpu 1 /data/busco_downloads/lineages/saccharomycetaceae_odb12/hmms/5700at4893.hmm outputs/busco_output/run_saccharomycetaceae_odb12/miniprot_output/translated_proteins/5700at4893.faa
2026-09-24 16:32:29 DEBUG:busco.busco_tools.Toolset	cmd call: hmmsearch --domtblout outputs/busco_output/run_saccharomycetaceae_odb12/hmmer_output/41946at4893.out --cpu 1 /data/busco_downloads/lineages/saccharomycetaceae_odb12/hmms/41946at4893.hmm outputs/busco_output/run_saccharomycetaceae_odb12/miniprot_output/translated_proteins/41946at4893.faa
2026-09-24 16:32:29 DEBUG:busco.busco_tools.Toolset	cmd call: hmmsearch --domtblout outputs/busco_output/run_saccharomycetaceae_odb12/hmmer_output/8089at4893.out --cpu 1 /data/busco_downloads/lineages/saccharomycetaceae_odb12/hmms/8089at4893.hmm outputs/busco_output/run_saccharomycetaceae_odb12/miniprot_output/translated_proteins/8089at4893.faa
2026-09-24 16:32:29 DEBUG:busco.busco_tools.Toolset	cmd call: hmmsearch --domtblout outputs/busco_output/run_saccharomycetaceae_odb12/hmmer_output/6910at4893.out --cpu 1 /data/busco_downloads/lineages/saccharomycetaceae_odb12/hmms/6910at4893.hmm outputs/busco_output/run_saccharomycetaceae_odb12/miniprot_output/translated_proteins/6910at4893.faa
2026-09-24 16:32:29 DEBUG:busco.busco_tools.Toolset	cmd call: hmmsearch --domtblout outputs/busco_output/run_saccharomycetaceae_odb12/hmmer_output/39942at4893.out --cpu 1 /data/busco_downloads/lineages/saccharomycetaceae_odb12/hmms/39942at4893.hmm outputs/busco_output/run_saccharomycetaceae_odb12/miniprot_output/translated_proteins/39942at4893.faa
2026-09-24 16:32:29 DEBUG:busco.busco_tools.Toolset	cmd call: hmmsearch --domtblout outputs/busco_output/run_saccharomycetaceae_odb12/hmmer_output/573at4893.out --cpu 1 /data/busco_downloads/lineages/saccharomycetaceae_odb12/hmms/573at4893.hmm outputs/busco_output/run_saccharomycetaceae_odb12/miniprot_output/translated_proteins/573at4893.faa
2026-09-24 16:32:29 DEBUG:busco.busco_tools.Toolset	cmd call: hmmsearch --domtblout outputs/busco_output/run_saccharomycetaceae_odb12/hmmer_output/4755at4893.out --cpu 1 /data/busco_downloads/lineages/saccharomycetaceae_odb12/hmms/4755at4893.hmm outputs/busco_output/run_saccharomycetaceae_odb12/miniprot_output/translated_proteins/4755at4893.faa
2026-09-24 16:32:29 DEBUG:busco.busco_tools.Toolset	cmd call: hmmsearch --domtblout outputs/busco_output/run_saccharomycetaceae_odb12/hmmer_output/41075at4893.out --cpu 1 /data/busco_downloads/lineages/saccharomycetaceae_odb12/hmms/41075at4893.hmm outputs/busco_output/run_saccharomycetaceae_odb12/miniprot_output/translated_proteins/41075at4893.faa
2026-09-24 16:32:29 DEBUG:busco.busco_tools.Toolset	cmd call: hmmsearch --domtblout outputs/busco_output/run_saccharomycetaceae_odb12/hmmer_output/40531at4893.out --cpu 1 /data/busco_downloads/lineages/saccharomycetaceae_odb12/hmms/40531at4893.hmm outputs/busco_output/run_saccharomycetaceae_odb12/miniprot_output/translated_proteins/40531at4893.faa
2026-09-24 16:32:29 DEBUG:busco.busco_tools.Toolset	cmd call: hmmsearch --domtblout outputs/busco_output/run_saccharomycetaceae_odb12/hmmer_output/6917at4893.out --cpu 1 /data/busco_downloads/lineages/saccharomycetaceae_odb12/hmms/6917at4893.hmm outputs/busco_output/run_saccharomycetaceae_odb12/miniprot_output/translated_proteins/6917at4893.faa
2026-09-24 16:32:29 DEBUG:busco.busco_tools.Toolset	cmd call: hmmsearch --domtblout outputs/busco_output/run_saccharomycetaceae_odb12/hmmer_output/4194at4893.out --cpu 1 /data/busco_downloads/lineages/saccharomycetaceae_odb12/hmms/4194at4893.hmm outputs/busco_output/run_saccharomycetaceae_odb12/miniprot_output/translated_proteins/4194at4893.faa
2026-09-24 16:32:29 DEBUG:busco.busco_tools.Toolset	cmd call: hmmsearch --domtblout outputs/busco_output/run_saccharomycetaceae_odb12/hmmer_output/39944at4893.out --cpu 1 /data/busco_downloads/lineages/saccharomycetaceae_odb12/hmms/39944at4893.hmm outputs/busco_output/run_saccharomycetaceae_odb12/miniprot_output/translated_proteins/39944at4893.faa
2026-09-24 16:32:29 DEBUG:busco.busco_tools.Toolset	cmd call: hmmsearch --domtblout outputs/busco_output/run_saccharomycetaceae_odb12/hmmer_output/8094at4893.out --cpu 1 /data/busco_downloads/lineages/saccharomycetaceae_odb12/hmms/8094at4893.hmm outputs/busco_output/run_saccharomycetaceae_odb12/miniprot_output/translated_proteins/8094at4893.faa
2026-09-24 16:32:29 DEBUG:busco.busco_tools.Toolset	cmd call: hmmsearch --domtblout outputs/busco_output/run_saccharomycetaceae_odb12/hmmer_output/5749at4893.out --cpu 1 /data/busco_downloads/lineages/saccharomycetaceae_odb12/hmms/5749at4893.hmm outputs/busco_output/run_saccharomycetaceae_odb12/miniprot_output/translated_proteins/5749at4893.faa
2026-09-24 16:32:29 DEBUG:busco.busco_tools.Toolset	cmd call: hmmsearch --domtblout outputs/busco_output/run_saccharomycetaceae_odb12/hmmer_output/41078at4893.out --cpu 1 /data/busco_downloads/lineages/saccharomycetaceae_odb12/hmms/41078at4893.hmm outputs/busco_output/run_saccharomycetaceae_odb12/miniprot_output/translated_proteins/41078at4893.faa
2026-09-24 16:32:29 DEBUG:busco.busco_tools.Toolset	cmd call: hmmsearch --domtblout outputs/busco_output/run_saccharomycetaceae_odb12/hmmer_output/4765at4893.out --cpu 1 /data/busco_downloads/lineages/saccharomycetaceae_odb12/hmms/4765at4893.hmm outputs/busco_output/run_saccharomycetaceae_odb12/miniprot_output/translated_proteins/4765at4893.faa
2026-09-24 16:32:29 DEBUG:busco.busco_tools.Toolset	cmd call: hmmsearch --domtblout outputs/busco_output/run_saccharomycetaceae_odb12/hmmer_output/40556at4893.out --cpu 1 /data/busco_downloads/lineages/saccharomycetaceae_odb12/hmms/40556at4893.hmm outputs/busco_output/run_saccharomycetaceae_odb12/miniprot_output/translated_proteins/40556at4893.faa
2026-09-24 16:32:29 DEBUG:busco.busco_tools.Toolset	cmd call: hmmsearch --domtblout outputs/busco_output/run_saccharomycetaceae_odb12/hmmer_output/39946at4893.out --cpu 1 /data/busco_downloads/lineages/saccharomycetaceae_odb12/hmms/39946at4893.hmm outputs/busco_output/run_saccharomycetaceae_odb12/miniprot_output/translated_proteins/39946at4893.faa
2026-09-24 16:32:29 DEBUG:busco.busco_tools.Toolset	cmd call: hmmsearch --domtblout outputs/busco_output/run_saccharomycetaceae_odb12/hmmer_output/691at4893.out --cpu 1 /data/busco_downloads/lineages/saccharomycetaceae_odb12/hmms/691at4893.hmm outputs/busco_output/run_saccharomycetaceae_odb12/miniprot_output/translated_proteins/691at4893.faa
2026-09-24 16:32:29 DEBUG:busco.busco_tools.Toolset	cmd call: hmmsearch --domtblout outputs/busco_output/run_saccharomycetaceae_odb12/hmmer_output/41952at4893.out --cpu 1 /data/busco_downloads/lineages/saccharomycetaceae_odb12/hmms/41952at4893.hmm outputs/busco_output/run_saccharomycetaceae_odb12/miniprot_output/translated_proteins/41952at4893.faa
2026-09-24 16:32:29 DEBUG:busco.busco_tools.Toolset	cmd call: hmmsearch --domtblout outputs/busco_output/run_saccharomycetaceae_odb12/hmmer_output/80at4893.out --cpu 1 /data/busco_downloads/lineages/saccharomycetaceae_odb12/hmms/80at4893.hmm outputs/busco_output/run_saccharomycetaceae_odb12/miniprot_output/translated_proteins/80at4893.faa
2026-09-24 16:32:29 DEBUG:busco.busco_tools.Toolset	cmd call: hmmsearch --domtblout outputs/busco_output/run_saccharomycetaceae_odb12/hmmer_output/41082at4893.out --cpu 1 /data/busco_downloads/lineages/saccharomycetaceae_odb12/hmms/41082at4893.hmm outputs/busco_output/run_saccharomycetaceae_odb12/miniprot_output/translated_proteins/41082at4893.faa
2026-09-24 16:32:29 DEBUG:busco.busco_tools.Toolset	cmd call: hmmsearch --domtblout outputs/busco_output/run_saccharomycetaceae_odb12/hmmer_output/5759at4893.out --cpu 1 /data/busco_downloads/lineages/saccharomycetaceae_odb12/hmms/5759at4893.hmm outputs/busco_output/run_saccharomycetaceae_odb12/miniprot_output/translated_proteins/5759at4893.faa
2026-09-24 16:32:29 DEBUG:busco.busco_tools.Toolset	cmd call: hmmsearch --domtblout outputs/busco_output/run_saccharomycetaceae_odb12/hmmer_output/6927at4893.out --cpu 1 /data/busco_downloads/lineages/saccharomycetaceae_odb12/hmms/6927at4893.hmm outputs/busco_output/run_saccharomycetaceae_odb12/miniprot_output/translated_proteins/6927at4893.faa
2026-09-24 16:32:29 DEBUG:busco.busco_tools.Toolset	cmd call: hmmsearch --domtblout outputs/busco_output/run_saccharomycetaceae_odb12/hmmer_output/40568at4893.out --cpu 1 /data/busco_downloads/lineages/saccharomycetaceae_odb12/hmms/40568at4893.hmm outputs/busco_output/run_saccharomycetaceae_odb12/miniprot_output/translated_proteins/40568at4893.faa
2026-09-24 16:32:30 DEBUG:busco.busco_tools.Toolset	cmd call: hmmsearch --domtblout outputs/busco_output/run_saccharomycetaceae_odb12/hmmer_output/41962at4893.out --cpu 1 /data/busco_downloads/lineages/saccharomycetaceae_odb12/hmms/41962at4893.hmm outputs/busco_output/run_saccharomycetaceae_odb12/miniprot_output/translated_proteins/41962at4893.faa
2026-09-24 16:32:30 DEBUG:busco.busco_tools.Toolset	cmd call: hmmsearch --domtblout outputs/busco_output/run_saccharomycetaceae_odb12/hmmer_output/8119at4893.out --cpu 1 /data/busco_downloads/lineages/saccharomycetaceae_odb12/hmms/8119at4893.hmm outputs/busco_output/run_saccharomycetaceae_odb12/miniprot_output/translated_proteins/8119at4893.faa
2026-09-24 16:32:30 DEBUG:busco.busco_tools.Toolset	cmd call: hmmsearch --domtblout outputs/busco_output/run_saccharomycetaceae_odb12/hmmer_output/4778at4893.out --cpu 1 /data/busco_downloads/lineages/saccharomycetaceae_odb12/hmms/4778at4893.hmm outputs/busco_output/run_saccharomycetaceae_odb12/miniprot_output/translated_proteins/4778at4893.faa
2026-09-24 16:32:30 DEBUG:busco.busco_tools.Toolset	cmd call: hmmsearch --domtblout outputs/busco_output/run_saccharomycetaceae_odb12/hmmer_output/41096at4893.out --cpu 1 /data/busco_downloads/lineages/saccharomycetaceae_odb12/hmms/41096at4893.hmm outputs/busco_output/run_saccharomycetaceae_odb12/miniprot_output/translated_proteins/41096at4893.faa
2026-09-24 16:32:30 DEBUG:busco.busco_tools.Toolset	cmd call: hmmsearch --domtblout outputs/busco_output/run_saccharomycetaceae_odb12/hmmer_output/39949at4893.out --cpu 1 /data/busco_downloads/lineages/saccharomycetaceae_odb12/hmms/39949at4893.hmm outputs/busco_output/run_saccharomycetaceae_odb12/miniprot_output/translated_proteins/39949at4893.faa
2026-09-24 16:32:30 DEBUG:busco.busco_tools.Toolset	cmd call: hmmsearch --domtblout outputs/busco_output/run_saccharomycetaceae_odb12/hmmer_output/40569at4893.out --cpu 1 /data/busco_downloads/lineages/saccharomycetaceae_odb12/hmms/40569at4893.hmm outputs/busco_output/run_saccharomycetaceae_odb12/miniprot_output/translated_proteins/40569at4893.faa
2026-09-24 16:32:30 DEBUG:busco.busco_tools.Toolset	cmd call: hmmsearch --domtblout outputs/busco_output/run_saccharomycetaceae_odb12/hmmer_output/5780at4893.out --cpu 1 /data/busco_downloads/lineages/saccharomycetaceae_odb12/hmms/5780at4893.hmm outputs/busco_output/run_saccharomycetaceae_odb12/miniprot_output/translated_proteins/5780at4893.faa
2026-09-24 16:32:30 DEBUG:busco.busco_tools.Toolset	cmd call: hmmsearch --domtblout outputs/busco_output/run_saccharomycetaceae_odb12/hmmer_output/8135at4893.out --cpu 1 /data/busco_downloads/lineages/saccharomycetaceae_odb12/hmms/8135at4893.hmm outputs/busco_output/run_saccharomycetaceae_odb12/miniprot_output/translated_proteins/8135at4893.faa
2026-09-24 16:32:30 DEBUG:busco.busco_tools.Toolset	cmd call: hmmsearch --domtblout outputs/busco_output/run_saccharomycetaceae_odb12/hmmer_output/6941at4893.out --cpu 1 /data/busco_downloads/lineages/saccharomycetaceae_odb12/hmms/6941at4893.hmm outputs/busco_output/run_saccharomycetaceae_odb12/miniprot_output/translated_proteins/6941at4893.faa
2026-09-24 16:32:30 DEBUG:busco.busco_tools.Toolset	cmd call: hmmsearch --domtblout outputs/busco_output/run_saccharomycetaceae_odb12/hmmer_output/4783at4893.out --cpu 1 /data/busco_downloads/lineages/saccharomycetaceae_odb12/hmms/4783at4893.hmm outputs/busco_output/run_saccharomycetaceae_odb12/miniprot_output/translated_proteins/4783at4893.faa
2026-09-24 16:32:30 DEBUG:busco.busco_tools.Toolset	cmd call: hmmsearch --domtblout outputs/busco_output/run_saccharomycetaceae_odb12/hmmer_output/41995at4893.out --cpu 1 /data/busco_downloads/lineages/saccharomycetaceae_odb12/hmms/41995at4893.hmm outputs/busco_output/run_saccharomycetaceae_odb12/miniprot_output/translated_proteins/41995at4893.faa
2026-09-24 16:32:30 DEBUG:busco.busco_tools.Toolset	cmd call: hmmsearch --domtblout outputs/busco_output/run_saccharomycetaceae_odb12/hmmer_output/39954at4893.out --cpu 1 /data/busco_downloads/lineages/saccharomycetaceae_odb12/hmms/39954at4893.hmm outputs/busco_output/run_saccharomycetaceae_odb12/miniprot_output/translated_proteins/39954at4893.faa
2026-09-24 16:32:30 DEBUG:busco.busco_tools.Toolset	cmd call: hmmsearch --domtblout outputs/busco_output/run_saccharomycetaceae_odb12/hmmer_output/8177at4893.out --cpu 1 /data/busco_downloads/lineages/saccharomycetaceae_odb12/hmms/8177at4893.hmm outputs/busco_output/run_saccharomycetaceae_odb12/miniprot_output/translated_proteins/8177at4893.faa
2026-09-24 16:32:30 DEBUG:busco.busco_tools.Toolset	cmd call: hmmsearch --domtblout outputs/busco_output/run_saccharomycetaceae_odb12/hmmer_output/41098at4893.out --cpu 1 /data/busco_downloads/lineages/saccharomycetaceae_odb12/hmms/41098at4893.hmm outputs/busco_output/run_saccharomycetaceae_odb12/miniprot_output/translated_proteins/41098at4893.faa
2026-09-24 16:32:30 DEBUG:busco.busco_tools.Toolset	cmd call: hmmsearch --domtblout outputs/busco_output/run_saccharomycetaceae_odb12/hmmer_output/5794at4893.out --cpu 1 /data/busco_downloads/lineages/saccharomycetaceae_odb12/hmms/5794at4893.hmm outputs/busco_output/run_saccharomycetaceae_odb12/miniprot_output/translated_proteins/5794at4893.faa
2026-09-24 16:32:30 DEBUG:busco.busco_tools.Toolset	cmd call: hmmsearch --domtblout outputs/busco_output/run_saccharomycetaceae_odb12/hmmer_output/40583at4893.out --cpu 1 /data/busco_downloads/lineages/saccharomycetaceae_odb12/hmms/40583at4893.hmm outputs/busco_output/run_saccharomycetaceae_odb12/miniprot_output/translated_proteins/40583at4893.faa
2026-09-24 16:32:30 DEBUG:busco.busco_tools.Toolset	cmd call: hmmsearch --domtblout outputs/busco_output/run_saccharomycetaceae_odb12/hmmer_output/4793at4893.out --cpu 1 /data/busco_downloads/lineages/saccharomycetaceae_odb12/hmms/4793at4893.hmm outputs/busco_output/run_saccharomycetaceae_odb12/miniprot_output/translated_proteins/4793at4893.faa
2026-09-24 16:32:30 DEBUG:busco.busco_tools.Toolset	cmd call: hmmsearch --domtblout outputs/busco_output/run_saccharomycetaceae_odb12/hmmer_output/41999at4893.out --cpu 1 /data/busco_downloads/lineages/saccharomycetaceae_odb12/hmms/41999at4893.hmm outputs/busco_output/run_saccharomycetaceae_odb12/miniprot_output/translated_proteins/41999at4893.faa
2026-09-24 16:32:30 DEBUG:busco.busco_tools.Toolset	cmd call: hmmsearch --domtblout outputs/busco_output/run_saccharomycetaceae_odb12/hmmer_output/6959at4893.out --cpu 1 /data/busco_downloads/lineages/saccharomycetaceae_odb12/hmms/6959at4893.hmm outputs/busco_output/run_saccharomycetaceae_odb12/miniprot_output/translated_proteins/6959at4893.faa
2026-09-24 16:32:30 DEBUG:busco.busco_tools.Toolset	cmd call: hmmsearch --domtblout outputs/busco_output/run_saccharomycetaceae_odb12/hmmer_output/39960at4893.out --cpu 1 /data/busco_downloads/lineages/saccharomycetaceae_odb12/hmms/39960at4893.hmm outputs/busco_output/run_saccharomycetaceae_odb12/miniprot_output/translated_proteins/39960at4893.faa
2026-09-24 16:32:30 DEBUG:busco.busco_tools.Toolset	cmd call: hmmsearch --domtblout outputs/busco_output/run_saccharomycetaceae_odb12/hmmer_output/8188at4893.out --cpu 1 /data/busco_downloads/lineages/saccharomycetaceae_odb12/hmms/8188at4893.hmm outputs/busco_output/run_saccharomycetaceae_odb12/miniprot_output/translated_proteins/8188at4893.faa
2026-09-24 16:32:30 DEBUG:busco.busco_tools.Toolset	cmd call: hmmsearch --domtblout outputs/busco_output/run_saccharomycetaceae_odb12/hmmer_output/5796at4893.out --cpu 1 /data/busco_downloads/lineages/saccharomycetaceae_odb12/hmms/5796at4893.hmm outputs/busco_output/run_saccharomycetaceae_odb12/miniprot_output/translated_proteins/5796at4893.faa
2026-09-24 16:32:30 DEBUG:busco.busco_tools.Toolset	cmd call: hmmsearch --domtblout outputs/busco_output/run_saccharomycetaceae_odb12/hmmer_output/41100at4893.out --cpu 1 /data/busco_downloads/lineages/saccharomycetaceae_odb12/hmms/41100at4893.hmm outputs/busco_output/run_saccharomycetaceae_odb12/miniprot_output/translated_proteins/41100at4893.faa
2026-09-24 16:32:30 DEBUG:busco.busco_tools.Toolset	cmd call: hmmsearch --domtblout outputs/busco_output/run_saccharomycetaceae_odb12/hmmer_output/4804at4893.out --cpu 1 /data/busco_downloads/lineages/saccharomycetaceae_odb12/hmms/4804at4893.hmm outputs/busco_output/run_saccharomycetaceae_odb12/miniprot_output/translated_proteins/4804at4893.faa
2026-09-24 16:32:30 DEBUG:busco.busco_tools.Toolset	cmd call: hmmsearch --domtblout outputs/busco_output/run_saccharomycetaceae_odb12/hmmer_output/40593at4893.out --cpu 1 /data/busco_downloads/lineages/saccharomycetaceae_odb12/hmms/40593at4893.hmm outputs/busco_output/run_saccharomycetaceae_odb12/miniprot_output/translated_proteins/40593at4893.faa
2026-09-24 16:32:30 DEBUG:busco.busco_tools.Toolset	cmd call: hmmsearch --domtblout outputs/busco_output/run_saccharomycetaceae_odb12/hmmer_output/7020at4893.out --cpu 1 /data/busco_downloads/lineages/saccharomycetaceae_odb12/hmms/7020at4893.hmm outputs/busco_output/run_saccharomycetaceae_odb12/miniprot_output/translated_proteins/7020at4893.faa
2026-09-24 16:32:30 DEBUG:busco.busco_tools.Toolset	cmd call: hmmsearch --domtblout outputs/busco_output/run_saccharomycetaceae_odb12/hmmer_output/42034at4893.out --cpu 1 /data/busco_downloads/lineages/saccharomycetaceae_odb12/hmms/42034at4893.hmm outputs/busco_output/run_saccharomycetaceae_odb12/miniprot_output/translated_proteins/42034at4893.faa
2026-09-24 16:32:30 DEBUG:busco.busco_tools.Toolset	cmd call: hmmsearch --domtblout outputs/busco_output/run_saccharomycetaceae_odb12/hmmer_output/41105at4893.out --cpu 1 /data/busco_downloads/lineages/saccharomycetaceae_odb12/hmms/41105at4893.hmm outputs/busco_output/run_saccharomycetaceae_odb12/miniprot_output/translated_proteins/41105at4893.faa
2026-09-24 16:32:30 DEBUG:busco.busco_tools.Toolset	cmd call: hmmsearch --domtblout outputs/busco_output/run_saccharomycetaceae_odb12/hmmer_output/39972at4893.out --cpu 1 /data/busco_downloads/lineages/saccharomycetaceae_odb12/hmms/39972at4893.hmm outputs/busco_output/run_saccharomycetaceae_odb12/miniprot_output/translated_proteins/39972at4893.faa
2026-09-24 16:32:30 DEBUG:busco.busco_tools.Toolset	cmd call: hmmsearch --domtblout outputs/busco_output/run_saccharomycetaceae_odb12/hmmer_output/5803at4893.out --cpu 1 /data/busco_downloads/lineages/saccharomycetaceae_odb12/hmms/5803at4893.hmm outputs/busco_output/run_saccharomycetaceae_odb12/miniprot_output/translated_proteins/5803at4893.faa
2026-09-24 16:32:30 DEBUG:busco.busco_tools.Toolset	cmd call: hmmsearch --domtblout outputs/busco_output/run_saccharomycetaceae_odb12/hmmer_output/8216at4893.out --cpu 1 /data/busco_downloads/lineages/saccharomycetaceae_odb12/hmms/8216at4893.hmm outputs/busco_output/run_saccharomycetaceae_odb12/miniprot_output/translated_proteins/8216at4893.faa
2026-09-24 16:32:30 DEBUG:busco.busco_tools.Toolset	cmd call: hmmsearch --domtblout outputs/busco_output/run_saccharomycetaceae_odb12/hmmer_output/7030at4893.out --cpu 1 /data/busco_downloads/lineages/saccharomycetaceae_odb12/hmms/7030at4893.hmm outputs/busco_output/run_saccharomycetaceae_odb12/miniprot_output/translated_proteins/7030at4893.faa
2026-09-24 16:32:30 DEBUG:busco.busco_tools.Toolset	cmd call: hmmsearch --domtblout outputs/busco_output/run_saccharomycetaceae_odb12/hmmer_output/42039at4893.out --cpu 1 /data/busco_downloads/lineages/saccharomycetaceae_odb12/hmms/42039at4893.hmm outputs/busco_output/run_saccharomycetaceae_odb12/miniprot_output/translated_proteins/42039at4893.faa
2026-09-24 16:32:30 DEBUG:busco.busco_tools.Toolset	cmd call: hmmsearch --domtblout outputs/busco_output/run_saccharomycetaceae_odb12/hmmer_output/40596at4893.out --cpu 1 /data/busco_downloads/lineages/saccharomycetaceae_odb12/hmms/40596at4893.hmm outputs/busco_output/run_saccharomycetaceae_odb12/miniprot_output/translated_proteins/40596at4893.faa
2026-09-24 16:32:30 DEBUG:busco.busco_tools.Toolset	cmd call: hmmsearch --domtblout outputs/busco_output/run_saccharomycetaceae_odb12/hmmer_output/39985at4893.out --cpu 1 /data/busco_downloads/lineages/saccharomycetaceae_odb12/hmms/39985at4893.hmm outputs/busco_output/run_saccharomycetaceae_odb12/miniprot_output/translated_proteins/39985at4893.faa
2026-09-24 16:32:30 DEBUG:busco.busco_tools.Toolset	cmd call: hmmsearch --domtblout outputs/busco_output/run_saccharomycetaceae_odb12/hmmer_output/8248at4893.out --cpu 1 /data/busco_downloads/lineages/saccharomycetaceae_odb12/hmms/8248at4893.hmm outputs/busco_output/run_saccharomycetaceae_odb12/miniprot_output/translated_proteins/8248at4893.faa
2026-09-24 16:32:30 DEBUG:busco.busco_tools.Toolset	cmd call: hmmsearch --domtblout outputs/busco_output/run_saccharomycetaceae_odb12/hmmer_output/41124at4893.out --cpu 1 /data/busco_downloads/lineages/saccharomycetaceae_odb12/hmms/41124at4893.hmm outputs/busco_output/run_saccharomycetaceae_odb12/miniprot_output/translated_proteins/41124at4893.faa
2026-09-24 16:32:30 DEBUG:busco.busco_tools.Toolset	cmd call: hmmsearch --domtblout outputs/busco_output/run_saccharomycetaceae_odb12/hmmer_output/584at4893.out --cpu 1 /data/busco_downloads/lineages/saccharomycetaceae_odb12/hmms/584at4893.hmm outputs/busco_output/run_saccharomycetaceae_odb12/miniprot_output/translated_proteins/584at4893.faa
2026-09-24 16:32:30 DEBUG:busco.busco_tools.Toolset	cmd call: hmmsearch --domtblout outputs/busco_output/run_saccharomycetaceae_odb12/hmmer_output/7036at4893.out --cpu 1 /data/busco_downloads/lineages/saccharomycetaceae_odb12/hmms/7036at4893.hmm outputs/busco_output/run_saccharomycetaceae_odb12/miniprot_output/translated_proteins/7036at4893.faa
2026-09-24 16:32:30 DEBUG:busco.busco_tools.Toolset	cmd call: hmmsearch --domtblout outputs/busco_output/run_saccharomycetaceae_odb12/hmmer_output/39991at4893.out --cpu 1 /data/busco_downloads/lineages/saccharomycetaceae_odb12/hmms/39991at4893.hmm outputs/busco_output/run_saccharomycetaceae_odb12/miniprot_output/translated_proteins/39991at4893.faa
2026-09-24 16:32:31 DEBUG:busco.busco_tools.Toolset	cmd call: hmmsearch --domtblout outputs/busco_output/run_saccharomycetaceae_odb12/hmmer_output/4059at4893.out --cpu 1 /data/busco_downloads/lineages/saccharomycetaceae_odb12/hmms/4059at4893.hmm outputs/busco_output/run_saccharomycetaceae_odb12/miniprot_output/translated_proteins/4059at4893.faa
2026-09-24 16:32:31 DEBUG:busco.busco_tools.Toolset	cmd call: hmmsearch --domtblout outputs/busco_output/run_saccharomycetaceae_odb12/hmmer_output/4837at4893.out --cpu 1 /data/busco_downloads/lineages/saccharomycetaceae_odb12/hmms/4837at4893.hmm outputs/busco_output/run_saccharomycetaceae_odb12/miniprot_output/translated_proteins/4837at4893.faa
2026-09-24 16:32:31 DEBUG:busco.busco_tools.Toolset	cmd call: hmmsearch --domtblout outputs/busco_output/run_saccharomycetaceae_odb12/hmmer_output/42077at4893.out --cpu 1 /data/busco_downloads/lineages/saccharomycetaceae_odb12/hmms/42077at4893.hmm outputs/busco_output/run_saccharomycetaceae_odb12/miniprot_output/translated_proteins/42077at4893.faa
2026-09-24 16:32:31 DEBUG:busco.busco_tools.Toolset	cmd call: hmmsearch --domtblout outputs/busco_output/run_saccharomycetaceae_odb12/hmmer_output/8298at4893.out --cpu 1 /data/busco_downloads/lineages/saccharomycetaceae_odb12/hmms/8298at4893.hmm outputs/busco_output/run_saccharomycetaceae_odb12/miniprot_output/translated_proteins/8298at4893.faa
2026-09-24 16:32:31 DEBUG:busco.busco_tools.Toolset	cmd call: hmmsearch --domtblout outputs/busco_output/run_saccharomycetaceae_odb12/hmmer_output/5862at4893.out --cpu 1 /data/busco_downloads/lineages/saccharomycetaceae_odb12/hmms/5862at4893.hmm outputs/busco_output/run_saccharomycetaceae_odb12/miniprot_output/translated_proteins/5862at4893.faa
2026-09-24 16:32:31 DEBUG:busco.busco_tools.Toolset	cmd call: hmmsearch --domtblout outputs/busco_output/run_saccharomycetaceae_odb12/hmmer_output/7054at4893.out --cpu 1 /data/busco_downloads/lineages/saccharomycetaceae_odb12/hmms/7054at4893.hmm outputs/busco_output/run_saccharomycetaceae_odb12/miniprot_output/translated_proteins/7054at4893.faa
2026-09-24 16:32:31 DEBUG:busco.busco_tools.Toolset	cmd call: hmmsearch --domtblout outputs/busco_output/run_saccharomycetaceae_odb12/hmmer_output/41139at4893.out --cpu 1 /data/busco_downloads/lineages/saccharomycetaceae_odb12/hmms/41139at4893.hmm outputs/busco_output/run_saccharomycetaceae_odb12/miniprot_output/translated_proteins/41139at4893.faa
2026-09-24 16:32:31 DEBUG:busco.busco_tools.Toolset	cmd call: hmmsearch --domtblout outputs/busco_output/run_saccharomycetaceae_odb12/hmmer_output/4876at4893.out --cpu 1 /data/busco_downloads/lineages/saccharomycetaceae_odb12/hmms/4876at4893.hmm outputs/busco_output/run_saccharomycetaceae_odb12/miniprot_output/translated_proteins/4876at4893.faa
2026-09-24 16:32:31 DEBUG:busco.busco_tools.Toolset	cmd call: hmmsearch --domtblout outputs/busco_output/run_saccharomycetaceae_odb12/hmmer_output/39997at4893.out --cpu 1 /data/busco_downloads/lineages/saccharomycetaceae_odb12/hmms/39997at4893.hmm outputs/busco_output/run_saccharomycetaceae_odb12/miniprot_output/translated_proteins/39997at4893.faa
2026-09-24 16:32:31 DEBUG:busco.busco_tools.Toolset	cmd call: hmmsearch --domtblout outputs/busco_output/run_saccharomycetaceae_odb12/hmmer_output/40601at4893.out --cpu 1 /data/busco_downloads/lineages/saccharomycetaceae_odb12/hmms/40601at4893.hmm outputs/busco_output/run_saccharomycetaceae_odb12/miniprot_output/translated_proteins/40601at4893.faa
2026-09-24 16:32:31 DEBUG:busco.busco_tools.Toolset	cmd call: hmmsearch --domtblout outputs/busco_output/run_saccharomycetaceae_odb12/hmmer_output/8326at4893.out --cpu 1 /data/busco_downloads/lineages/saccharomycetaceae_odb12/hmms/8326at4893.hmm outputs/busco_output/run_saccharomycetaceae_odb12/miniprot_output/translated_proteins/8326at4893.faa
2026-09-24 16:32:31 DEBUG:busco.busco_tools.Toolset	cmd call: hmmsearch --domtblout outputs/busco_output/run_saccharomycetaceae_odb12/hmmer_output/5876at4893.out --cpu 1 /data/busco_downloads/lineages/saccharomycetaceae_odb12/hmms/5876at4893.hmm outputs/busco_output/run_saccharomycetaceae_odb12/miniprot_output/translated_proteins/5876at4893.faa
2026-09-24 16:32:31 DEBUG:busco.busco_tools.Toolset	cmd call: hmmsearch --domtblout outputs/busco_output/run_saccharomycetaceae_odb12/hmmer_output/42081at4893.out --cpu 1 /data/busco_downloads/lineages/saccharomycetaceae_odb12/hmms/42081at4893.hmm outputs/busco_output/run_saccharomycetaceae_odb12/miniprot_output/translated_proteins/42081at4893.faa
2026-09-24 16:32:31 DEBUG:busco.busco_tools.Toolset	cmd call: hmmsearch --domtblout outputs/busco_output/run_saccharomycetaceae_odb12/hmmer_output/7074at4893.out --cpu 1 /data/busco_downloads/lineages/saccharomycetaceae_odb12/hmms/7074at4893.hmm outputs/busco_output/run_saccharomycetaceae_odb12/miniprot_output/translated_proteins/7074at4893.faa
2026-09-24 16:32:31 DEBUG:busco.busco_tools.Toolset	cmd call: hmmsearch --domtblout outputs/busco_output/run_saccharomycetaceae_odb12/hmmer_output/39at4893.out --cpu 1 /data/busco_downloads/lineages/saccharomycetaceae_odb12/hmms/39at4893.hmm outputs/busco_output/run_saccharomycetaceae_odb12/miniprot_output/translated_proteins/39at4893.faa
2026-09-24 16:32:31 DEBUG:busco.busco_tools.Toolset	cmd call: hmmsearch --domtblout outputs/busco_output/run_saccharomycetaceae_odb12/hmmer_output/41145at4893.out --cpu 1 /data/busco_downloads/lineages/saccharomycetaceae_odb12/hmms/41145at4893.hmm outputs/busco_output/run_saccharomycetaceae_odb12/miniprot_output/translated_proteins/41145at4893.faa
2026-09-24 16:32:31 DEBUG:busco.busco_tools.Toolset	cmd call: hmmsearch --domtblout outputs/busco_output/run_saccharomycetaceae_odb12/hmmer_output/40602at4893.out --cpu 1 /data/busco_downloads/lineages/saccharomycetaceae_odb12/hmms/40602at4893.hmm outputs/busco_output/run_saccharomycetaceae_odb12/miniprot_output/translated_proteins/40602at4893.faa
2026-09-24 16:32:31 DEBUG:busco.busco_tools.Toolset	cmd call: hmmsearch --domtblout outputs/busco_output/run_saccharomycetaceae_odb12/hmmer_output/8336at4893.out --cpu 1 /data/busco_downloads/lineages/saccharomycetaceae_odb12/hmms/8336at4893.hmm outputs/busco_output/run_saccharomycetaceae_odb12/miniprot_output/translated_proteins/8336at4893.faa
2026-09-24 16:32:31 DEBUG:busco.busco_tools.Toolset	cmd call: hmmsearch --domtblout outputs/busco_output/run_saccharomycetaceae_odb12/hmmer_output/4915at4893.out --cpu 1 /data/busco_downloads/lineages/saccharomycetaceae_odb12/hmms/4915at4893.hmm outputs/busco_output/run_saccharomycetaceae_odb12/miniprot_output/translated_proteins/4915at4893.faa
2026-09-24 16:32:31 DEBUG:busco.busco_tools.Toolset	cmd call: hmmsearch --domtblout outputs/busco_output/run_saccharomycetaceae_odb12/hmmer_output/5891at4893.out --cpu 1 /data/busco_downloads/lineages/saccharomycetaceae_odb12/hmms/5891at4893.hmm outputs/busco_output/run_saccharomycetaceae_odb12/miniprot_output/translated_proteins/5891at4893.faa
2026-09-24 16:32:31 DEBUG:busco.busco_tools.Toolset	cmd call: hmmsearch --domtblout outputs/busco_output/run_saccharomycetaceae_odb12/hmmer_output/42087at4893.out --cpu 1 /data/busco_downloads/lineages/saccharomycetaceae_odb12/hmms/42087at4893.hmm outputs/busco_output/run_saccharomycetaceae_odb12/miniprot_output/translated_proteins/42087at4893.faa
2026-09-24 16:32:31 DEBUG:busco.busco_tools.Toolset	cmd call: hmmsearch --domtblout outputs/busco_output/run_saccharomycetaceae_odb12/hmmer_output/40003at4893.out --cpu 1 /data/busco_downloads/lineages/saccharomycetaceae_odb12/hmms/40003at4893.hmm outputs/busco_output/run_saccharomycetaceae_odb12/miniprot_output/translated_proteins/40003at4893.faa
2026-09-24 16:32:31 DEBUG:busco.busco_tools.Toolset	cmd call: hmmsearch --domtblout outputs/busco_output/run_saccharomycetaceae_odb12/hmmer_output/708at4893.out --cpu 1 /data/busco_downloads/lineages/saccharomycetaceae_odb12/hmms/708at4893.hmm outputs/busco_output/run_saccharomycetaceae_odb12/miniprot_output/translated_proteins/708at4893.faa
2026-09-24 16:32:31 DEBUG:busco.busco_tools.Toolset	cmd call: hmmsearch --domtblout outputs/busco_output/run_saccharomycetaceae_odb12/hmmer_output/41158at4893.out --cpu 1 /data/busco_downloads/lineages/saccharomycetaceae_odb12/hmms/41158at4893.hmm outputs/busco_output/run_saccharomycetaceae_odb12/miniprot_output/translated_proteins/41158at4893.faa
2026-09-24 16:32:31 DEBUG:busco.busco_tools.Toolset	cmd call: hmmsearch --domtblout outputs/busco_output/run_saccharomycetaceae_odb12/hmmer_output/8358at4893.out --cpu 1 /data/busco_downloads/lineages/saccharomycetaceae_odb12/hmms/8358at4893.hmm outputs/busco_output/run_saccharomycetaceae_odb12/miniprot_output/translated_proteins/8358at4893.faa
2026-09-24 16:32:31 DEBUG:busco.busco_tools.Toolset	cmd call: hmmsearch --domtblout outputs/busco_output/run_saccharomycetaceae_odb12/hmmer_output/40648at4893.out --cpu 1 /data/busco_downloads/lineages/saccharomycetaceae_odb12/hmms/40648at4893.hmm outputs/busco_output/run_saccharomycetaceae_odb12/miniprot_output/translated_proteins/40648at4893.faa
2026-09-24 16:32:31 DEBUG:busco.busco_tools.Toolset	cmd call: hmmsearch --domtblout outputs/busco_output/run_saccharomycetaceae_odb12/hmmer_output/4921at4893.out --cpu 1 /data/busco_downloads/lineages/saccharomycetaceae_odb12/hmms/4921at4893.hmm outputs/busco_output/run_saccharomycetaceae_odb12/miniprot_output/translated_proteins/4921at4893.faa
2026-09-24 16:32:31 DEBUG:busco.busco_tools.Toolset	cmd call: hmmsearch --domtblout outputs/busco_output/run_saccharomycetaceae_odb12/hmmer_output/5896at4893.out --cpu 1 /data/busco_downloads/lineages/saccharomycetaceae_odb12/hmms/5896at4893.hmm outputs/busco_output/run_saccharomycetaceae_odb12/miniprot_output/translated_proteins/5896at4893.faa
2026-09-24 16:32:31 DEBUG:busco.busco_tools.Toolset	cmd call: hmmsearch --domtblout outputs/busco_output/run_saccharomycetaceae_odb12/hmmer_output/4115at4893.out --cpu 1 /data/busco_downloads/lineages/saccharomycetaceae_odb12/hmms/4115at4893.hmm outputs/busco_output/run_saccharomycetaceae_odb12/miniprot_output/translated_proteins/4115at4893.faa
2026-09-24 16:32:31 DEBUG:busco.busco_tools.Toolset	cmd call: hmmsearch --domtblout outputs/busco_output/run_saccharomycetaceae_odb12/hmmer_output/42093at4893.out --cpu 1 /data/busco_downloads/lineages/saccharomycetaceae_odb12/hmms/42093at4893.hmm outputs/busco_output/run_saccharomycetaceae_odb12/miniprot_output/translated_proteins/42093at4893.faa
2026-09-24 16:32:31 DEBUG:busco.busco_tools.Toolset	cmd call: hmmsearch --domtblout outputs/busco_output/run_saccharomycetaceae_odb12/hmmer_output/7117at4893.out --cpu 1 /data/busco_downloads/lineages/saccharomycetaceae_odb12/hmms/7117at4893.hmm outputs/busco_output/run_saccharomycetaceae_odb12/miniprot_output/translated_proteins/7117at4893.faa
2026-09-24 16:32:31 DEBUG:busco.busco_tools.Toolset	cmd call: hmmsearch --domtblout outputs/busco_output/run_saccharomycetaceae_odb12/hmmer_output/8565at4893.out --cpu 1 /data/busco_downloads/lineages/saccharomycetaceae_odb12/hmms/8565at4893.hmm outputs/busco_output/run_saccharomycetaceae_odb12/miniprot_output/translated_proteins/8565at4893.faa
2026-09-24 16:32:31 DEBUG:busco.busco_tools.Toolset	cmd call: hmmsearch --domtblout outputs/busco_output/run_saccharomycetaceae_odb12/hmmer_output/4922at4893.out --cpu 1 /data/busco_downloads/lineages/saccharomycetaceae_odb12/hmms/4922at4893.hmm outputs/busco_output/run_saccharomycetaceae_odb12/miniprot_output/translated_proteins/4922at4893.faa
2026-09-24 16:32:31 DEBUG:busco.busco_tools.Toolset	cmd call: hmmsearch --domtblout outputs/busco_output/run_saccharomycetaceae_odb12/hmmer_output/40013at4893.out --cpu 1 /data/busco_downloads/lineages/saccharomycetaceae_odb12/hmms/40013at4893.hmm outputs/busco_output/run_saccharomycetaceae_odb12/miniprot_output/translated_proteins/40013at4893.faa
2026-09-24 16:32:31 DEBUG:busco.busco_tools.Toolset	cmd call: hmmsearch --domtblout outputs/busco_output/run_saccharomycetaceae_odb12/hmmer_output/5918at4893.out --cpu 1 /data/busco_downloads/lineages/saccharomycetaceae_odb12/hmms/5918at4893.hmm outputs/busco_output/run_saccharomycetaceae_odb12/miniprot_output/translated_proteins/5918at4893.faa
2026-09-24 16:32:31 DEBUG:busco.busco_tools.Toolset	cmd call: hmmsearch --domtblout outputs/busco_output/run_saccharomycetaceae_odb12/hmmer_output/40654at4893.out --cpu 1 /data/busco_downloads/lineages/saccharomycetaceae_odb12/hmms/40654at4893.hmm outputs/busco_output/run_saccharomycetaceae_odb12/miniprot_output/translated_proteins/40654at4893.faa
2026-09-24 16:32:31 DEBUG:busco.busco_tools.Toolset	cmd call: hmmsearch --domtblout outputs/busco_output/run_saccharomycetaceae_odb12/hmmer_output/41161at4893.out --cpu 1 /data/busco_downloads/lineages/saccharomycetaceae_odb12/hmms/41161at4893.hmm outputs/busco_output/run_saccharomycetaceae_odb12/miniprot_output/translated_proteins/41161at4893.faa
2026-09-24 16:32:31 DEBUG:busco.busco_tools.Toolset	cmd call: hmmsearch --domtblout outputs/busco_output/run_saccharomycetaceae_odb12/hmmer_output/42101at4893.out --cpu 1 /data/busco_downloads/lineages/saccharomycetaceae_odb12/hmms/42101at4893.hmm outputs/busco_output/run_saccharomycetaceae_odb12/miniprot_output/translated_proteins/42101at4893.faa
2026-09-24 16:32:31 DEBUG:busco.busco_tools.Toolset	cmd call: hmmsearch --domtblout outputs/busco_output/run_saccharomycetaceae_odb12/hmmer_output/85at4893.out --cpu 1 /data/busco_downloads/lineages/saccharomycetaceae_odb12/hmms/85at4893.hmm outputs/busco_output/run_saccharomycetaceae_odb12/miniprot_output/translated_proteins/85at4893.faa
2026-09-24 16:32:31 DEBUG:busco.busco_tools.Toolset	cmd call: hmmsearch --domtblout outputs/busco_output/run_saccharomycetaceae_odb12/hmmer_output/7141at4893.out --cpu 1 /data/busco_downloads/lineages/saccharomycetaceae_odb12/hmms/7141at4893.hmm outputs/busco_output/run_saccharomycetaceae_odb12/miniprot_output/translated_proteins/7141at4893.faa
2026-09-24 16:32:31 DEBUG:busco.busco_tools.Toolset	cmd call: hmmsearch --domtblout outputs/busco_output/run_saccharomycetaceae_odb12/hmmer_output/4954at4893.out --cpu 1 /data/busco_downloads/lineages/saccharomycetaceae_odb12/hmms/4954at4893.hmm outputs/busco_output/run_saccharomycetaceae_odb12/miniprot_output/translated_proteins/4954at4893.faa
2026-09-24 16:32:31 DEBUG:busco.busco_tools.Toolset	cmd call: hmmsearch --domtblout outputs/busco_output/run_saccharomycetaceae_odb12/hmmer_output/40041at4893.out --cpu 1 /data/busco_downloads/lineages/saccharomycetaceae_odb12/hmms/40041at4893.hmm outputs/busco_output/run_saccharomycetaceae_odb12/miniprot_output/translated_proteins/40041at4893.faa
2026-09-24 16:32:32 DEBUG:busco.busco_tools.Toolset	cmd call: hmmsearch --domtblout outputs/busco_output/run_saccharomycetaceae_odb12/hmmer_output/40661at4893.out --cpu 1 /data/busco_downloads/lineages/saccharomycetaceae_odb12/hmms/40661at4893.hmm outputs/busco_output/run_saccharomycetaceae_odb12/miniprot_output/translated_proteins/40661at4893.faa
2026-09-24 16:32:32 DEBUG:busco.busco_tools.Toolset	cmd call: hmmsearch --domtblout outputs/busco_output/run_saccharomycetaceae_odb12/hmmer_output/41177at4893.out --cpu 1 /data/busco_downloads/lineages/saccharomycetaceae_odb12/hmms/41177at4893.hmm outputs/busco_output/run_saccharomycetaceae_odb12/miniprot_output/translated_proteins/41177at4893.faa
2026-09-24 16:32:32 DEBUG:busco.busco_tools.Toolset	cmd call: hmmsearch --domtblout outputs/busco_output/run_saccharomycetaceae_odb12/hmmer_output/42109at4893.out --cpu 1 /data/busco_downloads/lineages/saccharomycetaceae_odb12/hmms/42109at4893.hmm outputs/busco_output/run_saccharomycetaceae_odb12/miniprot_output/translated_proteins/42109at4893.faa
2026-09-24 16:32:32 DEBUG:busco.busco_tools.Toolset	cmd call: hmmsearch --domtblout outputs/busco_output/run_saccharomycetaceae_odb12/hmmer_output/5920at4893.out --cpu 1 /data/busco_downloads/lineages/saccharomycetaceae_odb12/hmms/5920at4893.hmm outputs/busco_output/run_saccharomycetaceae_odb12/miniprot_output/translated_proteins/5920at4893.faa
2026-09-24 16:32:32 DEBUG:busco.busco_tools.Toolset	cmd call: hmmsearch --domtblout outputs/busco_output/run_saccharomycetaceae_odb12/hmmer_output/40059at4893.out --cpu 1 /data/busco_downloads/lineages/saccharomycetaceae_odb12/hmms/40059at4893.hmm outputs/busco_output/run_saccharomycetaceae_odb12/miniprot_output/translated_proteins/40059at4893.faa
2026-09-24 16:32:32 DEBUG:busco.busco_tools.Toolset	cmd call: hmmsearch --domtblout outputs/busco_output/run_saccharomycetaceae_odb12/hmmer_output/7146at4893.out --cpu 1 /data/busco_downloads/lineages/saccharomycetaceae_odb12/hmms/7146at4893.hmm outputs/busco_output/run_saccharomycetaceae_odb12/miniprot_output/translated_proteins/7146at4893.faa
2026-09-24 16:32:32 DEBUG:busco.busco_tools.Toolset	cmd call: hmmsearch --domtblout outputs/busco_output/run_saccharomycetaceae_odb12/hmmer_output/8624at4893.out --cpu 1 /data/busco_downloads/lineages/saccharomycetaceae_odb12/hmms/8624at4893.hmm outputs/busco_output/run_saccharomycetaceae_odb12/miniprot_output/translated_proteins/8624at4893.faa
2026-09-24 16:32:32 DEBUG:busco.busco_tools.Toolset	cmd call: hmmsearch --domtblout outputs/busco_output/run_saccharomycetaceae_odb12/hmmer_output/4957at4893.out --cpu 1 /data/busco_downloads/lineages/saccharomycetaceae_odb12/hmms/4957at4893.hmm outputs/busco_output/run_saccharomycetaceae_odb12/miniprot_output/translated_proteins/4957at4893.faa
2026-09-24 16:32:32 DEBUG:busco.busco_tools.Toolset	cmd call: hmmsearch --domtblout outputs/busco_output/run_saccharomycetaceae_odb12/hmmer_output/40664at4893.out --cpu 1 /data/busco_downloads/lineages/saccharomycetaceae_odb12/hmms/40664at4893.hmm outputs/busco_output/run_saccharomycetaceae_odb12/miniprot_output/translated_proteins/40664at4893.faa
2026-09-24 16:32:32 DEBUG:busco.busco_tools.Toolset	cmd call: hmmsearch --domtblout outputs/busco_output/run_saccharomycetaceae_odb12/hmmer_output/41199at4893.out --cpu 1 /data/busco_downloads/lineages/saccharomycetaceae_odb12/hmms/41199at4893.hmm outputs/busco_output/run_saccharomycetaceae_odb12/miniprot_output/translated_proteins/41199at4893.faa
2026-09-24 16:32:32 DEBUG:busco.busco_tools.Toolset	cmd call: hmmsearch --domtblout outputs/busco_output/run_saccharomycetaceae_odb12/hmmer_output/7219at4893.out --cpu 1 /data/busco_downloads/lineages/saccharomycetaceae_odb12/hmms/7219at4893.hmm outputs/busco_output/run_saccharomycetaceae_odb12/miniprot_output/translated_proteins/7219at4893.faa
2026-09-24 16:32:32 DEBUG:busco.busco_tools.Toolset	cmd call: hmmsearch --domtblout outputs/busco_output/run_saccharomycetaceae_odb12/hmmer_output/42121at4893.out --cpu 1 /data/busco_downloads/lineages/saccharomycetaceae_odb12/hmms/42121at4893.hmm outputs/busco_output/run_saccharomycetaceae_odb12/miniprot_output/translated_proteins/42121at4893.faa
2026-09-24 16:32:32 DEBUG:busco.busco_tools.Toolset	cmd call: hmmsearch --domtblout outputs/busco_output/run_saccharomycetaceae_odb12/hmmer_output/86at4893.out --cpu 1 /data/busco_downloads/lineages/saccharomycetaceae_odb12/hmms/86at4893.hmm outputs/busco_output/run_saccharomycetaceae_odb12/miniprot_output/translated_proteins/86at4893.faa
2026-09-24 16:32:32 DEBUG:busco.busco_tools.Toolset	cmd call: hmmsearch --domtblout outputs/busco_output/run_saccharomycetaceae_odb12/hmmer_output/4975at4893.out --cpu 1 /data/busco_downloads/lineages/saccharomycetaceae_odb12/hmms/4975at4893.hmm outputs/busco_output/run_saccharomycetaceae_odb12/miniprot_output/translated_proteins/4975at4893.faa
2026-09-24 16:32:32 DEBUG:busco.busco_tools.Toolset	cmd call: hmmsearch --domtblout outputs/busco_output/run_saccharomycetaceae_odb12/hmmer_output/6015at4893.out --cpu 1 /data/busco_downloads/lineages/saccharomycetaceae_odb12/hmms/6015at4893.hmm outputs/busco_output/run_saccharomycetaceae_odb12/miniprot_output/translated_proteins/6015at4893.faa
2026-09-24 16:32:32 DEBUG:busco.busco_tools.Toolset	cmd call: hmmsearch --domtblout outputs/busco_output/run_saccharomycetaceae_odb12/hmmer_output/40665at4893.out --cpu 1 /data/busco_downloads/lineages/saccharomycetaceae_odb12/hmms/40665at4893.hmm outputs/busco_output/run_saccharomycetaceae_odb12/miniprot_output/translated_proteins/40665at4893.faa
2026-09-24 16:32:32 DEBUG:busco.busco_tools.Toolset	cmd call: hmmsearch --domtblout outputs/busco_output/run_saccharomycetaceae_odb12/hmmer_output/40066at4893.out --cpu 1 /data/busco_downloads/lineages/saccharomycetaceae_odb12/hmms/40066at4893.hmm outputs/busco_output/run_saccharomycetaceae_odb12/miniprot_output/translated_proteins/40066at4893.faa
2026-09-24 16:32:32 DEBUG:busco.busco_tools.Toolset	cmd call: hmmsearch --domtblout outputs/busco_output/run_saccharomycetaceae_odb12/hmmer_output/41217at4893.out --cpu 1 /data/busco_downloads/lineages/saccharomycetaceae_odb12/hmms/41217at4893.hmm outputs/busco_output/run_saccharomycetaceae_odb12/miniprot_output/translated_proteins/41217at4893.faa
2026-09-24 16:32:32 DEBUG:busco.busco_tools.Toolset	cmd call: hmmsearch --domtblout outputs/busco_output/run_saccharomycetaceae_odb12/hmmer_output/7228at4893.out --cpu 1 /data/busco_downloads/lineages/saccharomycetaceae_odb12/hmms/7228at4893.hmm outputs/busco_output/run_saccharomycetaceae_odb12/miniprot_output/translated_proteins/7228at4893.faa
2026-09-24 16:32:32 DEBUG:busco.busco_tools.Toolset	cmd call: hmmsearch --domtblout outputs/busco_output/run_saccharomycetaceae_odb12/hmmer_output/6035at4893.out --cpu 1 /data/busco_downloads/lineages/saccharomycetaceae_odb12/hmms/6035at4893.hmm outputs/busco_output/run_saccharomycetaceae_odb12/miniprot_output/translated_proteins/6035at4893.faa
2026-09-24 16:32:32 DEBUG:busco.busco_tools.Toolset	cmd call: hmmsearch --domtblout outputs/busco_output/run_saccharomycetaceae_odb12/hmmer_output/8758at4893.out --cpu 1 /data/busco_downloads/lineages/saccharomycetaceae_odb12/hmms/8758at4893.hmm outputs/busco_output/run_saccharomycetaceae_odb12/miniprot_output/translated_proteins/8758at4893.faa
2026-09-24 16:32:32 DEBUG:busco.busco_tools.Toolset	cmd call: hmmsearch --domtblout outputs/busco_output/run_saccharomycetaceae_odb12/hmmer_output/42122at4893.out --cpu 1 /data/busco_downloads/lineages/saccharomycetaceae_odb12/hmms/42122at4893.hmm outputs/busco_output/run_saccharomycetaceae_odb12/miniprot_output/translated_proteins/42122at4893.faa
2026-09-24 16:32:32 DEBUG:busco.busco_tools.Toolset	cmd call: hmmsearch --domtblout outputs/busco_output/run_saccharomycetaceae_odb12/hmmer_output/40668at4893.out --cpu 1 /data/busco_downloads/lineages/saccharomycetaceae_odb12/hmms/40668at4893.hmm outputs/busco_output/run_saccharomycetaceae_odb12/miniprot_output/translated_proteins/40668at4893.faa
2026-09-24 16:32:32 DEBUG:busco.busco_tools.Toolset	cmd call: hmmsearch --domtblout outputs/busco_output/run_saccharomycetaceae_odb12/hmmer_output/7233at4893.out --cpu 1 /data/busco_downloads/lineages/saccharomycetaceae_odb12/hmms/7233at4893.hmm outputs/busco_output/run_saccharomycetaceae_odb12/miniprot_output/translated_proteins/7233at4893.faa
2026-09-24 16:32:32 DEBUG:busco.busco_tools.Toolset	cmd call: hmmsearch --domtblout outputs/busco_output/run_saccharomycetaceae_odb12/hmmer_output/4980at4893.out --cpu 1 /data/busco_downloads/lineages/saccharomycetaceae_odb12/hmms/4980at4893.hmm outputs/busco_output/run_saccharomycetaceae_odb12/miniprot_output/translated_proteins/4980at4893.faa
2026-09-24 16:32:32 DEBUG:busco.busco_tools.Toolset	cmd call: hmmsearch --domtblout outputs/busco_output/run_saccharomycetaceae_odb12/hmmer_output/40071at4893.out --cpu 1 /data/busco_downloads/lineages/saccharomycetaceae_odb12/hmms/40071at4893.hmm outputs/busco_output/run_saccharomycetaceae_odb12/miniprot_output/translated_proteins/40071at4893.faa
2026-09-24 16:32:32 DEBUG:busco.busco_tools.Toolset	cmd call: hmmsearch --domtblout outputs/busco_output/run_saccharomycetaceae_odb12/hmmer_output/8842at4893.out --cpu 1 /data/busco_downloads/lineages/saccharomycetaceae_odb12/hmms/8842at4893.hmm outputs/busco_output/run_saccharomycetaceae_odb12/miniprot_output/translated_proteins/8842at4893.faa
2026-09-24 16:32:32 DEBUG:busco.busco_tools.Toolset	cmd call: hmmsearch --domtblout outputs/busco_output/run_saccharomycetaceae_odb12/hmmer_output/6061at4893.out --cpu 1 /data/busco_downloads/lineages/saccharomycetaceae_odb12/hmms/6061at4893.hmm outputs/busco_output/run_saccharomycetaceae_odb12/miniprot_output/translated_proteins/6061at4893.faa
2026-09-24 16:32:32 DEBUG:busco.busco_tools.Toolset	cmd call: hmmsearch --domtblout outputs/busco_output/run_saccharomycetaceae_odb12/hmmer_output/41221at4893.out --cpu 1 /data/busco_downloads/lineages/saccharomycetaceae_odb12/hmms/41221at4893.hmm outputs/busco_output/run_saccharomycetaceae_odb12/miniprot_output/translated_proteins/41221at4893.faa
2026-09-24 16:32:32 DEBUG:busco.busco_tools.Toolset	cmd call: hmmsearch --domtblout outputs/busco_output/run_saccharomycetaceae_odb12/hmmer_output/42124at4893.out --cpu 1 /data/busco_downloads/lineages/saccharomycetaceae_odb12/hmms/42124at4893.hmm outputs/busco_output/run_saccharomycetaceae_odb12/miniprot_output/translated_proteins/42124at4893.faa
2026-09-24 16:32:32 DEBUG:busco.busco_tools.Toolset	cmd call: hmmsearch --domtblout outputs/busco_output/run_saccharomycetaceae_odb12/hmmer_output/7241at4893.out --cpu 1 /data/busco_downloads/lineages/saccharomycetaceae_odb12/hmms/7241at4893.hmm outputs/busco_output/run_saccharomycetaceae_odb12/miniprot_output/translated_proteins/7241at4893.faa
2026-09-24 16:32:32 DEBUG:busco.busco_tools.Toolset	cmd call: hmmsearch --domtblout outputs/busco_output/run_saccharomycetaceae_odb12/hmmer_output/40673at4893.out --cpu 1 /data/busco_downloads/lineages/saccharomycetaceae_odb12/hmms/40673at4893.hmm outputs/busco_output/run_saccharomycetaceae_odb12/miniprot_output/translated_proteins/40673at4893.faa
2026-09-24 16:32:32 DEBUG:busco.busco_tools.Toolset	cmd call: hmmsearch --domtblout outputs/busco_output/run_saccharomycetaceae_odb12/hmmer_output/5018at4893.out --cpu 1 /data/busco_downloads/lineages/saccharomycetaceae_odb12/hmms/5018at4893.hmm outputs/busco_output/run_saccharomycetaceae_odb12/miniprot_output/translated_proteins/5018at4893.faa
2026-09-24 16:32:32 DEBUG:busco.busco_tools.Toolset	cmd call: hmmsearch --domtblout outputs/busco_output/run_saccharomycetaceae_odb12/hmmer_output/6084at4893.out --cpu 1 /data/busco_downloads/lineages/saccharomycetaceae_odb12/hmms/6084at4893.hmm outputs/busco_output/run_saccharomycetaceae_odb12/miniprot_output/translated_proteins/6084at4893.faa
2026-09-24 16:32:32 DEBUG:busco.busco_tools.Toolset	cmd call: hmmsearch --domtblout outputs/busco_output/run_saccharomycetaceae_odb12/hmmer_output/41236at4893.out --cpu 1 /data/busco_downloads/lineages/saccharomycetaceae_odb12/hmms/41236at4893.hmm outputs/busco_output/run_saccharomycetaceae_odb12/miniprot_output/translated_proteins/41236at4893.faa
2026-09-24 16:32:32 DEBUG:busco.busco_tools.Toolset	cmd call: hmmsearch --domtblout outputs/busco_output/run_saccharomycetaceae_odb12/hmmer_output/8912at4893.out --cpu 1 /data/busco_downloads/lineages/saccharomycetaceae_odb12/hmms/8912at4893.hmm outputs/busco_output/run_saccharomycetaceae_odb12/miniprot_output/translated_proteins/8912at4893.faa
2026-09-24 16:32:32 DEBUG:busco.busco_tools.Toolset	cmd call: hmmsearch --domtblout outputs/busco_output/run_saccharomycetaceae_odb12/hmmer_output/42135at4893.out --cpu 1 /data/busco_downloads/lineages/saccharomycetaceae_odb12/hmms/42135at4893.hmm outputs/busco_output/run_saccharomycetaceae_odb12/miniprot_output/translated_proteins/42135at4893.faa
2026-09-24 16:32:32 DEBUG:busco.busco_tools.Toolset	cmd call: hmmsearch --domtblout outputs/busco_output/run_saccharomycetaceae_odb12/hmmer_output/40084at4893.out --cpu 1 /data/busco_downloads/lineages/saccharomycetaceae_odb12/hmms/40084at4893.hmm outputs/busco_output/run_saccharomycetaceae_odb12/miniprot_output/translated_proteins/40084at4893.faa
2026-09-24 16:32:32 DEBUG:busco.busco_tools.Toolset	cmd call: hmmsearch --domtblout outputs/busco_output/run_saccharomycetaceae_odb12/hmmer_output/40674at4893.out --cpu 1 /data/busco_downloads/lineages/saccharomycetaceae_odb12/hmms/40674at4893.hmm outputs/busco_output/run_saccharomycetaceae_odb12/miniprot_output/translated_proteins/40674at4893.faa
2026-09-24 16:32:32 DEBUG:busco.busco_tools.Toolset	cmd call: hmmsearch --domtblout outputs/busco_output/run_saccharomycetaceae_odb12/hmmer_output/5022at4893.out --cpu 1 /data/busco_downloads/lineages/saccharomycetaceae_odb12/hmms/5022at4893.hmm outputs/busco_output/run_saccharomycetaceae_odb12/miniprot_output/translated_proteins/5022at4893.faa
2026-09-24 16:32:32 DEBUG:busco.busco_tools.Toolset	cmd call: hmmsearch --domtblout outputs/busco_output/run_saccharomycetaceae_odb12/hmmer_output/7255at4893.out --cpu 1 /data/busco_downloads/lineages/saccharomycetaceae_odb12/hmms/7255at4893.hmm outputs/busco_output/run_saccharomycetaceae_odb12/miniprot_output/translated_proteins/7255at4893.faa
2026-09-24 16:32:32 DEBUG:busco.busco_tools.Toolset	cmd call: hmmsearch --domtblout outputs/busco_output/run_saccharomycetaceae_odb12/hmmer_output/893at4893.out --cpu 1 /data/busco_downloads/lineages/saccharomycetaceae_odb12/hmms/893at4893.hmm outputs/busco_output/run_saccharomycetaceae_odb12/miniprot_output/translated_proteins/893at4893.faa
2026-09-24 16:32:32 DEBUG:busco.busco_tools.Toolset	cmd call: hmmsearch --domtblout outputs/busco_output/run_saccharomycetaceae_odb12/hmmer_output/6097at4893.out --cpu 1 /data/busco_downloads/lineages/saccharomycetaceae_odb12/hmms/6097at4893.hmm outputs/busco_output/run_saccharomycetaceae_odb12/miniprot_output/translated_proteins/6097at4893.faa
2026-09-24 16:32:32 DEBUG:busco.busco_tools.Toolset	cmd call: hmmsearch --domtblout outputs/busco_output/run_saccharomycetaceae_odb12/hmmer_output/41256at4893.out --cpu 1 /data/busco_downloads/lineages/saccharomycetaceae_odb12/hmms/41256at4893.hmm outputs/busco_output/run_saccharomycetaceae_odb12/miniprot_output/translated_proteins/41256at4893.faa
2026-09-24 16:32:33 DEBUG:busco.busco_tools.Toolset	cmd call: hmmsearch --domtblout outputs/busco_output/run_saccharomycetaceae_odb12/hmmer_output/40088at4893.out --cpu 1 /data/busco_downloads/lineages/saccharomycetaceae_odb12/hmms/40088at4893.hmm outputs/busco_output/run_saccharomycetaceae_odb12/miniprot_output/translated_proteins/40088at4893.faa
2026-09-24 16:32:33 DEBUG:busco.busco_tools.Toolset	cmd call: hmmsearch --domtblout outputs/busco_output/run_saccharomycetaceae_odb12/hmmer_output/7330at4893.out --cpu 1 /data/busco_downloads/lineages/saccharomycetaceae_odb12/hmms/7330at4893.hmm outputs/busco_output/run_saccharomycetaceae_odb12/miniprot_output/translated_proteins/7330at4893.faa
2026-09-24 16:32:33 DEBUG:busco.busco_tools.Toolset	cmd call: hmmsearch --domtblout outputs/busco_output/run_saccharomycetaceae_odb12/hmmer_output/42137at4893.out --cpu 1 /data/busco_downloads/lineages/saccharomycetaceae_odb12/hmms/42137at4893.hmm outputs/busco_output/run_saccharomycetaceae_odb12/miniprot_output/translated_proteins/42137at4893.faa
2026-09-24 16:32:33 DEBUG:busco.busco_tools.Toolset	cmd call: hmmsearch --domtblout outputs/busco_output/run_saccharomycetaceae_odb12/hmmer_output/40678at4893.out --cpu 1 /data/busco_downloads/lineages/saccharomycetaceae_odb12/hmms/40678at4893.hmm outputs/busco_output/run_saccharomycetaceae_odb12/miniprot_output/translated_proteins/40678at4893.faa
2026-09-24 16:32:33 DEBUG:busco.busco_tools.Toolset	cmd call: hmmsearch --domtblout outputs/busco_output/run_saccharomycetaceae_odb12/hmmer_output/5033at4893.out --cpu 1 /data/busco_downloads/lineages/saccharomycetaceae_odb12/hmms/5033at4893.hmm outputs/busco_output/run_saccharomycetaceae_odb12/miniprot_output/translated_proteins/5033at4893.faa
2026-09-24 16:32:33 DEBUG:busco.busco_tools.Toolset	cmd call: hmmsearch --domtblout outputs/busco_output/run_saccharomycetaceae_odb12/hmmer_output/8947at4893.out --cpu 1 /data/busco_downloads/lineages/saccharomycetaceae_odb12/hmms/8947at4893.hmm outputs/busco_output/run_saccharomycetaceae_odb12/miniprot_output/translated_proteins/8947at4893.faa
2026-09-24 16:32:33 DEBUG:busco.busco_tools.Toolset	cmd call: hmmsearch --domtblout outputs/busco_output/run_saccharomycetaceae_odb12/hmmer_output/6103at4893.out --cpu 1 /data/busco_downloads/lineages/saccharomycetaceae_odb12/hmms/6103at4893.hmm outputs/busco_output/run_saccharomycetaceae_odb12/miniprot_output/translated_proteins/6103at4893.faa
2026-09-24 16:32:33 DEBUG:busco.busco_tools.Toolset	cmd call: hmmsearch --domtblout outputs/busco_output/run_saccharomycetaceae_odb12/hmmer_output/41264at4893.out --cpu 1 /data/busco_downloads/lineages/saccharomycetaceae_odb12/hmms/41264at4893.hmm outputs/busco_output/run_saccharomycetaceae_odb12/miniprot_output/translated_proteins/41264at4893.faa
2026-09-24 16:32:33 DEBUG:busco.busco_tools.Toolset	cmd call: hmmsearch --domtblout outputs/busco_output/run_saccharomycetaceae_odb12/hmmer_output/40115at4893.out --cpu 1 /data/busco_downloads/lineages/saccharomycetaceae_odb12/hmms/40115at4893.hmm outputs/busco_output/run_saccharomycetaceae_odb12/miniprot_output/translated_proteins/40115at4893.faa
2026-09-24 16:32:33 DEBUG:busco.busco_tools.Toolset	cmd call: hmmsearch --domtblout outputs/busco_output/run_saccharomycetaceae_odb12/hmmer_output/7362at4893.out --cpu 1 /data/busco_downloads/lineages/saccharomycetaceae_odb12/hmms/7362at4893.hmm outputs/busco_output/run_saccharomycetaceae_odb12/miniprot_output/translated_proteins/7362at4893.faa
2026-09-24 16:32:33 DEBUG:busco.busco_tools.Toolset	cmd call: hmmsearch --domtblout outputs/busco_output/run_saccharomycetaceae_odb12/hmmer_output/6126at4893.out --cpu 1 /data/busco_downloads/lineages/saccharomycetaceae_odb12/hmms/6126at4893.hmm outputs/busco_output/run_saccharomycetaceae_odb12/miniprot_output/translated_proteins/6126at4893.faa
2026-09-24 16:32:33 DEBUG:busco.busco_tools.Toolset	cmd call: hmmsearch --domtblout outputs/busco_output/run_saccharomycetaceae_odb12/hmmer_output/5057at4893.out --cpu 1 /data/busco_downloads/lineages/saccharomycetaceae_odb12/hmms/5057at4893.hmm outputs/busco_output/run_saccharomycetaceae_odb12/miniprot_output/translated_proteins/5057at4893.faa
2026-09-24 16:32:33 DEBUG:busco.busco_tools.Toolset	cmd call: hmmsearch --domtblout outputs/busco_output/run_saccharomycetaceae_odb12/hmmer_output/42139at4893.out --cpu 1 /data/busco_downloads/lineages/saccharomycetaceae_odb12/hmms/42139at4893.hmm outputs/busco_output/run_saccharomycetaceae_odb12/miniprot_output/translated_proteins/42139at4893.faa
2026-09-24 16:32:33 DEBUG:busco.busco_tools.Toolset	cmd call: hmmsearch --domtblout outputs/busco_output/run_saccharomycetaceae_odb12/hmmer_output/9052at4893.out --cpu 1 /data/busco_downloads/lineages/saccharomycetaceae_odb12/hmms/9052at4893.hmm outputs/busco_output/run_saccharomycetaceae_odb12/miniprot_output/translated_proteins/9052at4893.faa
2026-09-24 16:32:33 DEBUG:busco.busco_tools.Toolset	cmd call: hmmsearch --domtblout outputs/busco_output/run_saccharomycetaceae_odb12/hmmer_output/41272at4893.out --cpu 1 /data/busco_downloads/lineages/saccharomycetaceae_odb12/hmms/41272at4893.hmm outputs/busco_output/run_saccharomycetaceae_odb12/miniprot_output/translated_proteins/41272at4893.faa
2026-09-24 16:32:33 DEBUG:busco.busco_tools.Toolset	cmd call: hmmsearch --domtblout outputs/busco_output/run_saccharomycetaceae_odb12/hmmer_output/40117at4893.out --cpu 1 /data/busco_downloads/lineages/saccharomycetaceae_odb12/hmms/40117at4893.hmm outputs/busco_output/run_saccharomycetaceae_odb12/miniprot_output/translated_proteins/40117at4893.faa
2026-09-24 16:32:33 DEBUG:busco.busco_tools.Toolset	cmd call: hmmsearch --domtblout outputs/busco_output/run_saccharomycetaceae_odb12/hmmer_output/7370at4893.out --cpu 1 /data/busco_downloads/lineages/saccharomycetaceae_odb12/hmms/7370at4893.hmm outputs/busco_output/run_saccharomycetaceae_odb12/miniprot_output/translated_proteins/7370at4893.faa
2026-09-24 16:32:33 DEBUG:busco.busco_tools.Toolset	cmd call: hmmsearch --domtblout outputs/busco_output/run_saccharomycetaceae_odb12/hmmer_output/5061at4893.out --cpu 1 /data/busco_downloads/lineages/saccharomycetaceae_odb12/hmms/5061at4893.hmm outputs/busco_output/run_saccharomycetaceae_odb12/miniprot_output/translated_proteins/5061at4893.faa
2026-09-24 16:32:33 DEBUG:busco.busco_tools.Toolset	cmd call: hmmsearch --domtblout outputs/busco_output/run_saccharomycetaceae_odb12/hmmer_output/9070at4893.out --cpu 1 /data/busco_downloads/lineages/saccharomycetaceae_odb12/hmms/9070at4893.hmm outputs/busco_output/run_saccharomycetaceae_odb12/miniprot_output/translated_proteins/9070at4893.faa
2026-09-24 16:32:33 DEBUG:busco.busco_tools.Toolset	cmd call: hmmsearch --domtblout outputs/busco_output/run_saccharomycetaceae_odb12/hmmer_output/6128at4893.out --cpu 1 /data/busco_downloads/lineages/saccharomycetaceae_odb12/hmms/6128at4893.hmm outputs/busco_output/run_saccharomycetaceae_odb12/miniprot_output/translated_proteins/6128at4893.faa
2026-09-24 16:32:33 DEBUG:busco.busco_tools.Toolset	cmd call: hmmsearch --domtblout outputs/busco_output/run_saccharomycetaceae_odb12/hmmer_output/42151at4893.out --cpu 1 /data/busco_downloads/lineages/saccharomycetaceae_odb12/hmms/42151at4893.hmm outputs/busco_output/run_saccharomycetaceae_odb12/miniprot_output/translated_proteins/42151at4893.faa
2026-09-24 16:32:33 DEBUG:busco.busco_tools.Toolset	cmd call: hmmsearch --domtblout outputs/busco_output/run_saccharomycetaceae_odb12/hmmer_output/40683at4893.out --cpu 1 /data/busco_downloads/lineages/saccharomycetaceae_odb12/hmms/40683at4893.hmm outputs/busco_output/run_saccharomycetaceae_odb12/miniprot_output/translated_proteins/40683at4893.faa
2026-09-24 16:32:33 DEBUG:busco.busco_tools.Toolset	cmd call: hmmsearch --domtblout outputs/busco_output/run_saccharomycetaceae_odb12/hmmer_output/41274at4893.out --cpu 1 /data/busco_downloads/lineages/saccharomycetaceae_odb12/hmms/41274at4893.hmm outputs/busco_output/run_saccharomycetaceae_odb12/miniprot_output/translated_proteins/41274at4893.faa
2026-09-24 16:32:33 DEBUG:busco.busco_tools.Toolset	cmd call: hmmsearch --domtblout outputs/busco_output/run_saccharomycetaceae_odb12/hmmer_output/7381at4893.out --cpu 1 /data/busco_downloads/lineages/saccharomycetaceae_odb12/hmms/7381at4893.hmm outputs/busco_output/run_saccharomycetaceae_odb12/miniprot_output/translated_proteins/7381at4893.faa
2026-09-24 16:32:33 DEBUG:busco.busco_tools.Toolset	cmd call: hmmsearch --domtblout outputs/busco_output/run_saccharomycetaceae_odb12/hmmer_output/40123at4893.out --cpu 1 /data/busco_downloads/lineages/saccharomycetaceae_odb12/hmms/40123at4893.hmm outputs/busco_output/run_saccharomycetaceae_odb12/miniprot_output/translated_proteins/40123at4893.faa
2026-09-24 16:32:33 DEBUG:busco.busco_tools.Toolset	cmd call: hmmsearch --domtblout outputs/busco_output/run_saccharomycetaceae_odb12/hmmer_output/42162at4893.out --cpu 1 /data/busco_downloads/lineages/saccharomycetaceae_odb12/hmms/42162at4893.hmm outputs/busco_output/run_saccharomycetaceae_odb12/miniprot_output/translated_proteins/42162at4893.faa
2026-09-24 16:32:33 DEBUG:busco.busco_tools.Toolset	cmd call: hmmsearch --domtblout outputs/busco_output/run_saccharomycetaceae_odb12/hmmer_output/5096at4893.out --cpu 1 /data/busco_downloads/lineages/saccharomycetaceae_odb12/hmms/5096at4893.hmm outputs/busco_output/run_saccharomycetaceae_odb12/miniprot_output/translated_proteins/5096at4893.faa
2026-09-24 16:32:33 DEBUG:busco.busco_tools.Toolset	cmd call: hmmsearch --domtblout outputs/busco_output/run_saccharomycetaceae_odb12/hmmer_output/40694at4893.out --cpu 1 /data/busco_downloads/lineages/saccharomycetaceae_odb12/hmms/40694at4893.hmm outputs/busco_output/run_saccharomycetaceae_odb12/miniprot_output/translated_proteins/40694at4893.faa
2026-09-24 16:32:33 DEBUG:busco.busco_tools.Toolset	cmd call: hmmsearch --domtblout outputs/busco_output/run_saccharomycetaceae_odb12/hmmer_output/9093at4893.out --cpu 1 /data/busco_downloads/lineages/saccharomycetaceae_odb12/hmms/9093at4893.hmm outputs/busco_output/run_saccharomycetaceae_odb12/miniprot_output/translated_proteins/9093at4893.faa
2026-09-24 16:32:33 DEBUG:busco.busco_tools.Toolset	cmd call: hmmsearch --domtblout outputs/busco_output/run_saccharomycetaceae_odb12/hmmer_output/6136at4893.out --cpu 1 /data/busco_downloads/lineages/saccharomycetaceae_odb12/hmms/6136at4893.hmm outputs/busco_output/run_saccharomycetaceae_odb12/miniprot_output/translated_proteins/6136at4893.faa
2026-09-24 16:32:33 DEBUG:busco.busco_tools.Toolset	cmd call: hmmsearch --domtblout outputs/busco_output/run_saccharomycetaceae_odb12/hmmer_output/41279at4893.out --cpu 1 /data/busco_downloads/lineages/saccharomycetaceae_odb12/hmms/41279at4893.hmm outputs/busco_output/run_saccharomycetaceae_odb12/miniprot_output/translated_proteins/41279at4893.faa
2026-09-24 16:32:33 DEBUG:busco.busco_tools.Toolset	cmd call: hmmsearch --domtblout outputs/busco_output/run_saccharomycetaceae_odb12/hmmer_output/42167at4893.out --cpu 1 /data/busco_downloads/lineages/saccharomycetaceae_odb12/hmms/42167at4893.hmm outputs/busco_output/run_saccharomycetaceae_odb12/miniprot_output/translated_proteins/42167at4893.faa
2026-09-24 16:32:33 DEBUG:busco.busco_tools.Toolset	cmd call: hmmsearch --domtblout outputs/busco_output/run_saccharomycetaceae_odb12/hmmer_output/40696at4893.out --cpu 1 /data/busco_downloads/lineages/saccharomycetaceae_odb12/hmms/40696at4893.hmm outputs/busco_output/run_saccharomycetaceae_odb12/miniprot_output/translated_proteins/40696at4893.faa
2026-09-24 16:32:33 DEBUG:busco.busco_tools.Toolset	cmd call: hmmsearch --domtblout outputs/busco_output/run_saccharomycetaceae_odb12/hmmer_output/5107at4893.out --cpu 1 /data/busco_downloads/lineages/saccharomycetaceae_odb12/hmms/5107at4893.hmm outputs/busco_output/run_saccharomycetaceae_odb12/miniprot_output/translated_proteins/5107at4893.faa
2026-09-24 16:32:33 DEBUG:busco.busco_tools.Toolset	cmd call: hmmsearch --domtblout outputs/busco_output/run_saccharomycetaceae_odb12/hmmer_output/9142at4893.out --cpu 1 /data/busco_downloads/lineages/saccharomycetaceae_odb12/hmms/9142at4893.hmm outputs/busco_output/run_saccharomycetaceae_odb12/miniprot_output/translated_proteins/9142at4893.faa
2026-09-24 16:32:33 DEBUG:busco.busco_tools.Toolset	cmd call: hmmsearch --domtblout outputs/busco_output/run_saccharomycetaceae_odb12/hmmer_output/40125at4893.out --cpu 1 /data/busco_downloads/lineages/saccharomycetaceae_odb12/hmms/40125at4893.hmm outputs/busco_output/run_saccharomycetaceae_odb12/miniprot_output/translated_proteins/40125at4893.faa
2026-09-24 16:32:33 DEBUG:busco.busco_tools.Toolset	cmd call: hmmsearch --domtblout outputs/busco_output/run_saccharomycetaceae_odb12/hmmer_output/42204at4893.out --cpu 1 /data/busco_downloads/lineages/saccharomycetaceae_odb12/hmms/42204at4893.hmm outputs/busco_output/run_saccharomycetaceae_odb12/miniprot_output/translated_proteins/42204at4893.faa
2026-09-24 16:32:33 DEBUG:busco.busco_tools.Toolset	cmd call: hmmsearch --domtblout outputs/busco_output/run_saccharomycetaceae_odb12/hmmer_output/41280at4893.out --cpu 1 /data/busco_downloads/lineages/saccharomycetaceae_odb12/hmms/41280at4893.hmm outputs/busco_output/run_saccharomycetaceae_odb12/miniprot_output/translated_proteins/41280at4893.faa
2026-09-24 16:32:33 DEBUG:busco.busco_tools.Toolset	cmd call: hmmsearch --domtblout outputs/busco_output/run_saccharomycetaceae_odb12/hmmer_output/7394at4893.out --cpu 1 /data/busco_downloads/lineages/saccharomycetaceae_odb12/hmms/7394at4893.hmm outputs/busco_output/run_saccharomycetaceae_odb12/miniprot_output/translated_proteins/7394at4893.faa
2026-09-24 16:32:33 DEBUG:busco.busco_tools.Toolset	cmd call: hmmsearch --domtblout outputs/busco_output/run_saccharomycetaceae_odb12/hmmer_output/6139at4893.out --cpu 1 /data/busco_downloads/lineages/saccharomycetaceae_odb12/hmms/6139at4893.hmm outputs/busco_output/run_saccharomycetaceae_odb12/miniprot_output/translated_proteins/6139at4893.faa
2026-09-24 16:32:34 DEBUG:busco.busco_tools.Toolset	cmd call: hmmsearch --domtblout outputs/busco_output/run_saccharomycetaceae_odb12/hmmer_output/40129at4893.out --cpu 1 /data/busco_downloads/lineages/saccharomycetaceae_odb12/hmms/40129at4893.hmm outputs/busco_output/run_saccharomycetaceae_odb12/miniprot_output/translated_proteins/40129at4893.faa
2026-09-24 16:32:34 DEBUG:busco.busco_tools.Toolset	cmd call: hmmsearch --domtblout outputs/busco_output/run_saccharomycetaceae_odb12/hmmer_output/5113at4893.out --cpu 1 /data/busco_downloads/lineages/saccharomycetaceae_odb12/hmms/5113at4893.hmm outputs/busco_output/run_saccharomycetaceae_odb12/miniprot_output/translated_proteins/5113at4893.faa
2026-09-24 16:32:34 DEBUG:busco.busco_tools.Toolset	cmd call: hmmsearch --domtblout outputs/busco_output/run_saccharomycetaceae_odb12/hmmer_output/9209at4893.out --cpu 1 /data/busco_downloads/lineages/saccharomycetaceae_odb12/hmms/9209at4893.hmm outputs/busco_output/run_saccharomycetaceae_odb12/miniprot_output/translated_proteins/9209at4893.faa
2026-09-24 16:32:34 DEBUG:busco.busco_tools.Toolset	cmd call: hmmsearch --domtblout outputs/busco_output/run_saccharomycetaceae_odb12/hmmer_output/40702at4893.out --cpu 1 /data/busco_downloads/lineages/saccharomycetaceae_odb12/hmms/40702at4893.hmm outputs/busco_output/run_saccharomycetaceae_odb12/miniprot_output/translated_proteins/40702at4893.faa
2026-09-24 16:32:34 DEBUG:busco.busco_tools.Toolset	cmd call: hmmsearch --domtblout outputs/busco_output/run_saccharomycetaceae_odb12/hmmer_output/42205at4893.out --cpu 1 /data/busco_downloads/lineages/saccharomycetaceae_odb12/hmms/42205at4893.hmm outputs/busco_output/run_saccharomycetaceae_odb12/miniprot_output/translated_proteins/42205at4893.faa
2026-09-24 16:32:34 DEBUG:busco.busco_tools.Toolset	cmd call: hmmsearch --domtblout outputs/busco_output/run_saccharomycetaceae_odb12/hmmer_output/6141at4893.out --cpu 1 /data/busco_downloads/lineages/saccharomycetaceae_odb12/hmms/6141at4893.hmm outputs/busco_output/run_saccharomycetaceae_odb12/miniprot_output/translated_proteins/6141at4893.faa
2026-09-24 16:32:34 DEBUG:busco.busco_tools.Toolset	cmd call: hmmsearch --domtblout outputs/busco_output/run_saccharomycetaceae_odb12/hmmer_output/41289at4893.out --cpu 1 /data/busco_downloads/lineages/saccharomycetaceae_odb12/hmms/41289at4893.hmm outputs/busco_output/run_saccharomycetaceae_odb12/miniprot_output/translated_proteins/41289at4893.faa
2026-09-24 16:32:34 DEBUG:busco.busco_tools.Toolset	cmd call: hmmsearch --domtblout outputs/busco_output/run_saccharomycetaceae_odb12/hmmer_output/9402at4893.out --cpu 1 /data/busco_downloads/lineages/saccharomycetaceae_odb12/hmms/9402at4893.hmm outputs/busco_output/run_saccharomycetaceae_odb12/miniprot_output/translated_proteins/9402at4893.faa
2026-09-24 16:32:34 DEBUG:busco.busco_tools.Toolset	cmd call: hmmsearch --domtblout outputs/busco_output/run_saccharomycetaceae_odb12/hmmer_output/40135at4893.out --cpu 1 /data/busco_downloads/lineages/saccharomycetaceae_odb12/hmms/40135at4893.hmm outputs/busco_output/run_saccharomycetaceae_odb12/miniprot_output/translated_proteins/40135at4893.faa
2026-09-24 16:32:34 DEBUG:busco.busco_tools.Toolset	cmd call: hmmsearch --domtblout outputs/busco_output/run_saccharomycetaceae_odb12/hmmer_output/5114at4893.out --cpu 1 /data/busco_downloads/lineages/saccharomycetaceae_odb12/hmms/5114at4893.hmm outputs/busco_output/run_saccharomycetaceae_odb12/miniprot_output/translated_proteins/5114at4893.faa
2026-09-24 16:32:34 DEBUG:busco.busco_tools.Toolset	cmd call: hmmsearch --domtblout outputs/busco_output/run_saccharomycetaceae_odb12/hmmer_output/40709at4893.out --cpu 1 /data/busco_downloads/lineages/saccharomycetaceae_odb12/hmms/40709at4893.hmm outputs/busco_output/run_saccharomycetaceae_odb12/miniprot_output/translated_proteins/40709at4893.faa
2026-09-24 16:32:34 DEBUG:busco.busco_tools.Toolset	cmd call: hmmsearch --domtblout outputs/busco_output/run_saccharomycetaceae_odb12/hmmer_output/7408at4893.out --cpu 1 /data/busco_downloads/lineages/saccharomycetaceae_odb12/hmms/7408at4893.hmm outputs/busco_output/run_saccharomycetaceae_odb12/miniprot_output/translated_proteins/7408at4893.faa
2026-09-24 16:32:34 DEBUG:busco.busco_tools.Toolset	cmd call: hmmsearch --domtblout outputs/busco_output/run_saccharomycetaceae_odb12/hmmer_output/6170at4893.out --cpu 1 /data/busco_downloads/lineages/saccharomycetaceae_odb12/hmms/6170at4893.hmm outputs/busco_output/run_saccharomycetaceae_odb12/miniprot_output/translated_proteins/6170at4893.faa
2026-09-24 16:32:34 DEBUG:busco.busco_tools.Toolset	cmd call: hmmsearch --domtblout outputs/busco_output/run_saccharomycetaceae_odb12/hmmer_output/940at4893.out --cpu 1 /data/busco_downloads/lineages/saccharomycetaceae_odb12/hmms/940at4893.hmm outputs/busco_output/run_saccharomycetaceae_odb12/miniprot_output/translated_proteins/940at4893.faa
2026-09-24 16:32:34 DEBUG:busco.busco_tools.Toolset	cmd call: hmmsearch --domtblout outputs/busco_output/run_saccharomycetaceae_odb12/hmmer_output/41305at4893.out --cpu 1 /data/busco_downloads/lineages/saccharomycetaceae_odb12/hmms/41305at4893.hmm outputs/busco_output/run_saccharomycetaceae_odb12/miniprot_output/translated_proteins/41305at4893.faa
2026-09-24 16:32:34 DEBUG:busco.busco_tools.Toolset	cmd call: hmmsearch --domtblout outputs/busco_output/run_saccharomycetaceae_odb12/hmmer_output/4220at4893.out --cpu 1 /data/busco_downloads/lineages/saccharomycetaceae_odb12/hmms/4220at4893.hmm outputs/busco_output/run_saccharomycetaceae_odb12/miniprot_output/translated_proteins/4220at4893.faa
2026-09-24 16:32:34 DEBUG:busco.busco_tools.Toolset	cmd call: hmmsearch --domtblout outputs/busco_output/run_saccharomycetaceae_odb12/hmmer_output/4070at4893.out --cpu 1 /data/busco_downloads/lineages/saccharomycetaceae_odb12/hmms/4070at4893.hmm outputs/busco_output/run_saccharomycetaceae_odb12/miniprot_output/translated_proteins/4070at4893.faa
2026-09-24 16:32:34 DEBUG:busco.busco_tools.Toolset	cmd call: hmmsearch --domtblout outputs/busco_output/run_saccharomycetaceae_odb12/hmmer_output/40137at4893.out --cpu 1 /data/busco_downloads/lineages/saccharomycetaceae_odb12/hmms/40137at4893.hmm outputs/busco_output/run_saccharomycetaceae_odb12/miniprot_output/translated_proteins/40137at4893.faa
2026-09-24 16:32:34 INFO:busco.busco_tools.Toolset	[hmmsearch]	1917 of 2129 task(s) completed
2026-09-24 16:32:34 DEBUG:busco.busco_tools.Toolset	cmd call: hmmsearch --domtblout outputs/busco_output/run_saccharomycetaceae_odb12/hmmer_output/5117at4893.out --cpu 1 /data/busco_downloads/lineages/saccharomycetaceae_odb12/hmms/5117at4893.hmm outputs/busco_output/run_saccharomycetaceae_odb12/miniprot_output/translated_proteins/5117at4893.faa
2026-09-24 16:32:34 DEBUG:busco.busco_tools.Toolset	cmd call: hmmsearch --domtblout outputs/busco_output/run_saccharomycetaceae_odb12/hmmer_output/7411at4893.out --cpu 1 /data/busco_downloads/lineages/saccharomycetaceae_odb12/hmms/7411at4893.hmm outputs/busco_output/run_saccharomycetaceae_odb12/miniprot_output/translated_proteins/7411at4893.faa
2026-09-24 16:32:34 DEBUG:busco.busco_tools.Toolset	cmd call: hmmsearch --domtblout outputs/busco_output/run_saccharomycetaceae_odb12/hmmer_output/6180at4893.out --cpu 1 /data/busco_downloads/lineages/saccharomycetaceae_odb12/hmms/6180at4893.hmm outputs/busco_output/run_saccharomycetaceae_odb12/miniprot_output/translated_proteins/6180at4893.faa
2026-09-24 16:32:34 DEBUG:busco.busco_tools.Toolset	cmd call: hmmsearch --domtblout outputs/busco_output/run_saccharomycetaceae_odb12/hmmer_output/9415at4893.out --cpu 1 /data/busco_downloads/lineages/saccharomycetaceae_odb12/hmms/9415at4893.hmm outputs/busco_output/run_saccharomycetaceae_odb12/miniprot_output/translated_proteins/9415at4893.faa
2026-09-24 16:32:34 DEBUG:busco.busco_tools.Toolset	cmd call: hmmsearch --domtblout outputs/busco_output/run_saccharomycetaceae_odb12/hmmer_output/41333at4893.out --cpu 1 /data/busco_downloads/lineages/saccharomycetaceae_odb12/hmms/41333at4893.hmm outputs/busco_output/run_saccharomycetaceae_odb12/miniprot_output/translated_proteins/41333at4893.faa
2026-09-24 16:32:34 DEBUG:busco.busco_tools.Toolset	cmd call: hmmsearch --domtblout outputs/busco_output/run_saccharomycetaceae_odb12/hmmer_output/42228at4893.out --cpu 1 /data/busco_downloads/lineages/saccharomycetaceae_odb12/hmms/42228at4893.hmm outputs/busco_output/run_saccharomycetaceae_odb12/miniprot_output/translated_proteins/42228at4893.faa
2026-09-24 16:32:34 DEBUG:busco.busco_tools.Toolset	cmd call: hmmsearch --domtblout outputs/busco_output/run_saccharomycetaceae_odb12/hmmer_output/40146at4893.out --cpu 1 /data/busco_downloads/lineages/saccharomycetaceae_odb12/hmms/40146at4893.hmm outputs/busco_output/run_saccharomycetaceae_odb12/miniprot_output/translated_proteins/40146at4893.faa
2026-09-24 16:32:34 DEBUG:busco.busco_tools.Toolset	cmd call: hmmsearch --domtblout outputs/busco_output/run_saccharomycetaceae_odb12/hmmer_output/7426at4893.out --cpu 1 /data/busco_downloads/lineages/saccharomycetaceae_odb12/hmms/7426at4893.hmm outputs/busco_output/run_saccharomycetaceae_odb12/miniprot_output/translated_proteins/7426at4893.faa
2026-09-24 16:32:34 DEBUG:busco.busco_tools.Toolset	cmd call: hmmsearch --domtblout outputs/busco_output/run_saccharomycetaceae_odb12/hmmer_output/5151at4893.out --cpu 1 /data/busco_downloads/lineages/saccharomycetaceae_odb12/hmms/5151at4893.hmm outputs/busco_output/run_saccharomycetaceae_odb12/miniprot_output/translated_proteins/5151at4893.faa
2026-09-24 16:32:34 DEBUG:busco.busco_tools.Toolset	cmd call: hmmsearch --domtblout outputs/busco_output/run_saccharomycetaceae_odb12/hmmer_output/40717at4893.out --cpu 1 /data/busco_downloads/lineages/saccharomycetaceae_odb12/hmms/40717at4893.hmm outputs/busco_output/run_saccharomycetaceae_odb12/miniprot_output/translated_proteins/40717at4893.faa
2026-09-24 16:32:34 DEBUG:busco.busco_tools.Toolset	cmd call: hmmsearch --domtblout outputs/busco_output/run_saccharomycetaceae_odb12/hmmer_output/942at4893.out --cpu 1 /data/busco_downloads/lineages/saccharomycetaceae_odb12/hmms/942at4893.hmm outputs/busco_output/run_saccharomycetaceae_odb12/miniprot_output/translated_proteins/942at4893.faa
2026-09-24 16:32:34 DEBUG:busco.busco_tools.Toolset	cmd call: hmmsearch --domtblout outputs/busco_output/run_saccharomycetaceae_odb12/hmmer_output/6185at4893.out --cpu 1 /data/busco_downloads/lineages/saccharomycetaceae_odb12/hmms/6185at4893.hmm outputs/busco_output/run_saccharomycetaceae_odb12/miniprot_output/translated_proteins/6185at4893.faa
2026-09-24 16:32:34 DEBUG:busco.busco_tools.Toolset	cmd call: hmmsearch --domtblout outputs/busco_output/run_saccharomycetaceae_odb12/hmmer_output/41339at4893.out --cpu 1 /data/busco_downloads/lineages/saccharomycetaceae_odb12/hmms/41339at4893.hmm outputs/busco_output/run_saccharomycetaceae_odb12/miniprot_output/translated_proteins/41339at4893.faa
2026-09-24 16:32:34 DEBUG:busco.busco_tools.Toolset	cmd call: hmmsearch --domtblout outputs/busco_output/run_saccharomycetaceae_odb12/hmmer_output/7429at4893.out --cpu 1 /data/busco_downloads/lineages/saccharomycetaceae_odb12/hmms/7429at4893.hmm outputs/busco_output/run_saccharomycetaceae_odb12/miniprot_output/translated_proteins/7429at4893.faa
2026-09-24 16:32:34 DEBUG:busco.busco_tools.Toolset	cmd call: hmmsearch --domtblout outputs/busco_output/run_saccharomycetaceae_odb12/hmmer_output/42292at4893.out --cpu 1 /data/busco_downloads/lineages/saccharomycetaceae_odb12/hmms/42292at4893.hmm outputs/busco_output/run_saccharomycetaceae_odb12/miniprot_output/translated_proteins/42292at4893.faa
2026-09-24 16:32:34 DEBUG:busco.busco_tools.Toolset	cmd call: hmmsearch --domtblout outputs/busco_output/run_saccharomycetaceae_odb12/hmmer_output/40154at4893.out --cpu 1 /data/busco_downloads/lineages/saccharomycetaceae_odb12/hmms/40154at4893.hmm outputs/busco_output/run_saccharomycetaceae_odb12/miniprot_output/translated_proteins/40154at4893.faa
2026-09-24 16:32:34 DEBUG:busco.busco_tools.Toolset	cmd call: hmmsearch --domtblout outputs/busco_output/run_saccharomycetaceae_odb12/hmmer_output/944at4893.out --cpu 1 /data/busco_downloads/lineages/saccharomycetaceae_odb12/hmms/944at4893.hmm outputs/busco_output/run_saccharomycetaceae_odb12/miniprot_output/translated_proteins/944at4893.faa
2026-09-24 16:32:34 DEBUG:busco.busco_tools.Toolset	cmd call: hmmsearch --domtblout outputs/busco_output/run_saccharomycetaceae_odb12/hmmer_output/6206at4893.out --cpu 1 /data/busco_downloads/lineages/saccharomycetaceae_odb12/hmms/6206at4893.hmm outputs/busco_output/run_saccharomycetaceae_odb12/miniprot_output/translated_proteins/6206at4893.faa
2026-09-24 16:32:34 DEBUG:busco.busco_tools.Toolset	cmd call: hmmsearch --domtblout outputs/busco_output/run_saccharomycetaceae_odb12/hmmer_output/41343at4893.out --cpu 1 /data/busco_downloads/lineages/saccharomycetaceae_odb12/hmms/41343at4893.hmm outputs/busco_output/run_saccharomycetaceae_odb12/miniprot_output/translated_proteins/41343at4893.faa
2026-09-24 16:32:34 DEBUG:busco.busco_tools.Toolset	cmd call: hmmsearch --domtblout outputs/busco_output/run_saccharomycetaceae_odb12/hmmer_output/40737at4893.out --cpu 1 /data/busco_downloads/lineages/saccharomycetaceae_odb12/hmms/40737at4893.hmm outputs/busco_output/run_saccharomycetaceae_odb12/miniprot_output/translated_proteins/40737at4893.faa
2026-09-24 16:32:34 DEBUG:busco.busco_tools.Toolset	cmd call: hmmsearch --domtblout outputs/busco_output/run_saccharomycetaceae_odb12/hmmer_output/7436at4893.out --cpu 1 /data/busco_downloads/lineages/saccharomycetaceae_odb12/hmms/7436at4893.hmm outputs/busco_output/run_saccharomycetaceae_odb12/miniprot_output/translated_proteins/7436at4893.faa
2026-09-24 16:32:34 DEBUG:busco.busco_tools.Toolset	cmd call: hmmsearch --domtblout outputs/busco_output/run_saccharomycetaceae_odb12/hmmer_output/5195at4893.out --cpu 1 /data/busco_downloads/lineages/saccharomycetaceae_odb12/hmms/5195at4893.hmm outputs/busco_output/run_saccharomycetaceae_odb12/miniprot_output/translated_proteins/5195at4893.faa
2026-09-24 16:32:34 DEBUG:busco.busco_tools.Toolset	cmd call: hmmsearch --domtblout outputs/busco_output/run_saccharomycetaceae_odb12/hmmer_output/42373at4893.out --cpu 1 /data/busco_downloads/lineages/saccharomycetaceae_odb12/hmms/42373at4893.hmm outputs/busco_output/run_saccharomycetaceae_odb12/miniprot_output/translated_proteins/42373at4893.faa
2026-09-24 16:32:34 DEBUG:busco.busco_tools.Toolset	cmd call: hmmsearch --domtblout outputs/busco_output/run_saccharomycetaceae_odb12/hmmer_output/9493at4893.out --cpu 1 /data/busco_downloads/lineages/saccharomycetaceae_odb12/hmms/9493at4893.hmm outputs/busco_output/run_saccharomycetaceae_odb12/miniprot_output/translated_proteins/9493at4893.faa
2026-09-24 16:32:34 DEBUG:busco.busco_tools.Toolset	cmd call: hmmsearch --domtblout outputs/busco_output/run_saccharomycetaceae_odb12/hmmer_output/40179at4893.out --cpu 1 /data/busco_downloads/lineages/saccharomycetaceae_odb12/hmms/40179at4893.hmm outputs/busco_output/run_saccharomycetaceae_odb12/miniprot_output/translated_proteins/40179at4893.faa
2026-09-24 16:32:35 DEBUG:busco.busco_tools.Toolset	cmd call: hmmsearch --domtblout outputs/busco_output/run_saccharomycetaceae_odb12/hmmer_output/6227at4893.out --cpu 1 /data/busco_downloads/lineages/saccharomycetaceae_odb12/hmms/6227at4893.hmm outputs/busco_output/run_saccharomycetaceae_odb12/miniprot_output/translated_proteins/6227at4893.faa
2026-09-24 16:32:35 DEBUG:busco.busco_tools.Toolset	cmd call: hmmsearch --domtblout outputs/busco_output/run_saccharomycetaceae_odb12/hmmer_output/40739at4893.out --cpu 1 /data/busco_downloads/lineages/saccharomycetaceae_odb12/hmms/40739at4893.hmm outputs/busco_output/run_saccharomycetaceae_odb12/miniprot_output/translated_proteins/40739at4893.faa
2026-09-24 16:32:35 DEBUG:busco.busco_tools.Toolset	cmd call: hmmsearch --domtblout outputs/busco_output/run_saccharomycetaceae_odb12/hmmer_output/41355at4893.out --cpu 1 /data/busco_downloads/lineages/saccharomycetaceae_odb12/hmms/41355at4893.hmm outputs/busco_output/run_saccharomycetaceae_odb12/miniprot_output/translated_proteins/41355at4893.faa
2026-09-24 16:32:35 DEBUG:busco.busco_tools.Toolset	cmd call: hmmsearch --domtblout outputs/busco_output/run_saccharomycetaceae_odb12/hmmer_output/5201at4893.out --cpu 1 /data/busco_downloads/lineages/saccharomycetaceae_odb12/hmms/5201at4893.hmm outputs/busco_output/run_saccharomycetaceae_odb12/miniprot_output/translated_proteins/5201at4893.faa
2026-09-24 16:32:35 DEBUG:busco.busco_tools.Toolset	cmd call: hmmsearch --domtblout outputs/busco_output/run_saccharomycetaceae_odb12/hmmer_output/7458at4893.out --cpu 1 /data/busco_downloads/lineages/saccharomycetaceae_odb12/hmms/7458at4893.hmm outputs/busco_output/run_saccharomycetaceae_odb12/miniprot_output/translated_proteins/7458at4893.faa
2026-09-24 16:32:35 DEBUG:busco.busco_tools.Toolset	cmd call: hmmsearch --domtblout outputs/busco_output/run_saccharomycetaceae_odb12/hmmer_output/40183at4893.out --cpu 1 /data/busco_downloads/lineages/saccharomycetaceae_odb12/hmms/40183at4893.hmm outputs/busco_output/run_saccharomycetaceae_odb12/miniprot_output/translated_proteins/40183at4893.faa
2026-09-24 16:32:35 DEBUG:busco.busco_tools.Toolset	cmd call: hmmsearch --domtblout outputs/busco_output/run_saccharomycetaceae_odb12/hmmer_output/9515at4893.out --cpu 1 /data/busco_downloads/lineages/saccharomycetaceae_odb12/hmms/9515at4893.hmm outputs/busco_output/run_saccharomycetaceae_odb12/miniprot_output/translated_proteins/9515at4893.faa
2026-09-24 16:32:35 DEBUG:busco.busco_tools.Toolset	cmd call: hmmsearch --domtblout outputs/busco_output/run_saccharomycetaceae_odb12/hmmer_output/6238at4893.out --cpu 1 /data/busco_downloads/lineages/saccharomycetaceae_odb12/hmms/6238at4893.hmm outputs/busco_output/run_saccharomycetaceae_odb12/miniprot_output/translated_proteins/6238at4893.faa
2026-09-24 16:32:35 DEBUG:busco.busco_tools.Toolset	cmd call: hmmsearch --domtblout outputs/busco_output/run_saccharomycetaceae_odb12/hmmer_output/42384at4893.out --cpu 1 /data/busco_downloads/lineages/saccharomycetaceae_odb12/hmms/42384at4893.hmm outputs/busco_output/run_saccharomycetaceae_odb12/miniprot_output/translated_proteins/42384at4893.faa
2026-09-24 16:32:35 DEBUG:busco.busco_tools.Toolset	cmd call: hmmsearch --domtblout outputs/busco_output/run_saccharomycetaceae_odb12/hmmer_output/41364at4893.out --cpu 1 /data/busco_downloads/lineages/saccharomycetaceae_odb12/hmms/41364at4893.hmm outputs/busco_output/run_saccharomycetaceae_odb12/miniprot_output/translated_proteins/41364at4893.faa
2026-09-24 16:32:35 DEBUG:busco.busco_tools.Toolset	cmd call: hmmsearch --domtblout outputs/busco_output/run_saccharomycetaceae_odb12/hmmer_output/5202at4893.out --cpu 1 /data/busco_downloads/lineages/saccharomycetaceae_odb12/hmms/5202at4893.hmm outputs/busco_output/run_saccharomycetaceae_odb12/miniprot_output/translated_proteins/5202at4893.faa
2026-09-24 16:32:35 DEBUG:busco.busco_tools.Toolset	cmd call: hmmsearch --domtblout outputs/busco_output/run_saccharomycetaceae_odb12/hmmer_output/7482at4893.out --cpu 1 /data/busco_downloads/lineages/saccharomycetaceae_odb12/hmms/7482at4893.hmm outputs/busco_output/run_saccharomycetaceae_odb12/miniprot_output/translated_proteins/7482at4893.faa
2026-09-24 16:32:35 DEBUG:busco.busco_tools.Toolset	cmd call: hmmsearch --domtblout outputs/busco_output/run_saccharomycetaceae_odb12/hmmer_output/40188at4893.out --cpu 1 /data/busco_downloads/lineages/saccharomycetaceae_odb12/hmms/40188at4893.hmm outputs/busco_output/run_saccharomycetaceae_odb12/miniprot_output/translated_proteins/40188at4893.faa
2026-09-24 16:32:35 DEBUG:busco.busco_tools.Toolset	cmd call: hmmsearch --domtblout outputs/busco_output/run_saccharomycetaceae_odb12/hmmer_output/40747at4893.out --cpu 1 /data/busco_downloads/lineages/saccharomycetaceae_odb12/hmms/40747at4893.hmm outputs/busco_output/run_saccharomycetaceae_odb12/miniprot_output/translated_proteins/40747at4893.faa
2026-09-24 16:32:35 DEBUG:busco.busco_tools.Toolset	cmd call: hmmsearch --domtblout outputs/busco_output/run_saccharomycetaceae_odb12/hmmer_output/9560at4893.out --cpu 1 /data/busco_downloads/lineages/saccharomycetaceae_odb12/hmms/9560at4893.hmm outputs/busco_output/run_saccharomycetaceae_odb12/miniprot_output/translated_proteins/9560at4893.faa
2026-09-24 16:32:35 DEBUG:busco.busco_tools.Toolset	cmd call: hmmsearch --domtblout outputs/busco_output/run_saccharomycetaceae_odb12/hmmer_output/42389at4893.out --cpu 1 /data/busco_downloads/lineages/saccharomycetaceae_odb12/hmms/42389at4893.hmm outputs/busco_output/run_saccharomycetaceae_odb12/miniprot_output/translated_proteins/42389at4893.faa
2026-09-24 16:32:35 DEBUG:busco.busco_tools.Toolset	cmd call: hmmsearch --domtblout outputs/busco_output/run_saccharomycetaceae_odb12/hmmer_output/6243at4893.out --cpu 1 /data/busco_downloads/lineages/saccharomycetaceae_odb12/hmms/6243at4893.hmm outputs/busco_output/run_saccharomycetaceae_odb12/miniprot_output/translated_proteins/6243at4893.faa
2026-09-24 16:32:35 DEBUG:busco.busco_tools.Toolset	cmd call: hmmsearch --domtblout outputs/busco_output/run_saccharomycetaceae_odb12/hmmer_output/41368at4893.out --cpu 1 /data/busco_downloads/lineages/saccharomycetaceae_odb12/hmms/41368at4893.hmm outputs/busco_output/run_saccharomycetaceae_odb12/miniprot_output/translated_proteins/41368at4893.faa
2026-09-24 16:32:35 DEBUG:busco.busco_tools.Toolset	cmd call: hmmsearch --domtblout outputs/busco_output/run_saccharomycetaceae_odb12/hmmer_output/7520at4893.out --cpu 1 /data/busco_downloads/lineages/saccharomycetaceae_odb12/hmms/7520at4893.hmm outputs/busco_output/run_saccharomycetaceae_odb12/miniprot_output/translated_proteins/7520at4893.faa
2026-09-24 16:32:35 DEBUG:busco.busco_tools.Toolset	cmd call: hmmsearch --domtblout outputs/busco_output/run_saccharomycetaceae_odb12/hmmer_output/40756at4893.out --cpu 1 /data/busco_downloads/lineages/saccharomycetaceae_odb12/hmms/40756at4893.hmm outputs/busco_output/run_saccharomycetaceae_odb12/miniprot_output/translated_proteins/40756at4893.faa
2026-09-24 16:32:35 DEBUG:busco.busco_tools.Toolset	cmd call: hmmsearch --domtblout outputs/busco_output/run_saccharomycetaceae_odb12/hmmer_output/9591at4893.out --cpu 1 /data/busco_downloads/lineages/saccharomycetaceae_odb12/hmms/9591at4893.hmm outputs/busco_output/run_saccharomycetaceae_odb12/miniprot_output/translated_proteins/9591at4893.faa
2026-09-24 16:32:35 DEBUG:busco.busco_tools.Toolset	cmd call: hmmsearch --domtblout outputs/busco_output/run_saccharomycetaceae_odb12/hmmer_output/40197at4893.out --cpu 1 /data/busco_downloads/lineages/saccharomycetaceae_odb12/hmms/40197at4893.hmm outputs/busco_output/run_saccharomycetaceae_odb12/miniprot_output/translated_proteins/40197at4893.faa
2026-09-24 16:32:35 DEBUG:busco.busco_tools.Toolset	cmd call: hmmsearch --domtblout outputs/busco_output/run_saccharomycetaceae_odb12/hmmer_output/4247at4893.out --cpu 1 /data/busco_downloads/lineages/saccharomycetaceae_odb12/hmms/4247at4893.hmm outputs/busco_output/run_saccharomycetaceae_odb12/miniprot_output/translated_proteins/4247at4893.faa
2026-09-24 16:32:35 DEBUG:busco.busco_tools.Toolset	cmd call: hmmsearch --domtblout outputs/busco_output/run_saccharomycetaceae_odb12/hmmer_output/5209at4893.out --cpu 1 /data/busco_downloads/lineages/saccharomycetaceae_odb12/hmms/5209at4893.hmm outputs/busco_output/run_saccharomycetaceae_odb12/miniprot_output/translated_proteins/5209at4893.faa
2026-09-24 16:32:35 DEBUG:busco.busco_tools.Toolset	cmd call: hmmsearch --domtblout outputs/busco_output/run_saccharomycetaceae_odb12/hmmer_output/6261at4893.out --cpu 1 /data/busco_downloads/lineages/saccharomycetaceae_odb12/hmms/6261at4893.hmm outputs/busco_output/run_saccharomycetaceae_odb12/miniprot_output/translated_proteins/6261at4893.faa
2026-09-24 16:32:35 DEBUG:busco.busco_tools.Toolset	cmd call: hmmsearch --domtblout outputs/busco_output/run_saccharomycetaceae_odb12/hmmer_output/41374at4893.out --cpu 1 /data/busco_downloads/lineages/saccharomycetaceae_odb12/hmms/41374at4893.hmm outputs/busco_output/run_saccharomycetaceae_odb12/miniprot_output/translated_proteins/41374at4893.faa
2026-09-24 16:32:35 DEBUG:busco.busco_tools.Toolset	cmd call: hmmsearch --domtblout outputs/busco_output/run_saccharomycetaceae_odb12/hmmer_output/7539at4893.out --cpu 1 /data/busco_downloads/lineages/saccharomycetaceae_odb12/hmms/7539at4893.hmm outputs/busco_output/run_saccharomycetaceae_odb12/miniprot_output/translated_proteins/7539at4893.faa
2026-09-24 16:32:35 DEBUG:busco.busco_tools.Toolset	cmd call: hmmsearch --domtblout outputs/busco_output/run_saccharomycetaceae_odb12/hmmer_output/40760at4893.out --cpu 1 /data/busco_downloads/lineages/saccharomycetaceae_odb12/hmms/40760at4893.hmm outputs/busco_output/run_saccharomycetaceae_odb12/miniprot_output/translated_proteins/40760at4893.faa
2026-09-24 16:32:35 DEBUG:busco.busco_tools.Toolset	cmd call: hmmsearch --domtblout outputs/busco_output/run_saccharomycetaceae_odb12/hmmer_output/9599at4893.out --cpu 1 /data/busco_downloads/lineages/saccharomycetaceae_odb12/hmms/9599at4893.hmm outputs/busco_output/run_saccharomycetaceae_odb12/miniprot_output/translated_proteins/9599at4893.faa
2026-09-24 16:32:35 DEBUG:busco.busco_tools.Toolset	cmd call: hmmsearch --domtblout outputs/busco_output/run_saccharomycetaceae_odb12/hmmer_output/40202at4893.out --cpu 1 /data/busco_downloads/lineages/saccharomycetaceae_odb12/hmms/40202at4893.hmm outputs/busco_output/run_saccharomycetaceae_odb12/miniprot_output/translated_proteins/40202at4893.faa
2026-09-24 16:32:35 DEBUG:busco.busco_tools.Toolset	cmd call: hmmsearch --domtblout outputs/busco_output/run_saccharomycetaceae_odb12/hmmer_output/5214at4893.out --cpu 1 /data/busco_downloads/lineages/saccharomycetaceae_odb12/hmms/5214at4893.hmm outputs/busco_output/run_saccharomycetaceae_odb12/miniprot_output/translated_proteins/5214at4893.faa
2026-09-24 16:32:35 DEBUG:busco.busco_tools.Toolset	cmd call: hmmsearch --domtblout outputs/busco_output/run_saccharomycetaceae_odb12/hmmer_output/6264at4893.out --cpu 1 /data/busco_downloads/lineages/saccharomycetaceae_odb12/hmms/6264at4893.hmm outputs/busco_output/run_saccharomycetaceae_odb12/miniprot_output/translated_proteins/6264at4893.faa
2026-09-24 16:32:35 DEBUG:busco.busco_tools.Toolset	cmd call: hmmsearch --domtblout outputs/busco_output/run_saccharomycetaceae_odb12/hmmer_output/4283at4893.out --cpu 1 /data/busco_downloads/lineages/saccharomycetaceae_odb12/hmms/4283at4893.hmm outputs/busco_output/run_saccharomycetaceae_odb12/miniprot_output/translated_proteins/4283at4893.faa
2026-09-24 16:32:35 DEBUG:busco.busco_tools.Toolset	cmd call: hmmsearch --domtblout outputs/busco_output/run_saccharomycetaceae_odb12/hmmer_output/40764at4893.out --cpu 1 /data/busco_downloads/lineages/saccharomycetaceae_odb12/hmms/40764at4893.hmm outputs/busco_output/run_saccharomycetaceae_odb12/miniprot_output/translated_proteins/40764at4893.faa
2026-09-24 16:32:35 DEBUG:busco.busco_tools.Toolset	cmd call: hmmsearch --domtblout outputs/busco_output/run_saccharomycetaceae_odb12/hmmer_output/41410at4893.out --cpu 1 /data/busco_downloads/lineages/saccharomycetaceae_odb12/hmms/41410at4893.hmm outputs/busco_output/run_saccharomycetaceae_odb12/miniprot_output/translated_proteins/41410at4893.faa
2026-09-24 16:32:35 DEBUG:busco.busco_tools.Toolset	cmd call: hmmsearch --domtblout outputs/busco_output/run_saccharomycetaceae_odb12/hmmer_output/7558at4893.out --cpu 1 /data/busco_downloads/lineages/saccharomycetaceae_odb12/hmms/7558at4893.hmm outputs/busco_output/run_saccharomycetaceae_odb12/miniprot_output/translated_proteins/7558at4893.faa
2026-09-24 16:32:36 DEBUG:busco.busco_tools.Toolset	cmd call: hmmsearch --domtblout outputs/busco_output/run_saccharomycetaceae_odb12/hmmer_output/9614at4893.out --cpu 1 /data/busco_downloads/lineages/saccharomycetaceae_odb12/hmms/9614at4893.hmm outputs/busco_output/run_saccharomycetaceae_odb12/miniprot_output/translated_proteins/9614at4893.faa
2026-09-24 16:32:36 DEBUG:busco.busco_tools.Toolset	cmd call: hmmsearch --domtblout outputs/busco_output/run_saccharomycetaceae_odb12/hmmer_output/40211at4893.out --cpu 1 /data/busco_downloads/lineages/saccharomycetaceae_odb12/hmms/40211at4893.hmm outputs/busco_output/run_saccharomycetaceae_odb12/miniprot_output/translated_proteins/40211at4893.faa
2026-09-24 16:32:36 DEBUG:busco.busco_tools.Toolset	cmd call: hmmsearch --domtblout outputs/busco_output/run_saccharomycetaceae_odb12/hmmer_output/5220at4893.out --cpu 1 /data/busco_downloads/lineages/saccharomycetaceae_odb12/hmms/5220at4893.hmm outputs/busco_output/run_saccharomycetaceae_odb12/miniprot_output/translated_proteins/5220at4893.faa
2026-09-24 16:32:36 DEBUG:busco.busco_tools.Toolset	cmd call: hmmsearch --domtblout outputs/busco_output/run_saccharomycetaceae_odb12/hmmer_output/6271at4893.out --cpu 1 /data/busco_downloads/lineages/saccharomycetaceae_odb12/hmms/6271at4893.hmm outputs/busco_output/run_saccharomycetaceae_odb12/miniprot_output/translated_proteins/6271at4893.faa
2026-09-24 16:32:36 DEBUG:busco.busco_tools.Toolset	cmd call: hmmsearch --domtblout outputs/busco_output/run_saccharomycetaceae_odb12/hmmer_output/7571at4893.out --cpu 1 /data/busco_downloads/lineages/saccharomycetaceae_odb12/hmms/7571at4893.hmm outputs/busco_output/run_saccharomycetaceae_odb12/miniprot_output/translated_proteins/7571at4893.faa
2026-09-24 16:32:36 DEBUG:busco.busco_tools.Toolset	cmd call: hmmsearch --domtblout outputs/busco_output/run_saccharomycetaceae_odb12/hmmer_output/40792at4893.out --cpu 1 /data/busco_downloads/lineages/saccharomycetaceae_odb12/hmms/40792at4893.hmm outputs/busco_output/run_saccharomycetaceae_odb12/miniprot_output/translated_proteins/40792at4893.faa
2026-09-24 16:32:36 DEBUG:busco.busco_tools.Toolset	cmd call: hmmsearch --domtblout outputs/busco_output/run_saccharomycetaceae_odb12/hmmer_output/4307at4893.out --cpu 1 /data/busco_downloads/lineages/saccharomycetaceae_odb12/hmms/4307at4893.hmm outputs/busco_output/run_saccharomycetaceae_odb12/miniprot_output/translated_proteins/4307at4893.faa
2026-09-24 16:32:36 DEBUG:busco.busco_tools.Toolset	cmd call: hmmsearch --domtblout outputs/busco_output/run_saccharomycetaceae_odb12/hmmer_output/41421at4893.out --cpu 1 /data/busco_downloads/lineages/saccharomycetaceae_odb12/hmms/41421at4893.hmm outputs/busco_output/run_saccharomycetaceae_odb12/miniprot_output/translated_proteins/41421at4893.faa
2026-09-24 16:32:36 DEBUG:busco.busco_tools.Toolset	cmd call: hmmsearch --domtblout outputs/busco_output/run_saccharomycetaceae_odb12/hmmer_output/5236at4893.out --cpu 1 /data/busco_downloads/lineages/saccharomycetaceae_odb12/hmms/5236at4893.hmm outputs/busco_output/run_saccharomycetaceae_odb12/miniprot_output/translated_proteins/5236at4893.faa
2026-09-24 16:32:36 DEBUG:busco.busco_tools.Toolset	cmd call: hmmsearch --domtblout outputs/busco_output/run_saccharomycetaceae_odb12/hmmer_output/9738at4893.out --cpu 1 /data/busco_downloads/lineages/saccharomycetaceae_odb12/hmms/9738at4893.hmm outputs/busco_output/run_saccharomycetaceae_odb12/miniprot_output/translated_proteins/9738at4893.faa
2026-09-24 16:32:36 DEBUG:busco.busco_tools.Toolset	cmd call: hmmsearch --domtblout outputs/busco_output/run_saccharomycetaceae_odb12/hmmer_output/40234at4893.out --cpu 1 /data/busco_downloads/lineages/saccharomycetaceae_odb12/hmms/40234at4893.hmm outputs/busco_output/run_saccharomycetaceae_odb12/miniprot_output/translated_proteins/40234at4893.faa
2026-09-24 16:32:36 DEBUG:busco.busco_tools.Toolset	cmd call: hmmsearch --domtblout outputs/busco_output/run_saccharomycetaceae_odb12/hmmer_output/6327at4893.out --cpu 1 /data/busco_downloads/lineages/saccharomycetaceae_odb12/hmms/6327at4893.hmm outputs/busco_output/run_saccharomycetaceae_odb12/miniprot_output/translated_proteins/6327at4893.faa
2026-09-24 16:32:36 DEBUG:busco.busco_tools.Toolset	cmd call: hmmsearch --domtblout outputs/busco_output/run_saccharomycetaceae_odb12/hmmer_output/7579at4893.out --cpu 1 /data/busco_downloads/lineages/saccharomycetaceae_odb12/hmms/7579at4893.hmm outputs/busco_output/run_saccharomycetaceae_odb12/miniprot_output/translated_proteins/7579at4893.faa
2026-09-24 16:32:36 DEBUG:busco.busco_tools.Toolset	cmd call: hmmsearch --domtblout outputs/busco_output/run_saccharomycetaceae_odb12/hmmer_output/40799at4893.out --cpu 1 /data/busco_downloads/lineages/saccharomycetaceae_odb12/hmms/40799at4893.hmm outputs/busco_output/run_saccharomycetaceae_odb12/miniprot_output/translated_proteins/40799at4893.faa
2026-09-24 16:32:36 DEBUG:busco.busco_tools.Toolset	cmd call: hmmsearch --domtblout outputs/busco_output/run_saccharomycetaceae_odb12/hmmer_output/4310at4893.out --cpu 1 /data/busco_downloads/lineages/saccharomycetaceae_odb12/hmms/4310at4893.hmm outputs/busco_output/run_saccharomycetaceae_odb12/miniprot_output/translated_proteins/4310at4893.faa
2026-09-24 16:32:36 DEBUG:busco.busco_tools.Toolset	cmd call: hmmsearch --domtblout outputs/busco_output/run_saccharomycetaceae_odb12/hmmer_output/5262at4893.out --cpu 1 /data/busco_downloads/lineages/saccharomycetaceae_odb12/hmms/5262at4893.hmm outputs/busco_output/run_saccharomycetaceae_odb12/miniprot_output/translated_proteins/5262at4893.faa
2026-09-24 16:32:36 DEBUG:busco.busco_tools.Toolset	cmd call: hmmsearch --domtblout outputs/busco_output/run_saccharomycetaceae_odb12/hmmer_output/9741at4893.out --cpu 1 /data/busco_downloads/lineages/saccharomycetaceae_odb12/hmms/9741at4893.hmm outputs/busco_output/run_saccharomycetaceae_odb12/miniprot_output/translated_proteins/9741at4893.faa
2026-09-24 16:32:36 DEBUG:busco.busco_tools.Toolset	cmd call: hmmsearch --domtblout outputs/busco_output/run_saccharomycetaceae_odb12/hmmer_output/41444at4893.out --cpu 1 /data/busco_downloads/lineages/saccharomycetaceae_odb12/hmms/41444at4893.hmm outputs/busco_output/run_saccharomycetaceae_odb12/miniprot_output/translated_proteins/41444at4893.faa
2026-09-24 16:32:36 DEBUG:busco.busco_tools.Toolset	cmd call: hmmsearch --domtblout outputs/busco_output/run_saccharomycetaceae_odb12/hmmer_output/40237at4893.out --cpu 1 /data/busco_downloads/lineages/saccharomycetaceae_odb12/hmms/40237at4893.hmm outputs/busco_output/run_saccharomycetaceae_odb12/miniprot_output/translated_proteins/40237at4893.faa
2026-09-24 16:32:36 DEBUG:busco.busco_tools.Toolset	cmd call: hmmsearch --domtblout outputs/busco_output/run_saccharomycetaceae_odb12/hmmer_output/407at4893.out --cpu 1 /data/busco_downloads/lineages/saccharomycetaceae_odb12/hmms/407at4893.hmm outputs/busco_output/run_saccharomycetaceae_odb12/miniprot_output/translated_proteins/407at4893.faa
2026-09-24 16:32:36 DEBUG:busco.busco_tools.Toolset	cmd call: hmmsearch --domtblout outputs/busco_output/run_saccharomycetaceae_odb12/hmmer_output/7586at4893.out --cpu 1 /data/busco_downloads/lineages/saccharomycetaceae_odb12/hmms/7586at4893.hmm outputs/busco_output/run_saccharomycetaceae_odb12/miniprot_output/translated_proteins/7586at4893.faa
2026-09-24 16:32:36 DEBUG:busco.busco_tools.Toolset	cmd call: hmmsearch --domtblout outputs/busco_output/run_saccharomycetaceae_odb12/hmmer_output/6337at4893.out --cpu 1 /data/busco_downloads/lineages/saccharomycetaceae_odb12/hmms/6337at4893.hmm outputs/busco_output/run_saccharomycetaceae_odb12/miniprot_output/translated_proteins/6337at4893.faa
2026-09-24 16:32:36 DEBUG:busco.busco_tools.Toolset	cmd call: hmmsearch --domtblout outputs/busco_output/run_saccharomycetaceae_odb12/hmmer_output/9787at4893.out --cpu 1 /data/busco_downloads/lineages/saccharomycetaceae_odb12/hmms/9787at4893.hmm outputs/busco_output/run_saccharomycetaceae_odb12/miniprot_output/translated_proteins/9787at4893.faa
2026-09-24 16:32:36 DEBUG:busco.busco_tools.Toolset	cmd call: hmmsearch --domtblout outputs/busco_output/run_saccharomycetaceae_odb12/hmmer_output/4360at4893.out --cpu 1 /data/busco_downloads/lineages/saccharomycetaceae_odb12/hmms/4360at4893.hmm outputs/busco_output/run_saccharomycetaceae_odb12/miniprot_output/translated_proteins/4360at4893.faa
2026-09-24 16:32:36 DEBUG:busco.busco_tools.Toolset	cmd call: hmmsearch --domtblout outputs/busco_output/run_saccharomycetaceae_odb12/hmmer_output/41461at4893.out --cpu 1 /data/busco_downloads/lineages/saccharomycetaceae_odb12/hmms/41461at4893.hmm outputs/busco_output/run_saccharomycetaceae_odb12/miniprot_output/translated_proteins/41461at4893.faa
2026-09-24 16:32:36 DEBUG:busco.busco_tools.Toolset	cmd call: hmmsearch --domtblout outputs/busco_output/run_saccharomycetaceae_odb12/hmmer_output/5291at4893.out --cpu 1 /data/busco_downloads/lineages/saccharomycetaceae_odb12/hmms/5291at4893.hmm outputs/busco_output/run_saccharomycetaceae_odb12/miniprot_output/translated_proteins/5291at4893.faa
2026-09-24 16:32:36 DEBUG:busco.busco_tools.Toolset	cmd call: hmmsearch --domtblout outputs/busco_output/run_saccharomycetaceae_odb12/hmmer_output/40810at4893.out --cpu 1 /data/busco_downloads/lineages/saccharomycetaceae_odb12/hmms/40810at4893.hmm outputs/busco_output/run_saccharomycetaceae_odb12/miniprot_output/translated_proteins/40810at4893.faa
2026-09-24 16:32:36 DEBUG:busco.busco_tools.Toolset	cmd call: hmmsearch --domtblout outputs/busco_output/run_saccharomycetaceae_odb12/hmmer_output/40239at4893.out --cpu 1 /data/busco_downloads/lineages/saccharomycetaceae_odb12/hmms/40239at4893.hmm outputs/busco_output/run_saccharomycetaceae_odb12/miniprot_output/translated_proteins/40239at4893.faa
2026-09-24 16:32:36 DEBUG:busco.busco_tools.Toolset	cmd call: hmmsearch --domtblout outputs/busco_output/run_saccharomycetaceae_odb12/hmmer_output/7590at4893.out --cpu 1 /data/busco_downloads/lineages/saccharomycetaceae_odb12/hmms/7590at4893.hmm outputs/busco_output/run_saccharomycetaceae_odb12/miniprot_output/translated_proteins/7590at4893.faa
2026-09-24 16:32:36 DEBUG:busco.busco_tools.Toolset	cmd call: hmmsearch --domtblout outputs/busco_output/run_saccharomycetaceae_odb12/hmmer_output/982at4893.out --cpu 1 /data/busco_downloads/lineages/saccharomycetaceae_odb12/hmms/982at4893.hmm outputs/busco_output/run_saccharomycetaceae_odb12/miniprot_output/translated_proteins/982at4893.faa
2026-09-24 16:32:36 DEBUG:busco.busco_tools.Toolset	cmd call: hmmsearch --domtblout outputs/busco_output/run_saccharomycetaceae_odb12/hmmer_output/41464at4893.out --cpu 1 /data/busco_downloads/lineages/saccharomycetaceae_odb12/hmms/41464at4893.hmm outputs/busco_output/run_saccharomycetaceae_odb12/miniprot_output/translated_proteins/41464at4893.faa
2026-09-24 16:32:36 DEBUG:busco.busco_tools.Toolset	cmd call: hmmsearch --domtblout outputs/busco_output/run_saccharomycetaceae_odb12/hmmer_output/4365at4893.out --cpu 1 /data/busco_downloads/lineages/saccharomycetaceae_odb12/hmms/4365at4893.hmm outputs/busco_output/run_saccharomycetaceae_odb12/miniprot_output/translated_proteins/4365at4893.faa
2026-09-24 16:32:36 DEBUG:busco.busco_tools.Toolset	cmd call: hmmsearch --domtblout outputs/busco_output/run_saccharomycetaceae_odb12/hmmer_output/5293at4893.out --cpu 1 /data/busco_downloads/lineages/saccharomycetaceae_odb12/hmms/5293at4893.hmm outputs/busco_output/run_saccharomycetaceae_odb12/miniprot_output/translated_proteins/5293at4893.faa
2026-09-24 16:32:36 DEBUG:busco.busco_tools.Toolset	cmd call: hmmsearch --domtblout outputs/busco_output/run_saccharomycetaceae_odb12/hmmer_output/40826at4893.out --cpu 1 /data/busco_downloads/lineages/saccharomycetaceae_odb12/hmms/40826at4893.hmm outputs/busco_output/run_saccharomycetaceae_odb12/miniprot_output/translated_proteins/40826at4893.faa
2026-09-24 16:32:36 DEBUG:busco.busco_tools.Toolset	cmd call: hmmsearch --domtblout outputs/busco_output/run_saccharomycetaceae_odb12/hmmer_output/75at4893.out --cpu 1 /data/busco_downloads/lineages/saccharomycetaceae_odb12/hmms/75at4893.hmm outputs/busco_output/run_saccharomycetaceae_odb12/miniprot_output/translated_proteins/75at4893.faa
2026-09-24 16:32:36 DEBUG:busco.busco_tools.Toolset	cmd call: hmmsearch --domtblout outputs/busco_output/run_saccharomycetaceae_odb12/hmmer_output/6357at4893.out --cpu 1 /data/busco_downloads/lineages/saccharomycetaceae_odb12/hmms/6357at4893.hmm outputs/busco_output/run_saccharomycetaceae_odb12/miniprot_output/translated_proteins/6357at4893.faa
2026-09-24 16:32:36 DEBUG:busco.busco_tools.Toolset	cmd call: hmmsearch --domtblout outputs/busco_output/run_saccharomycetaceae_odb12/hmmer_output/41490at4893.out --cpu 1 /data/busco_downloads/lineages/saccharomycetaceae_odb12/hmms/41490at4893.hmm outputs/busco_output/run_saccharomycetaceae_odb12/miniprot_output/translated_proteins/41490at4893.faa
2026-09-24 16:32:37 DEBUG:busco.busco_tools.Toolset	cmd call: hmmsearch --domtblout outputs/busco_output/run_saccharomycetaceae_odb12/hmmer_output/9858at4893.out --cpu 1 /data/busco_downloads/lineages/saccharomycetaceae_odb12/hmms/9858at4893.hmm outputs/busco_output/run_saccharomycetaceae_odb12/miniprot_output/translated_proteins/9858at4893.faa
2026-09-24 16:32:37 DEBUG:busco.busco_tools.Toolset	cmd call: hmmsearch --domtblout outputs/busco_output/run_saccharomycetaceae_odb12/hmmer_output/4395at4893.out --cpu 1 /data/busco_downloads/lineages/saccharomycetaceae_odb12/hmms/4395at4893.hmm outputs/busco_output/run_saccharomycetaceae_odb12/miniprot_output/translated_proteins/4395at4893.faa
2026-09-24 16:32:37 DEBUG:busco.busco_tools.Toolset	cmd call: hmmsearch --domtblout outputs/busco_output/run_saccharomycetaceae_odb12/hmmer_output/5306at4893.out --cpu 1 /data/busco_downloads/lineages/saccharomycetaceae_odb12/hmms/5306at4893.hmm outputs/busco_output/run_saccharomycetaceae_odb12/miniprot_output/translated_proteins/5306at4893.faa
2026-09-24 16:32:37 DEBUG:busco.busco_tools.Toolset	cmd call: hmmsearch --domtblout outputs/busco_output/run_saccharomycetaceae_odb12/hmmer_output/7614at4893.out --cpu 1 /data/busco_downloads/lineages/saccharomycetaceae_odb12/hmms/7614at4893.hmm outputs/busco_output/run_saccharomycetaceae_odb12/miniprot_output/translated_proteins/7614at4893.faa
2026-09-24 16:32:37 DEBUG:busco.busco_tools.Toolset	cmd call: hmmsearch --domtblout outputs/busco_output/run_saccharomycetaceae_odb12/hmmer_output/40242at4893.out --cpu 1 /data/busco_downloads/lineages/saccharomycetaceae_odb12/hmms/40242at4893.hmm outputs/busco_output/run_saccharomycetaceae_odb12/miniprot_output/translated_proteins/40242at4893.faa
2026-09-24 16:32:37 DEBUG:busco.busco_tools.Toolset	cmd call: hmmsearch --domtblout outputs/busco_output/run_saccharomycetaceae_odb12/hmmer_output/41501at4893.out --cpu 1 /data/busco_downloads/lineages/saccharomycetaceae_odb12/hmms/41501at4893.hmm outputs/busco_output/run_saccharomycetaceae_odb12/miniprot_output/translated_proteins/41501at4893.faa
2026-09-24 16:32:37 DEBUG:busco.busco_tools.Toolset	cmd call: hmmsearch --domtblout outputs/busco_output/run_saccharomycetaceae_odb12/hmmer_output/6385at4893.out --cpu 1 /data/busco_downloads/lineages/saccharomycetaceae_odb12/hmms/6385at4893.hmm outputs/busco_output/run_saccharomycetaceae_odb12/miniprot_output/translated_proteins/6385at4893.faa
2026-09-24 16:32:37 DEBUG:busco.busco_tools.Toolset	cmd call: hmmsearch --domtblout outputs/busco_output/run_saccharomycetaceae_odb12/hmmer_output/40845at4893.out --cpu 1 /data/busco_downloads/lineages/saccharomycetaceae_odb12/hmms/40845at4893.hmm outputs/busco_output/run_saccharomycetaceae_odb12/miniprot_output/translated_proteins/40845at4893.faa
2026-09-24 16:32:37 DEBUG:busco.busco_tools.Toolset	cmd call: hmmsearch --domtblout outputs/busco_output/run_saccharomycetaceae_odb12/hmmer_output/4406at4893.out --cpu 1 /data/busco_downloads/lineages/saccharomycetaceae_odb12/hmms/4406at4893.hmm outputs/busco_output/run_saccharomycetaceae_odb12/miniprot_output/translated_proteins/4406at4893.faa
2026-09-24 16:32:37 DEBUG:busco.busco_tools.Toolset	cmd call: hmmsearch --domtblout outputs/busco_output/run_saccharomycetaceae_odb12/hmmer_output/9873at4893.out --cpu 1 /data/busco_downloads/lineages/saccharomycetaceae_odb12/hmms/9873at4893.hmm outputs/busco_output/run_saccharomycetaceae_odb12/miniprot_output/translated_proteins/9873at4893.faa
2026-09-24 16:32:37 DEBUG:busco.busco_tools.Toolset	cmd call: hmmsearch --domtblout outputs/busco_output/run_saccharomycetaceae_odb12/hmmer_output/7636at4893.out --cpu 1 /data/busco_downloads/lineages/saccharomycetaceae_odb12/hmms/7636at4893.hmm outputs/busco_output/run_saccharomycetaceae_odb12/miniprot_output/translated_proteins/7636at4893.faa
2026-09-24 16:32:37 DEBUG:busco.busco_tools.Toolset	cmd call: hmmsearch --domtblout outputs/busco_output/run_saccharomycetaceae_odb12/hmmer_output/40250at4893.out --cpu 1 /data/busco_downloads/lineages/saccharomycetaceae_odb12/hmms/40250at4893.hmm outputs/busco_output/run_saccharomycetaceae_odb12/miniprot_output/translated_proteins/40250at4893.faa
2026-09-24 16:32:37 DEBUG:busco.busco_tools.Toolset	cmd call: hmmsearch --domtblout outputs/busco_output/run_saccharomycetaceae_odb12/hmmer_output/6397at4893.out --cpu 1 /data/busco_downloads/lineages/saccharomycetaceae_odb12/hmms/6397at4893.hmm outputs/busco_output/run_saccharomycetaceae_odb12/miniprot_output/translated_proteins/6397at4893.faa
2026-09-24 16:32:37 DEBUG:busco.busco_tools.Toolset	cmd call: hmmsearch --domtblout outputs/busco_output/run_saccharomycetaceae_odb12/hmmer_output/5312at4893.out --cpu 1 /data/busco_downloads/lineages/saccharomycetaceae_odb12/hmms/5312at4893.hmm outputs/busco_output/run_saccharomycetaceae_odb12/miniprot_output/translated_proteins/5312at4893.faa
2026-09-24 16:32:37 DEBUG:busco.busco_tools.Toolset	cmd call: hmmsearch --domtblout outputs/busco_output/run_saccharomycetaceae_odb12/hmmer_output/41502at4893.out --cpu 1 /data/busco_downloads/lineages/saccharomycetaceae_odb12/hmms/41502at4893.hmm outputs/busco_output/run_saccharomycetaceae_odb12/miniprot_output/translated_proteins/41502at4893.faa
2026-09-24 16:32:37 DEBUG:busco.busco_tools.Toolset	cmd call: hmmsearch --domtblout outputs/busco_output/run_saccharomycetaceae_odb12/hmmer_output/9941at4893.out --cpu 1 /data/busco_downloads/lineages/saccharomycetaceae_odb12/hmms/9941at4893.hmm outputs/busco_output/run_saccharomycetaceae_odb12/miniprot_output/translated_proteins/9941at4893.faa
2026-09-24 16:32:37 DEBUG:busco.busco_tools.Toolset	cmd call: hmmsearch --domtblout outputs/busco_output/run_saccharomycetaceae_odb12/hmmer_output/40854at4893.out --cpu 1 /data/busco_downloads/lineages/saccharomycetaceae_odb12/hmms/40854at4893.hmm outputs/busco_output/run_saccharomycetaceae_odb12/miniprot_output/translated_proteins/40854at4893.faa
2026-09-24 16:32:37 DEBUG:busco.busco_tools.Toolset	cmd call: hmmsearch --domtblout outputs/busco_output/run_saccharomycetaceae_odb12/hmmer_output/4411at4893.out --cpu 1 /data/busco_downloads/lineages/saccharomycetaceae_odb12/hmms/4411at4893.hmm outputs/busco_output/run_saccharomycetaceae_odb12/miniprot_output/translated_proteins/4411at4893.faa
2026-09-24 16:32:37 DEBUG:busco.busco_tools.Toolset	cmd call: hmmsearch --domtblout outputs/busco_output/run_saccharomycetaceae_odb12/hmmer_output/7641at4893.out --cpu 1 /data/busco_downloads/lineages/saccharomycetaceae_odb12/hmms/7641at4893.hmm outputs/busco_output/run_saccharomycetaceae_odb12/miniprot_output/translated_proteins/7641at4893.faa
2026-09-24 16:32:37 DEBUG:busco.busco_tools.Toolset	cmd call: hmmsearch --domtblout outputs/busco_output/run_saccharomycetaceae_odb12/hmmer_output/40252at4893.out --cpu 1 /data/busco_downloads/lineages/saccharomycetaceae_odb12/hmms/40252at4893.hmm outputs/busco_output/run_saccharomycetaceae_odb12/miniprot_output/translated_proteins/40252at4893.faa
2026-09-24 16:32:37 DEBUG:busco.busco_tools.Toolset	cmd call: hmmsearch --domtblout outputs/busco_output/run_saccharomycetaceae_odb12/hmmer_output/6426at4893.out --cpu 1 /data/busco_downloads/lineages/saccharomycetaceae_odb12/hmms/6426at4893.hmm outputs/busco_output/run_saccharomycetaceae_odb12/miniprot_output/translated_proteins/6426at4893.faa
2026-09-24 16:32:37 DEBUG:busco.busco_tools.Toolset	cmd call: hmmsearch --domtblout outputs/busco_output/run_saccharomycetaceae_odb12/hmmer_output/5335at4893.out --cpu 1 /data/busco_downloads/lineages/saccharomycetaceae_odb12/hmms/5335at4893.hmm outputs/busco_output/run_saccharomycetaceae_odb12/miniprot_output/translated_proteins/5335at4893.faa
2026-09-24 16:32:37 DEBUG:busco.busco_tools.Toolset	cmd call: hmmsearch --domtblout outputs/busco_output/run_saccharomycetaceae_odb12/hmmer_output/41514at4893.out --cpu 1 /data/busco_downloads/lineages/saccharomycetaceae_odb12/hmms/41514at4893.hmm outputs/busco_output/run_saccharomycetaceae_odb12/miniprot_output/translated_proteins/41514at4893.faa
2026-09-24 16:32:37 DEBUG:busco.busco_tools.Toolset	cmd call: hmmsearch --domtblout outputs/busco_output/run_saccharomycetaceae_odb12/hmmer_output/4443at4893.out --cpu 1 /data/busco_downloads/lineages/saccharomycetaceae_odb12/hmms/4443at4893.hmm outputs/busco_output/run_saccharomycetaceae_odb12/miniprot_output/translated_proteins/4443at4893.faa
2026-09-24 16:32:37 DEBUG:busco.busco_tools.Toolset	cmd call: hmmsearch --domtblout outputs/busco_output/run_saccharomycetaceae_odb12/hmmer_output/9967at4893.out --cpu 1 /data/busco_downloads/lineages/saccharomycetaceae_odb12/hmms/9967at4893.hmm outputs/busco_output/run_saccharomycetaceae_odb12/miniprot_output/translated_proteins/9967at4893.faa
2026-09-24 16:32:37 DEBUG:busco.busco_tools.Toolset	cmd call: hmmsearch --domtblout outputs/busco_output/run_saccharomycetaceae_odb12/hmmer_output/40867at4893.out --cpu 1 /data/busco_downloads/lineages/saccharomycetaceae_odb12/hmms/40867at4893.hmm outputs/busco_output/run_saccharomycetaceae_odb12/miniprot_output/translated_proteins/40867at4893.faa
2026-09-24 16:32:37 DEBUG:busco.busco_tools.Toolset	cmd call: hmmsearch --domtblout outputs/busco_output/run_saccharomycetaceae_odb12/hmmer_output/7657at4893.out --cpu 1 /data/busco_downloads/lineages/saccharomycetaceae_odb12/hmms/7657at4893.hmm outputs/busco_output/run_saccharomycetaceae_odb12/miniprot_output/translated_proteins/7657at4893.faa
2026-09-24 16:32:37 DEBUG:busco.busco_tools.Toolset	cmd call: hmmsearch --domtblout outputs/busco_output/run_saccharomycetaceae_odb12/hmmer_output/40262at4893.out --cpu 1 /data/busco_downloads/lineages/saccharomycetaceae_odb12/hmms/40262at4893.hmm outputs/busco_output/run_saccharomycetaceae_odb12/miniprot_output/translated_proteins/40262at4893.faa
2026-09-24 16:32:37 DEBUG:busco.busco_tools.Toolset	cmd call: hmmsearch --domtblout outputs/busco_output/run_saccharomycetaceae_odb12/hmmer_output/6436at4893.out --cpu 1 /data/busco_downloads/lineages/saccharomycetaceae_odb12/hmms/6436at4893.hmm outputs/busco_output/run_saccharomycetaceae_odb12/miniprot_output/translated_proteins/6436at4893.faa
2026-09-24 16:32:37 DEBUG:busco.busco_tools.Toolset	cmd call: hmmsearch --domtblout outputs/busco_output/run_saccharomycetaceae_odb12/hmmer_output/9995at4893.out --cpu 1 /data/busco_downloads/lineages/saccharomycetaceae_odb12/hmms/9995at4893.hmm outputs/busco_output/run_saccharomycetaceae_odb12/miniprot_output/translated_proteins/9995at4893.faa
2026-09-24 16:32:37 DEBUG:busco.busco_tools.Toolset	cmd call: hmmsearch --domtblout outputs/busco_output/run_saccharomycetaceae_odb12/hmmer_output/5344at4893.out --cpu 1 /data/busco_downloads/lineages/saccharomycetaceae_odb12/hmms/5344at4893.hmm outputs/busco_output/run_saccharomycetaceae_odb12/miniprot_output/translated_proteins/5344at4893.faa
2026-09-24 16:32:37 DEBUG:busco.busco_tools.Toolset	cmd call: hmmsearch --domtblout outputs/busco_output/run_saccharomycetaceae_odb12/hmmer_output/4445at4893.out --cpu 1 /data/busco_downloads/lineages/saccharomycetaceae_odb12/hmms/4445at4893.hmm outputs/busco_output/run_saccharomycetaceae_odb12/miniprot_output/translated_proteins/4445at4893.faa
2026-09-24 16:32:37 DEBUG:busco.busco_tools.Toolset	cmd call: hmmsearch --domtblout outputs/busco_output/run_saccharomycetaceae_odb12/hmmer_output/7667at4893.out --cpu 1 /data/busco_downloads/lineages/saccharomycetaceae_odb12/hmms/7667at4893.hmm outputs/busco_output/run_saccharomycetaceae_odb12/miniprot_output/translated_proteins/7667at4893.faa
2026-09-24 16:32:37 DEBUG:busco.busco_tools.Toolset	cmd call: hmmsearch --domtblout outputs/busco_output/run_saccharomycetaceae_odb12/hmmer_output/4028at4893.out --cpu 1 /data/busco_downloads/lineages/saccharomycetaceae_odb12/hmms/4028at4893.hmm outputs/busco_output/run_saccharomycetaceae_odb12/miniprot_output/translated_proteins/4028at4893.faa
2026-09-24 16:32:37 DEBUG:busco.busco_tools.Toolset	cmd call: hmmsearch --domtblout outputs/busco_output/run_saccharomycetaceae_odb12/hmmer_output/40874at4893.out --cpu 1 /data/busco_downloads/lineages/saccharomycetaceae_odb12/hmms/40874at4893.hmm outputs/busco_output/run_saccharomycetaceae_odb12/miniprot_output/translated_proteins/40874at4893.faa
2026-09-24 16:32:37 DEBUG:busco.busco_tools.Toolset	cmd call: hmmsearch --domtblout outputs/busco_output/run_saccharomycetaceae_odb12/hmmer_output/5354at4893.out --cpu 1 /data/busco_downloads/lineages/saccharomycetaceae_odb12/hmms/5354at4893.hmm outputs/busco_output/run_saccharomycetaceae_odb12/miniprot_output/translated_proteins/5354at4893.faa
2026-09-24 16:32:37 DEBUG:busco.busco_tools.Toolset	cmd call: hmmsearch --domtblout outputs/busco_output/run_saccharomycetaceae_odb12/hmmer_output/6506at4893.out --cpu 1 /data/busco_downloads/lineages/saccharomycetaceae_odb12/hmms/6506at4893.hmm outputs/busco_output/run_saccharomycetaceae_odb12/miniprot_output/translated_proteins/6506at4893.faa
2026-09-24 16:32:37 DEBUG:busco.busco_tools.Toolset	cmd call: hmmsearch --domtblout outputs/busco_output/run_saccharomycetaceae_odb12/hmmer_output/4489at4893.out --cpu 1 /data/busco_downloads/lineages/saccharomycetaceae_odb12/hmms/4489at4893.hmm outputs/busco_output/run_saccharomycetaceae_odb12/miniprot_output/translated_proteins/4489at4893.faa
2026-09-24 16:32:37 DEBUG:busco.busco_tools.Toolset	cmd call: hmmsearch --domtblout outputs/busco_output/run_saccharomycetaceae_odb12/hmmer_output/768at4893.out --cpu 1 /data/busco_downloads/lineages/saccharomycetaceae_odb12/hmms/768at4893.hmm outputs/busco_output/run_saccharomycetaceae_odb12/miniprot_output/translated_proteins/768at4893.faa
2026-09-24 16:32:38 DEBUG:busco.busco_tools.Toolset	cmd call: hmmsearch --domtblout outputs/busco_output/run_saccharomycetaceae_odb12/hmmer_output/41516at4893.out --cpu 1 /data/busco_downloads/lineages/saccharomycetaceae_odb12/hmms/41516at4893.hmm outputs/busco_output/run_saccharomycetaceae_odb12/miniprot_output/translated_proteins/41516at4893.faa
2026-09-24 16:32:38 DEBUG:busco.busco_tools.Toolset	cmd call: hmmsearch --domtblout outputs/busco_output/run_saccharomycetaceae_odb12/hmmer_output/40884at4893.out --cpu 1 /data/busco_downloads/lineages/saccharomycetaceae_odb12/hmms/40884at4893.hmm outputs/busco_output/run_saccharomycetaceae_odb12/miniprot_output/translated_proteins/40884at4893.faa
2026-09-24 16:32:38 DEBUG:busco.busco_tools.Toolset	cmd call: hmmsearch --domtblout outputs/busco_output/run_saccharomycetaceae_odb12/hmmer_output/5355at4893.out --cpu 1 /data/busco_downloads/lineages/saccharomycetaceae_odb12/hmms/5355at4893.hmm outputs/busco_output/run_saccharomycetaceae_odb12/miniprot_output/translated_proteins/5355at4893.faa
2026-09-24 16:32:38 DEBUG:busco.busco_tools.Toolset	cmd call: hmmsearch --domtblout outputs/busco_output/run_saccharomycetaceae_odb12/hmmer_output/40299at4893.out --cpu 1 /data/busco_downloads/lineages/saccharomycetaceae_odb12/hmms/40299at4893.hmm outputs/busco_output/run_saccharomycetaceae_odb12/miniprot_output/translated_proteins/40299at4893.faa
2026-09-24 16:32:38 DEBUG:busco.busco_tools.Toolset	cmd call: hmmsearch --domtblout outputs/busco_output/run_saccharomycetaceae_odb12/hmmer_output/6522at4893.out --cpu 1 /data/busco_downloads/lineages/saccharomycetaceae_odb12/hmms/6522at4893.hmm outputs/busco_output/run_saccharomycetaceae_odb12/miniprot_output/translated_proteins/6522at4893.faa
2026-09-24 16:32:38 DEBUG:busco.busco_tools.Toolset	cmd call: hmmsearch --domtblout outputs/busco_output/run_saccharomycetaceae_odb12/hmmer_output/7722at4893.out --cpu 1 /data/busco_downloads/lineages/saccharomycetaceae_odb12/hmms/7722at4893.hmm outputs/busco_output/run_saccharomycetaceae_odb12/miniprot_output/translated_proteins/7722at4893.faa
2026-09-24 16:32:38 DEBUG:busco.busco_tools.Toolset	cmd call: hmmsearch --domtblout outputs/busco_output/run_saccharomycetaceae_odb12/hmmer_output/4493at4893.out --cpu 1 /data/busco_downloads/lineages/saccharomycetaceae_odb12/hmms/4493at4893.hmm outputs/busco_output/run_saccharomycetaceae_odb12/miniprot_output/translated_proteins/4493at4893.faa
2026-09-24 16:32:38 DEBUG:busco.busco_tools.Toolset	cmd call: hmmsearch --domtblout outputs/busco_output/run_saccharomycetaceae_odb12/hmmer_output/41549at4893.out --cpu 1 /data/busco_downloads/lineages/saccharomycetaceae_odb12/hmms/41549at4893.hmm outputs/busco_output/run_saccharomycetaceae_odb12/miniprot_output/translated_proteins/41549at4893.faa
2026-09-24 16:32:38 DEBUG:busco.busco_tools.Toolset	cmd call: hmmsearch --domtblout outputs/busco_output/run_saccharomycetaceae_odb12/hmmer_output/40307at4893.out --cpu 1 /data/busco_downloads/lineages/saccharomycetaceae_odb12/hmms/40307at4893.hmm outputs/busco_output/run_saccharomycetaceae_odb12/miniprot_output/translated_proteins/40307at4893.faa
2026-09-24 16:32:38 DEBUG:busco.busco_tools.Toolset	cmd call: hmmsearch --domtblout outputs/busco_output/run_saccharomycetaceae_odb12/hmmer_output/5357at4893.out --cpu 1 /data/busco_downloads/lineages/saccharomycetaceae_odb12/hmms/5357at4893.hmm outputs/busco_output/run_saccharomycetaceae_odb12/miniprot_output/translated_proteins/5357at4893.faa
2026-09-24 16:32:38 DEBUG:busco.busco_tools.Toolset	cmd call: hmmsearch --domtblout outputs/busco_output/run_saccharomycetaceae_odb12/hmmer_output/7747at4893.out --cpu 1 /data/busco_downloads/lineages/saccharomycetaceae_odb12/hmms/7747at4893.hmm outputs/busco_output/run_saccharomycetaceae_odb12/miniprot_output/translated_proteins/7747at4893.faa
2026-09-24 16:32:38 DEBUG:busco.busco_tools.Toolset	cmd call: hmmsearch --domtblout outputs/busco_output/run_saccharomycetaceae_odb12/hmmer_output/6525at4893.out --cpu 1 /data/busco_downloads/lineages/saccharomycetaceae_odb12/hmms/6525at4893.hmm outputs/busco_output/run_saccharomycetaceae_odb12/miniprot_output/translated_proteins/6525at4893.faa
2026-09-24 16:32:38 DEBUG:busco.busco_tools.Toolset	cmd call: hmmsearch --domtblout outputs/busco_output/run_saccharomycetaceae_odb12/hmmer_output/4516at4893.out --cpu 1 /data/busco_downloads/lineages/saccharomycetaceae_odb12/hmms/4516at4893.hmm outputs/busco_output/run_saccharomycetaceae_odb12/miniprot_output/translated_proteins/4516at4893.faa
2026-09-24 16:32:38 DEBUG:busco.busco_tools.Toolset	cmd call: hmmsearch --domtblout outputs/busco_output/run_saccharomycetaceae_odb12/hmmer_output/41557at4893.out --cpu 1 /data/busco_downloads/lineages/saccharomycetaceae_odb12/hmms/41557at4893.hmm outputs/busco_output/run_saccharomycetaceae_odb12/miniprot_output/translated_proteins/41557at4893.faa
2026-09-24 16:32:38 DEBUG:busco.busco_tools.Toolset	cmd call: hmmsearch --domtblout outputs/busco_output/run_saccharomycetaceae_odb12/hmmer_output/6550at4893.out --cpu 1 /data/busco_downloads/lineages/saccharomycetaceae_odb12/hmms/6550at4893.hmm outputs/busco_output/run_saccharomycetaceae_odb12/miniprot_output/translated_proteins/6550at4893.faa
2026-09-24 16:32:38 DEBUG:busco.busco_tools.Toolset	cmd call: hmmsearch --domtblout outputs/busco_output/run_saccharomycetaceae_odb12/hmmer_output/5400at4893.out --cpu 1 /data/busco_downloads/lineages/saccharomycetaceae_odb12/hmms/5400at4893.hmm outputs/busco_output/run_saccharomycetaceae_odb12/miniprot_output/translated_proteins/5400at4893.faa
2026-09-24 16:32:38 DEBUG:busco.busco_tools.Toolset	cmd call: hmmsearch --domtblout outputs/busco_output/run_saccharomycetaceae_odb12/hmmer_output/7803at4893.out --cpu 1 /data/busco_downloads/lineages/saccharomycetaceae_odb12/hmms/7803at4893.hmm outputs/busco_output/run_saccharomycetaceae_odb12/miniprot_output/translated_proteins/7803at4893.faa
2026-09-24 16:32:38 DEBUG:busco.busco_tools.Toolset	cmd call: hmmsearch --domtblout outputs/busco_output/run_saccharomycetaceae_odb12/hmmer_output/41559at4893.out --cpu 1 /data/busco_downloads/lineages/saccharomycetaceae_odb12/hmms/41559at4893.hmm outputs/busco_output/run_saccharomycetaceae_odb12/miniprot_output/translated_proteins/41559at4893.faa
2026-09-24 16:32:38 DEBUG:busco.busco_tools.Toolset	cmd call: hmmsearch --domtblout outputs/busco_output/run_saccharomycetaceae_odb12/hmmer_output/40886at4893.out --cpu 1 /data/busco_downloads/lineages/saccharomycetaceae_odb12/hmms/40886at4893.hmm outputs/busco_output/run_saccharomycetaceae_odb12/miniprot_output/translated_proteins/40886at4893.faa
2026-09-24 16:32:38 DEBUG:busco.busco_tools.Toolset	cmd call: hmmsearch --domtblout outputs/busco_output/run_saccharomycetaceae_odb12/hmmer_output/7810at4893.out --cpu 1 /data/busco_downloads/lineages/saccharomycetaceae_odb12/hmms/7810at4893.hmm outputs/busco_output/run_saccharomycetaceae_odb12/miniprot_output/translated_proteins/7810at4893.faa
2026-09-24 16:32:38 DEBUG:busco.busco_tools.Toolset	cmd call: hmmsearch --domtblout outputs/busco_output/run_saccharomycetaceae_odb12/hmmer_output/5423at4893.out --cpu 1 /data/busco_downloads/lineages/saccharomycetaceae_odb12/hmms/5423at4893.hmm outputs/busco_output/run_saccharomycetaceae_odb12/miniprot_output/translated_proteins/5423at4893.faa
2026-09-24 16:32:38 DEBUG:busco.busco_tools.Toolset	cmd call: hmmsearch --domtblout outputs/busco_output/run_saccharomycetaceae_odb12/hmmer_output/4523at4893.out --cpu 1 /data/busco_downloads/lineages/saccharomycetaceae_odb12/hmms/4523at4893.hmm outputs/busco_output/run_saccharomycetaceae_odb12/miniprot_output/translated_proteins/4523at4893.faa
2026-09-24 16:32:38 DEBUG:busco.busco_tools.Toolset	cmd call: hmmsearch --domtblout outputs/busco_output/run_saccharomycetaceae_odb12/hmmer_output/41562at4893.out --cpu 1 /data/busco_downloads/lineages/saccharomycetaceae_odb12/hmms/41562at4893.hmm outputs/busco_output/run_saccharomycetaceae_odb12/miniprot_output/translated_proteins/41562at4893.faa
2026-09-24 16:32:38 DEBUG:busco.busco_tools.Toolset	cmd call: hmmsearch --domtblout outputs/busco_output/run_saccharomycetaceae_odb12/hmmer_output/655at4893.out --cpu 1 /data/busco_downloads/lineages/saccharomycetaceae_odb12/hmms/655at4893.hmm outputs/busco_output/run_saccharomycetaceae_odb12/miniprot_output/translated_proteins/655at4893.faa
2026-09-24 16:32:38 DEBUG:busco.busco_tools.Toolset	cmd call: hmmsearch --domtblout outputs/busco_output/run_saccharomycetaceae_odb12/hmmer_output/5430at4893.out --cpu 1 /data/busco_downloads/lineages/saccharomycetaceae_odb12/hmms/5430at4893.hmm outputs/busco_output/run_saccharomycetaceae_odb12/miniprot_output/translated_proteins/5430at4893.faa
2026-09-24 16:32:38 DEBUG:busco.busco_tools.Toolset	cmd call: hmmsearch --domtblout outputs/busco_output/run_saccharomycetaceae_odb12/hmmer_output/7838at4893.out --cpu 1 /data/busco_downloads/lineages/saccharomycetaceae_odb12/hmms/7838at4893.hmm outputs/busco_output/run_saccharomycetaceae_odb12/miniprot_output/translated_proteins/7838at4893.faa
2026-09-24 16:32:38 DEBUG:busco.busco_tools.Toolset	cmd call: hmmsearch --domtblout outputs/busco_output/run_saccharomycetaceae_odb12/hmmer_output/40890at4893.out --cpu 1 /data/busco_downloads/lineages/saccharomycetaceae_odb12/hmms/40890at4893.hmm outputs/busco_output/run_saccharomycetaceae_odb12/miniprot_output/translated_proteins/40890at4893.faa
2026-09-24 16:32:38 DEBUG:busco.busco_tools.Toolset	cmd call: hmmsearch --domtblout outputs/busco_output/run_saccharomycetaceae_odb12/hmmer_output/4524at4893.out --cpu 1 /data/busco_downloads/lineages/saccharomycetaceae_odb12/hmms/4524at4893.hmm outputs/busco_output/run_saccharomycetaceae_odb12/miniprot_output/translated_proteins/4524at4893.faa
2026-09-24 16:32:38 DEBUG:busco.busco_tools.Toolset	cmd call: hmmsearch --domtblout outputs/busco_output/run_saccharomycetaceae_odb12/hmmer_output/41570at4893.out --cpu 1 /data/busco_downloads/lineages/saccharomycetaceae_odb12/hmms/41570at4893.hmm outputs/busco_output/run_saccharomycetaceae_odb12/miniprot_output/translated_proteins/41570at4893.faa
2026-09-24 16:32:38 DEBUG:busco.busco_tools.Toolset	cmd call: hmmsearch --domtblout outputs/busco_output/run_saccharomycetaceae_odb12/hmmer_output/7860at4893.out --cpu 1 /data/busco_downloads/lineages/saccharomycetaceae_odb12/hmms/7860at4893.hmm outputs/busco_output/run_saccharomycetaceae_odb12/miniprot_output/translated_proteins/7860at4893.faa
2026-09-24 16:32:38 DEBUG:busco.busco_tools.Toolset	cmd call: hmmsearch --domtblout outputs/busco_output/run_saccharomycetaceae_odb12/hmmer_output/6629at4893.out --cpu 1 /data/busco_downloads/lineages/saccharomycetaceae_odb12/hmms/6629at4893.hmm outputs/busco_output/run_saccharomycetaceae_odb12/miniprot_output/translated_proteins/6629at4893.faa
2026-09-24 16:32:38 DEBUG:busco.busco_tools.Toolset	cmd call: hmmsearch --domtblout outputs/busco_output/run_saccharomycetaceae_odb12/hmmer_output/5444at4893.out --cpu 1 /data/busco_downloads/lineages/saccharomycetaceae_odb12/hmms/5444at4893.hmm outputs/busco_output/run_saccharomycetaceae_odb12/miniprot_output/translated_proteins/5444at4893.faa
2026-09-24 16:32:38 DEBUG:busco.busco_tools.Toolset	cmd call: hmmsearch --domtblout outputs/busco_output/run_saccharomycetaceae_odb12/hmmer_output/40894at4893.out --cpu 1 /data/busco_downloads/lineages/saccharomycetaceae_odb12/hmms/40894at4893.hmm outputs/busco_output/run_saccharomycetaceae_odb12/miniprot_output/translated_proteins/40894at4893.faa
2026-09-24 16:32:38 DEBUG:busco.busco_tools.Toolset	cmd call: hmmsearch --domtblout outputs/busco_output/run_saccharomycetaceae_odb12/hmmer_output/6649at4893.out --cpu 1 /data/busco_downloads/lineages/saccharomycetaceae_odb12/hmms/6649at4893.hmm outputs/busco_output/run_saccharomycetaceae_odb12/miniprot_output/translated_proteins/6649at4893.faa
2026-09-24 16:32:38 DEBUG:busco.busco_tools.Toolset	cmd call: hmmsearch --domtblout outputs/busco_output/run_saccharomycetaceae_odb12/hmmer_output/4526at4893.out --cpu 1 /data/busco_downloads/lineages/saccharomycetaceae_odb12/hmms/4526at4893.hmm outputs/busco_output/run_saccharomycetaceae_odb12/miniprot_output/translated_proteins/4526at4893.faa
2026-09-24 16:32:38 DEBUG:busco.busco_tools.Toolset	cmd call: hmmsearch --domtblout outputs/busco_output/run_saccharomycetaceae_odb12/hmmer_output/787at4893.out --cpu 1 /data/busco_downloads/lineages/saccharomycetaceae_odb12/hmms/787at4893.hmm outputs/busco_output/run_saccharomycetaceae_odb12/miniprot_output/translated_proteins/787at4893.faa
2026-09-24 16:32:39 DEBUG:busco.busco_tools.Toolset	cmd call: hmmsearch --domtblout outputs/busco_output/run_saccharomycetaceae_odb12/hmmer_output/5450at4893.out --cpu 1 /data/busco_downloads/lineages/saccharomycetaceae_odb12/hmms/5450at4893.hmm outputs/busco_output/run_saccharomycetaceae_odb12/miniprot_output/translated_proteins/5450at4893.faa
2026-09-24 16:32:39 DEBUG:busco.busco_tools.Toolset	cmd call: hmmsearch --domtblout outputs/busco_output/run_saccharomycetaceae_odb12/hmmer_output/4535at4893.out --cpu 1 /data/busco_downloads/lineages/saccharomycetaceae_odb12/hmms/4535at4893.hmm outputs/busco_output/run_saccharomycetaceae_odb12/miniprot_output/translated_proteins/4535at4893.faa
2026-09-24 16:32:39 DEBUG:busco.busco_tools.Toolset	cmd call: hmmsearch --domtblout outputs/busco_output/run_saccharomycetaceae_odb12/hmmer_output/40896at4893.out --cpu 1 /data/busco_downloads/lineages/saccharomycetaceae_odb12/hmms/40896at4893.hmm outputs/busco_output/run_saccharomycetaceae_odb12/miniprot_output/translated_proteins/40896at4893.faa
2026-09-24 16:32:39 DEBUG:busco.busco_tools.Toolset	cmd call: hmmsearch --domtblout outputs/busco_output/run_saccharomycetaceae_odb12/hmmer_output/7902at4893.out --cpu 1 /data/busco_downloads/lineages/saccharomycetaceae_odb12/hmms/7902at4893.hmm outputs/busco_output/run_saccharomycetaceae_odb12/miniprot_output/translated_proteins/7902at4893.faa
2026-09-24 16:32:39 DEBUG:busco.busco_tools.Toolset	cmd call: hmmsearch --domtblout outputs/busco_output/run_saccharomycetaceae_odb12/hmmer_output/6663at4893.out --cpu 1 /data/busco_downloads/lineages/saccharomycetaceae_odb12/hmms/6663at4893.hmm outputs/busco_output/run_saccharomycetaceae_odb12/miniprot_output/translated_proteins/6663at4893.faa
2026-09-24 16:32:39 DEBUG:busco.busco_tools.Toolset	cmd call: hmmsearch --domtblout outputs/busco_output/run_saccharomycetaceae_odb12/hmmer_output/5451at4893.out --cpu 1 /data/busco_downloads/lineages/saccharomycetaceae_odb12/hmms/5451at4893.hmm outputs/busco_output/run_saccharomycetaceae_odb12/miniprot_output/translated_proteins/5451at4893.faa
2026-09-24 16:32:39 DEBUG:busco.busco_tools.Toolset	cmd call: hmmsearch --domtblout outputs/busco_output/run_saccharomycetaceae_odb12/hmmer_output/40904at4893.out --cpu 1 /data/busco_downloads/lineages/saccharomycetaceae_odb12/hmms/40904at4893.hmm outputs/busco_output/run_saccharomycetaceae_odb12/miniprot_output/translated_proteins/40904at4893.faa
2026-09-24 16:32:39 DEBUG:busco.busco_tools.Toolset	cmd call: hmmsearch --domtblout outputs/busco_output/run_saccharomycetaceae_odb12/hmmer_output/7905at4893.out --cpu 1 /data/busco_downloads/lineages/saccharomycetaceae_odb12/hmms/7905at4893.hmm outputs/busco_output/run_saccharomycetaceae_odb12/miniprot_output/translated_proteins/7905at4893.faa
2026-09-24 16:32:39 DEBUG:busco.busco_tools.Toolset	cmd call: hmmsearch --domtblout outputs/busco_output/run_saccharomycetaceae_odb12/hmmer_output/4549at4893.out --cpu 1 /data/busco_downloads/lineages/saccharomycetaceae_odb12/hmms/4549at4893.hmm outputs/busco_output/run_saccharomycetaceae_odb12/miniprot_output/translated_proteins/4549at4893.faa
2026-09-24 16:32:39 DEBUG:busco.busco_tools.Toolset	cmd call: hmmsearch --domtblout outputs/busco_output/run_saccharomycetaceae_odb12/hmmer_output/6673at4893.out --cpu 1 /data/busco_downloads/lineages/saccharomycetaceae_odb12/hmms/6673at4893.hmm outputs/busco_output/run_saccharomycetaceae_odb12/miniprot_output/translated_proteins/6673at4893.faa
2026-09-24 16:32:39 DEBUG:busco.busco_tools.Toolset	cmd call: hmmsearch --domtblout outputs/busco_output/run_saccharomycetaceae_odb12/hmmer_output/5519at4893.out --cpu 1 /data/busco_downloads/lineages/saccharomycetaceae_odb12/hmms/5519at4893.hmm outputs/busco_output/run_saccharomycetaceae_odb12/miniprot_output/translated_proteins/5519at4893.faa
2026-09-24 16:32:39 DEBUG:busco.busco_tools.Toolset	cmd call: hmmsearch --domtblout outputs/busco_output/run_saccharomycetaceae_odb12/hmmer_output/40905at4893.out --cpu 1 /data/busco_downloads/lineages/saccharomycetaceae_odb12/hmms/40905at4893.hmm outputs/busco_output/run_saccharomycetaceae_odb12/miniprot_output/translated_proteins/40905at4893.faa
2026-09-24 16:32:39 DEBUG:busco.busco_tools.Toolset	cmd call: hmmsearch --domtblout outputs/busco_output/run_saccharomycetaceae_odb12/hmmer_output/4563at4893.out --cpu 1 /data/busco_downloads/lineages/saccharomycetaceae_odb12/hmms/4563at4893.hmm outputs/busco_output/run_saccharomycetaceae_odb12/miniprot_output/translated_proteins/4563at4893.faa
2026-09-24 16:32:39 DEBUG:busco.busco_tools.Toolset	cmd call: hmmsearch --domtblout outputs/busco_output/run_saccharomycetaceae_odb12/hmmer_output/6682at4893.out --cpu 1 /data/busco_downloads/lineages/saccharomycetaceae_odb12/hmms/6682at4893.hmm outputs/busco_output/run_saccharomycetaceae_odb12/miniprot_output/translated_proteins/6682at4893.faa
2026-09-24 16:32:39 DEBUG:busco.busco_tools.Toolset	cmd call: hmmsearch --domtblout outputs/busco_output/run_saccharomycetaceae_odb12/hmmer_output/791at4893.out --cpu 1 /data/busco_downloads/lineages/saccharomycetaceae_odb12/hmms/791at4893.hmm outputs/busco_output/run_saccharomycetaceae_odb12/miniprot_output/translated_proteins/791at4893.faa
2026-09-24 16:32:39 DEBUG:busco.busco_tools.Toolset	cmd call: hmmsearch --domtblout outputs/busco_output/run_saccharomycetaceae_odb12/hmmer_output/5521at4893.out --cpu 1 /data/busco_downloads/lineages/saccharomycetaceae_odb12/hmms/5521at4893.hmm outputs/busco_output/run_saccharomycetaceae_odb12/miniprot_output/translated_proteins/5521at4893.faa
2026-09-24 16:32:39 DEBUG:busco.busco_tools.Toolset	cmd call: hmmsearch --domtblout outputs/busco_output/run_saccharomycetaceae_odb12/hmmer_output/4565at4893.out --cpu 1 /data/busco_downloads/lineages/saccharomycetaceae_odb12/hmms/4565at4893.hmm outputs/busco_output/run_saccharomycetaceae_odb12/miniprot_output/translated_proteins/4565at4893.faa
2026-09-24 16:32:39 DEBUG:busco.busco_tools.Toolset	cmd call: hmmsearch --domtblout outputs/busco_output/run_saccharomycetaceae_odb12/hmmer_output/7940at4893.out --cpu 1 /data/busco_downloads/lineages/saccharomycetaceae_odb12/hmms/7940at4893.hmm outputs/busco_output/run_saccharomycetaceae_odb12/miniprot_output/translated_proteins/7940at4893.faa
2026-09-24 16:32:39 DEBUG:busco.busco_tools.Toolset	cmd call: hmmsearch --domtblout outputs/busco_output/run_saccharomycetaceae_odb12/hmmer_output/6707at4893.out --cpu 1 /data/busco_downloads/lineages/saccharomycetaceae_odb12/hmms/6707at4893.hmm outputs/busco_output/run_saccharomycetaceae_odb12/miniprot_output/translated_proteins/6707at4893.faa
2026-09-24 16:32:39 DEBUG:busco.busco_tools.Toolset	cmd call: hmmsearch --domtblout outputs/busco_output/run_saccharomycetaceae_odb12/hmmer_output/7950at4893.out --cpu 1 /data/busco_downloads/lineages/saccharomycetaceae_odb12/hmms/7950at4893.hmm outputs/busco_output/run_saccharomycetaceae_odb12/miniprot_output/translated_proteins/7950at4893.faa
2026-09-24 16:32:39 DEBUG:busco.busco_tools.Toolset	cmd call: hmmsearch --domtblout outputs/busco_output/run_saccharomycetaceae_odb12/hmmer_output/6715at4893.out --cpu 1 /data/busco_downloads/lineages/saccharomycetaceae_odb12/hmms/6715at4893.hmm outputs/busco_output/run_saccharomycetaceae_odb12/miniprot_output/translated_proteins/6715at4893.faa
2026-09-24 16:32:39 DEBUG:busco.busco_tools.Toolset	cmd call: hmmsearch --domtblout outputs/busco_output/run_saccharomycetaceae_odb12/hmmer_output/6729at4893.out --cpu 1 /data/busco_downloads/lineages/saccharomycetaceae_odb12/hmms/6729at4893.hmm outputs/busco_output/run_saccharomycetaceae_odb12/miniprot_output/translated_proteins/6729at4893.faa
2026-09-24 16:32:39 DEBUG:busco.busco_tools.Toolset	cmd call: hmmsearch --domtblout outputs/busco_output/run_saccharomycetaceae_odb12/hmmer_output/5540at4893.out --cpu 1 /data/busco_downloads/lineages/saccharomycetaceae_odb12/hmms/5540at4893.hmm outputs/busco_output/run_saccharomycetaceae_odb12/miniprot_output/translated_proteins/5540at4893.faa
2026-09-24 16:32:39 DEBUG:busco.busco_tools.Toolset	cmd call: hmmsearch --domtblout outputs/busco_output/run_saccharomycetaceae_odb12/hmmer_output/6733at4893.out --cpu 1 /data/busco_downloads/lineages/saccharomycetaceae_odb12/hmms/6733at4893.hmm outputs/busco_output/run_saccharomycetaceae_odb12/miniprot_output/translated_proteins/6733at4893.faa
2026-09-24 16:32:39 DEBUG:busco.busco_tools.Toolset	cmd call: hmmsearch --domtblout outputs/busco_output/run_saccharomycetaceae_odb12/hmmer_output/5568at4893.out --cpu 1 /data/busco_downloads/lineages/saccharomycetaceae_odb12/hmms/5568at4893.hmm outputs/busco_output/run_saccharomycetaceae_odb12/miniprot_output/translated_proteins/5568at4893.faa
2026-09-24 16:32:40 DEBUG:busco.busco_tools.Toolset	cmd call: hmmsearch --domtblout outputs/busco_output/run_saccharomycetaceae_odb12/hmmer_output/673at4893.out --cpu 1 /data/busco_downloads/lineages/saccharomycetaceae_odb12/hmms/673at4893.hmm outputs/busco_output/run_saccharomycetaceae_odb12/miniprot_output/translated_proteins/673at4893.faa
2026-09-24 16:32:40 DEBUG:busco.busco_tools.Toolset	cmd call: hmmsearch --domtblout outputs/busco_output/run_saccharomycetaceae_odb12/hmmer_output/6759at4893.out --cpu 1 /data/busco_downloads/lineages/saccharomycetaceae_odb12/hmms/6759at4893.hmm outputs/busco_output/run_saccharomycetaceae_odb12/miniprot_output/translated_proteins/6759at4893.faa
2026-09-24 16:32:40 DEBUG:busco.busco_tools.Toolset	cmd call: hmmsearch --domtblout outputs/busco_output/run_saccharomycetaceae_odb12/hmmer_output/556at4893.out --cpu 1 /data/busco_downloads/lineages/saccharomycetaceae_odb12/hmms/556at4893.hmm outputs/busco_output/run_saccharomycetaceae_odb12/miniprot_output/translated_proteins/556at4893.faa
2026-09-24 16:32:40 DEBUG:busco.busco_tools.Toolset	cmd call: hmmsearch --domtblout outputs/busco_output/run_saccharomycetaceae_odb12/hmmer_output/676at4893.out --cpu 1 /data/busco_downloads/lineages/saccharomycetaceae_odb12/hmms/676at4893.hmm outputs/busco_output/run_saccharomycetaceae_odb12/miniprot_output/translated_proteins/676at4893.faa
2026-09-24 16:32:40 DEBUG:busco.busco_tools.Toolset	cmd call: hmmsearch --domtblout outputs/busco_output/run_saccharomycetaceae_odb12/hmmer_output/5595at4893.out --cpu 1 /data/busco_downloads/lineages/saccharomycetaceae_odb12/hmms/5595at4893.hmm outputs/busco_output/run_saccharomycetaceae_odb12/miniprot_output/translated_proteins/5595at4893.faa
2026-09-24 16:32:40 DEBUG:busco.busco_tools.Toolset	cmd call: hmmsearch --domtblout outputs/busco_output/run_saccharomycetaceae_odb12/hmmer_output/5604at4893.out --cpu 1 /data/busco_downloads/lineages/saccharomycetaceae_odb12/hmms/5604at4893.hmm outputs/busco_output/run_saccharomycetaceae_odb12/miniprot_output/translated_proteins/5604at4893.faa
2026-09-24 16:32:40 DEBUG:busco.busco_tools.Toolset	cmd call: hmmsearch --domtblout outputs/busco_output/run_saccharomycetaceae_odb12/hmmer_output/5630at4893.out --cpu 1 /data/busco_downloads/lineages/saccharomycetaceae_odb12/hmms/5630at4893.hmm outputs/busco_output/run_saccharomycetaceae_odb12/miniprot_output/translated_proteins/5630at4893.faa
2026-09-24 16:32:40 INFO:busco.busco_tools.Toolset	[hmmsearch]	2129 of 2129 task(s) completed
2026-09-24 16:32:43 INFO:busco.analysis.GenomeAnalysis	578 exons in total
2026-09-24 16:32:43 WARNING:busco.busco_tools.hmmer	36 of 513 Complete matches (7.0%) contain internal stop codons in Miniprot gene predictions
2026-09-24 16:32:43 DEBUG:busco.busco_tools.hmmer	***** Results: *****

 C:15.6%[S:15.6%,D:0.0%],F:0.7%,M:83.7%,n:3282,E:7.0%	   
 513	Complete BUSCOs (C)	(of which 36 contain internal stop codons)		   
 512	Complete and single-copy BUSCOs (S)	   
 1	Complete and duplicated BUSCOs (D)	   
 22	Fragmented BUSCOs (F)			   
 2747	Missing BUSCOs (M)			   
 3282	Total BUSCO groups searched		   

2026-09-24 16:32:44 INFO:busco.BuscoRunner	

    -------------------------------------------------------------------------------------------
    |Results from dataset saccharomycetaceae_odb12                                             |
    -------------------------------------------------------------------------------------------
    |C:15.6%[S:15.6%,D:0.0%],F:0.7%,M:83.7%,n:3282,E:7.0%                                      |
    |513    Complete BUSCOs (C)    (of which 36 contain internal stop codons)                  |
    |512    Complete and single-copy BUSCOs (S)                                                |
    |1    Complete and duplicated BUSCOs (D)                                                   |
    |22    Fragmented BUSCOs (F)                                                               |
    |2747    Missing BUSCOs (M)                                                                |
    |3282    Total BUSCO groups searched                                                       |
    -------------------------------------------------------------------------------------------
2026-09-24 16:32:44 INFO:busco.BuscoRunner	BUSCO analysis done with WARNING(s). Total running time: 259 seconds

***** Summary of warnings: *****
2026-09-24 16:32:44 INFO:busco.BuscoRunner	Results written in outputs/busco_output
2026-09-24 16:32:44 INFO:busco.BuscoRunner	For assistance with interpreting the results, please consult the userguide: https://busco.ezlab.org/busco_userguide.html

2026-09-24 16:32:44 INFO:busco.BuscoRunner	Visit this page https://gitlab.com/ezlab/busco#how-to-cite-busco to see how to cite BUSCO
2026-09-24 16:32:44 INFO:busco.run_BUSCO	Thank you for using BUSCO! Anonymous usage data is gathered to improve the tool. You may opt out with --opt-out-run-stats.
2026-09-24 16:32:44 DEBUG:urllib3.connectionpool	Starting new HTTPS connection (1): ipinfo.io:443
2026-09-24 16:32:44 DEBUG:urllib3.connectionpool	Starting new HTTPS connection (1): ipinfo.io:443
2026-09-24 16:32:44 DEBUG:urllib3.connectionpool	https://ipinfo.io:443 "GET /172.17.0.2/json HTTP/1.1" 200 None
2026-09-24 16:32:44 DEBUG:urllib3.connectionpool	https://ipinfo.io:443 "GET /172.17.0.2/json HTTP/1.1" 200 None
2026-09-24 16:32:44 DEBUG:urllib3.connectionpool	Starting new HTTPS connection (1): busco-data.ezlab.org:443
2026-09-24 16:32:44 DEBUG:urllib3.connectionpool	Starting new HTTPS connection (1): busco-data.ezlab.org:443
2026-09-24 16:32:45 DEBUG:urllib3.connectionpool	https://busco-data.ezlab.org:443 "POST /uploaddb HTTP/1.1" 502 157
2026-09-24 16:32:45 DEBUG:urllib3.connectionpool	https://busco-data.ezlab.org:443 "POST /uploaddb HTTP/1.1" 502 157
