[2026-09-24 08:38:46] root: INFO: Starting Flye 2.9.6-b1802
[2026-09-24 08:38:46] root: DEBUG: Cmd: /Users/alee083/miniconda3/envs/flye-env/bin/flye --nano-raw data/ERR1539006.fastq.gz --out-dir outputs/flye_output --threads 8 --genome-size 12m
[2026-09-24 08:38:46] root: DEBUG: Python version: 3.10.21 | packaged by conda-forge | (main, Aug 21 2026, 22:37:53) [Clang 19.1.7 ]
[2026-09-24 08:38:46] root: INFO: >>>STAGE: configure
[2026-09-24 08:38:46] root: INFO: Configuring run
[2026-09-24 08:38:47] root: INFO: Total read length: 122584622
[2026-09-24 08:38:47] root: INFO: Input genome size: 12000000
[2026-09-24 08:38:47] root: INFO: Estimated coverage: 10
[2026-09-24 08:38:47] root: INFO: Reads N50/N90: 8078 / 4098
[2026-09-24 08:38:47] root: INFO: Minimum overlap set to 4000
[2026-09-24 08:38:47] root: INFO: >>>STAGE: assembly
[2026-09-24 08:38:47] root: INFO: Assembling disjointigs
[2026-09-24 08:38:47] root: DEBUG: -----Begin assembly log------
[2026-09-24 08:38:47] root: DEBUG: Running: flye-modules assemble --reads /Users/alee083/data/ERR1539006.fastq.gz --out-asm /Users/alee083/outputs/flye_output/00-assembly/draft_assembly.fasta --config /Users/alee083/miniconda3/envs/flye-env/lib/python3.10/site-packages/flye/config/bin_cfg/asm_raw_reads.cfg --log /Users/alee083/outputs/flye_output/flye.log --threads 8 --genome-size 12000000 --min-ovlp 4000
[2026-09-24 08:38:47] DEBUG: Build date: Apr 13 2026 04:09:05
[2026-09-24 08:38:47] DEBUG: Total RAM: 16 Gb
[2026-09-24 08:38:47] DEBUG: Available RAM: 0 Gb
[2026-09-24 08:38:47] DEBUG: Total CPUs: 8
[2026-09-24 08:38:47] DEBUG: Loading /Users/alee083/miniconda3/envs/flye-env/lib/python3.10/site-packages/flye/config/bin_cfg/asm_raw_reads.cfg
[2026-09-24 08:38:47] DEBUG: Loading /Users/alee083/miniconda3/envs/flye-env/lib/python3.10/site-packages/flye/config/bin_cfg/asm_defaults.cfg
[2026-09-24 08:38:47] DEBUG: 	big_genome_threshold=29000000
[2026-09-24 08:38:47] DEBUG: 	meta_read_filter_kmer_freq=100
[2026-09-24 08:38:47] DEBUG: 	chain_large_gap_penalty=2
[2026-09-24 08:38:47] DEBUG: 	chain_small_gap_penalty=0.5
[2026-09-24 08:38:47] DEBUG: 	chain_gap_jump_threshold=100
[2026-09-24 08:38:47] DEBUG: 	max_jump_gap=500
[2026-09-24 08:38:47] DEBUG: 	max_coverage_drop_rate=5
[2026-09-24 08:38:47] DEBUG: 	max_extensions_drop_rate=5
[2026-09-24 08:38:47] DEBUG: 	chimera_window=100
[2026-09-24 08:38:47] DEBUG: 	chimera_overhang=1000
[2026-09-24 08:38:47] DEBUG: 	min_reads_in_disjointig=4
[2026-09-24 08:38:47] DEBUG: 	max_inner_reads=10
[2026-09-24 08:38:47] DEBUG: 	max_inner_fraction=0.25
[2026-09-24 08:38:47] DEBUG: 	aggressive_dup_filter=1
[2026-09-24 08:38:47] DEBUG: 	max_separation=500
[2026-09-24 08:38:47] DEBUG: 	unique_edge_length=50000
[2026-09-24 08:38:47] DEBUG: 	min_repeat_res_support=0.51
[2026-09-24 08:38:47] DEBUG: 	out_paths_ratio=5
[2026-09-24 08:38:47] DEBUG: 	graph_cov_drop_rate=5
[2026-09-24 08:38:47] DEBUG: 	coverage_estimate_window=100
[2026-09-24 08:38:47] DEBUG: 	max_bubble_length=50000
[2026-09-24 08:38:47] DEBUG: 	loop_coverage_rate=1.5
[2026-09-24 08:38:47] DEBUG: 	repeat_edge_cov_mult=1.75
[2026-09-24 08:38:47] DEBUG: 	weak_detach_rate=5
[2026-09-24 08:38:47] DEBUG: 	tip_coverage_rate=2
[2026-09-24 08:38:47] DEBUG: 	tip_length_rate=2
[2026-09-24 08:38:47] DEBUG: 	output_gfa_before_rr=1
[2026-09-24 08:38:47] DEBUG: 	remove_alt_edges=0
[2026-09-24 08:38:47] DEBUG: 	low_cutoff_warning=1
[2026-09-24 08:38:47] DEBUG: 	kmer_size=17
[2026-09-24 08:38:47] DEBUG: 	use_minimizers=0
[2026-09-24 08:38:47] DEBUG: 	reads_base_alignment=0
[2026-09-24 08:38:47] DEBUG: 	meta_read_top_kmer_rate=0.40
[2026-09-24 08:38:47] DEBUG: 	maximum_jump=1500
[2026-09-24 08:38:47] DEBUG: 	maximum_overhang=1500
[2026-09-24 08:38:47] DEBUG: 	repeat_kmer_rate=100
[2026-09-24 08:38:47] DEBUG: 	assemble_ovlp_divergence=0.10
[2026-09-24 08:38:47] DEBUG: 	assemble_divergence_relative=1
[2026-09-24 08:38:47] DEBUG: 	repeat_graph_ovlp_divergence=0.08
[2026-09-24 08:38:47] DEBUG: 	read_align_ovlp_divergence=0.25
[2026-09-24 08:38:47] DEBUG: 	hpc_scoring_on=0
[2026-09-24 08:38:47] DEBUG: 	add_unassembled_reads=0
[2026-09-24 08:38:47] DEBUG: 	extend_contigs_with_repeats=0
[2026-09-24 08:38:47] DEBUG: 	min_read_cov_cutoff=3
[2026-09-24 08:38:47] DEBUG: 	short_tip_length=20000
[2026-09-24 08:38:47] DEBUG: 	long_tip_length=100000
[2026-09-24 08:38:47] DEBUG: Running with k-mer size: 17
[2026-09-24 08:38:47] DEBUG: Running with minimum overlap 4000
[2026-09-24 08:38:47] DEBUG: Metagenome mode: N
[2026-09-24 08:38:47] DEBUG: Short mode: N
[2026-09-24 08:38:47] INFO: Reading sequences
[2026-09-24 08:38:48] DEBUG: Building positional index
[2026-09-24 08:38:48] DEBUG: Total sequence: 110855999 bp
[2026-09-24 08:38:49] INFO: Counting k-mers:
[2026-09-24 08:39:27] DEBUG: Updating k-mer histogram
[2026-09-24 08:39:42] DEBUG: Hash size: 16323
[2026-09-24 08:39:42] DEBUG: Total k-mers 103506676
[2026-09-24 08:39:42] INFO: Filling index table (1/2)
[2026-09-24 08:40:38] DEBUG: Mean k-mer frequency: 2.54261
[2026-09-24 08:40:38] DEBUG: Repetitive k-mer frequency: 254
[2026-09-24 08:40:38] DEBUG: Filtered 18529 repetitive k-mers (0.00163946)
[2026-09-24 08:40:38] INFO: Filling index table (2/2)
[2026-09-24 08:41:34] DEBUG: Sorting k-mer index
[2026-09-24 08:41:34] DEBUG: Selected k-mers: 4518490
[2026-09-24 08:41:34] DEBUG: Index size: 11356234
[2026-09-24 08:41:34] DEBUG: Mean k-mer index frequency: 2.51328
[2026-09-24 08:41:34] DEBUG: Peak RAM usage: 6 Gb
[2026-09-24 08:41:34] DEBUG: Estimating k-mer identity bias
[2026-09-24 08:41:34] DEBUG: Initial divergence estimate : 0.203361
[2026-09-24 08:41:34] DEBUG: Relative threshold: Y
[2026-09-24 08:41:34] DEBUG: Max divergence threshold set to 0.303361
[2026-09-24 08:41:34] INFO: Extending reads
[2026-09-24 08:41:34] DEBUG: Estimating overlap coverage
[2026-09-24 08:41:37] INFO: Overlap-based coverage: 2
[2026-09-24 08:41:37] INFO: Median overlap divergence: 0.202644
[2026-09-24 08:41:37] DEBUG: Sequence divergence distribution: 

    |                                    *                       |                                       
    |                                    *    *                  |                                       
    |                                  * *    *                  |                                       
    |                                  * **  **                  |                                       
    |                                 ** **  **  *               |                                       
    |                                 ** *** **  *               |                                       
    |                                 *********  * *             |                                       
    |                                 *********  * **            |                                       
    |                                 ************ **            |                                       
    |                                 ****************           |                                       
    |                                ***************** *         |                                       
    |                                *******************         |                                       
    |                                *******************         |                                       
    |                              * *******************  *      |                                       
    |                              ************************      |                                       
    |                       *     *************************      |                                       
    |                      **  *  *************************      |                                       
    |                      *** *  ************************** ** **                                       
    |                   *  ****** ************************** *******  *                                  
    |             *   ************************************************** *        *                      
    ----------------------------------------------------------------------------------------------------
    0%        5%        10%       15%       20%       25%       30%       35%       40%       45%       

    Q25 = 0.18, Q50 = 0.2, Q75 = 0.23

[2026-09-24 08:41:37] DEBUG: Assembled disjointig 1
	With 1 reads
	Start read: +ERR1539006.16166
	At position: 1
	leftTip: 1 rightTip: 1
	Suspicious: 0
	Short ext: 0
	Mean extensions: 0
	Avg overlap len: 0
	Min overlap len: 0
	Inner reads: 0
	Length: 8112
[2026-09-24 08:41:37] DEBUG: Inner: 4 covered: 22 total: 27752
[2026-09-24 08:41:37] DEBUG: Assembled disjointig 2
	With 3 reads
	Start read: +ERR1539006.19309
	At position: 2
	leftTip: 1 rightTip: 1
	Suspicious: 2
	Short ext: 2
	Mean extensions: 1
	Avg overlap len: 3178
	Min overlap len: 1112
	Inner reads: 0
	Length: 19052
[2026-09-24 08:41:37] DEBUG: Inner: 18 covered: 40 total: 27752
[2026-09-24 08:41:37] DEBUG: Assembled disjointig 3
	With 5 reads
	Start read: +ERR1539006.4171
	At position: 4
	leftTip: 1 rightTip: 1
	Suspicious: 4
	Short ext: 2
	Mean extensions: 1
	Avg overlap len: 5230
	Min overlap len: 2479
	Inner reads: 0
	Length: 17895
[2026-09-24 08:41:37] DEBUG: Inner: 40 covered: 60 total: 27752
[2026-09-24 08:41:37] DEBUG: Assembled disjointig 4
	With 4 reads
	Start read: +ERR1539006.12301
	At position: 1
	leftTip: 1 rightTip: 1
	Suspicious: 2
	Short ext: 2
	Mean extensions: 1
	Avg overlap len: 2281
	Min overlap len: 2157
	Inner reads: 0
	Length: 18590
[2026-09-24 08:41:37] DEBUG: Inner: 70 covered: 94 total: 27752
[2026-09-24 08:41:37] DEBUG: Assembled disjointig 5
	With 1 reads
	Start read: +ERR1539006.12770
	At position: 1
	leftTip: 1 rightTip: 1
	Suspicious: 0
	Short ext: 0
	Mean extensions: 0
	Avg overlap len: 0
	Min overlap len: 0
	Inner reads: 0
	Length: 7745
[2026-09-24 08:41:37] DEBUG: Inner: 74 covered: 102 total: 27752
[2026-09-24 08:41:37] DEBUG: Assembled disjointig 6
	With 7 reads
	Start read: +ERR1539006.18886
	At position: 2
	leftTip: 1 rightTip: 1
	Suspicious: 3
	Short ext: 2
	Mean extensions: 1
	Avg overlap len: 4789
	Min overlap len: 1709
	Inner reads: 0
	Length: 36228
[2026-09-24 08:41:37] DEBUG: Inner: 112 covered: 148 total: 27752
[2026-09-24 08:41:37] DEBUG: Assembled disjointig 7
	With 7 reads
	Start read: +ERR1539006.776
	At position: 4
	leftTip: 1 rightTip: 1
	Suspicious: 4
	Short ext: 3
	Mean extensions: 1
	Avg overlap len: 5199
	Min overlap len: 1175
	Inner reads: 0
	Length: 37885
[2026-09-24 08:41:37] DEBUG: Inner: 160 covered: 196 total: 27752
[2026-09-24 08:41:37] DEBUG: Assembled disjointig 8
	With 6 reads
	Start read: +ERR1539006.17773
	At position: 4
	leftTip: 1 rightTip: 1
	Suspicious: 3
	Short ext: 2
	Mean extensions: 1
	Avg overlap len: 4521
	Min overlap len: 2597
	Inner reads: 0
	Length: 27207
[2026-09-24 08:41:37] DEBUG: Inner: 214 covered: 246 total: 27752
[2026-09-24 08:41:37] DEBUG: Assembled disjointig 9
	With 7 reads
	Start read: +ERR1539006.18708
	At position: 1
	leftTip: 1 rightTip: 1
	Suspicious: 4
	Short ext: 3
	Mean extensions: 3
	Avg overlap len: 4213
	Min overlap len: 2271
	Inner reads: 0
	Length: 22381
[2026-09-24 08:41:37] DEBUG: Inner: 266 covered: 298 total: 27752
[2026-09-24 08:41:37] DEBUG: Assembled disjointig 10
	With 4 reads
	Start read: +ERR1539006.13007
	At position: 1
	leftTip: 1 rightTip: 1
	Suspicious: 3
	Short ext: 3
	Mean extensions: 1
	Avg overlap len: 2685
	Min overlap len: 2454
	Inner reads: 0
	Length: 21122
[2026-09-24 08:41:37] DEBUG: Inner: 304 covered: 324 total: 27752
[2026-09-24 08:41:37] DEBUG: Assembled disjointig 11
	With 1 reads
	Start read: +ERR1539006.17972
	At position: 1
	leftTip: 1 rightTip: 1
	Suspicious: 0
	Short ext: 0
	Mean extensions: 0
	Avg overlap len: 0
	Min overlap len: 0
	Inner reads: 0
	Length: 7775
[2026-09-24 08:41:37] DEBUG: Inner: 308 covered: 328 total: 27752
[2026-09-24 08:41:37] DEBUG: Assembled disjointig 12
	With 17 reads
	Start read: +ERR1539006.10721
	At position: 17
	leftTip: 1 rightTip: 1
	Suspicious: 12
	Short ext: 9
	Mean extensions: 3
	Avg overlap len: 3958
	Min overlap len: 1251
	Inner reads: 0
	Length: 76981
[2026-09-24 08:41:37] DEBUG: Inner: 436 covered: 476 total: 27752
[2026-09-24 08:41:37] DEBUG: Assembled disjointig 13
	With 1 reads
	Start read: +ERR1539006.14991
	At position: 1
	leftTip: 1 rightTip: 1
	Suspicious: 0
	Short ext: 0
	Mean extensions: 0
	Avg overlap len: 0
	Min overlap len: 0
	Inner reads: 0
	Length: 5404
[2026-09-24 08:41:37] DEBUG: Inner: 440 covered: 482 total: 27752
[2026-09-24 08:41:37] DEBUG: Assembled disjointig 14
	With 4 reads
	Start read: +ERR1539006.5862
	At position: 4
	leftTip: 1 rightTip: 1
	Suspicious: 2
	Short ext: 1
	Mean extensions: 1
	Avg overlap len: 5713
	Min overlap len: 3907
	Inner reads: 0
	Length: 14921
[2026-09-24 08:41:37] DEBUG: Inner: 466 covered: 510 total: 27752
[2026-09-24 08:41:37] DEBUG: Assembled disjointig 15
	With 1 reads
	Start read: +ERR1539006.12144
	At position: 1
	leftTip: 1 rightTip: 1
	Suspicious: 0
	Short ext: 0
	Mean extensions: 0
	Avg overlap len: 0
	Min overlap len: 0
	Inner reads: 0
	Length: 7407
[2026-09-24 08:41:37] DEBUG: Inner: 470 covered: 514 total: 27752
[2026-09-24 08:41:37] DEBUG: Assembled disjointig 16
	With 1 reads
	Start read: +ERR1539006.11262
	At position: 1
	leftTip: 1 rightTip: 1
	Suspicious: 0
	Short ext: 0
	Mean extensions: 0
	Avg overlap len: 0
	Min overlap len: 0
	Inner reads: 0
	Length: 5940
[2026-09-24 08:41:37] DEBUG: Inner: 474 covered: 520 total: 27752
[2026-09-24 08:41:37] DEBUG: Assembled disjointig 17
	With 13 reads
	Start read: +ERR1539006.5202
	At position: 2
	leftTip: 1 rightTip: 0
	Suspicious: 5
	Short ext: 3
	Mean extensions: 2
	Avg overlap len: 5425
	Min overlap len: 1239
	Inner reads: 0
	Length: 57176
[2026-09-24 08:41:37] DEBUG: Inner: 618 covered: 662 total: 27752
[2026-09-24 08:41:37] DEBUG: Discarded disjointig with 12 reads and 8 inner overlaps
[2026-09-24 08:41:37] DEBUG: Assembled disjointig 18
	With 10 reads
	Start read: +ERR1539006.11092
	At position: 2
	leftTip: 1 rightTip: 1
	Suspicious: 3
	Short ext: 3
	Mean extensions: 3
	Avg overlap len: 6557
	Min overlap len: 2082
	Inner reads: 0
	Length: 38750
[2026-09-24 08:41:37] DEBUG: Inner: 678 covered: 728 total: 27752
[2026-09-24 08:41:37] DEBUG: Assembled disjointig 19
	With 10 reads
	Start read: +ERR1539006.18433
	At position: 8
	leftTip: 1 rightTip: 1
	Suspicious: 4
	Short ext: 3
	Mean extensions: 3
	Avg overlap len: 5538
	Min overlap len: 1661
	Inner reads: 0
	Length: 58635
[2026-09-24 08:41:37] DEBUG: Inner: 750 covered: 804 total: 27752
[2026-09-24 08:41:37] DEBUG: Assembled disjointig 20
	With 10 reads
	Start read: +ERR1539006.12487
	At position: 6
	leftTip: 0 rightTip: 1
	Suspicious: 5
	Short ext: 4
	Mean extensions: 5
	Avg overlap len: 4137
	Min overlap len: 1265
	Inner reads: 0
	Length: 56734
[2026-09-24 08:41:37] DEBUG: Inner: 826 covered: 880 total: 27752
[2026-09-24 08:41:37] DEBUG: Assembled disjointig 21
	With 4 reads
	Start read: +ERR1539006.4147
	At position: 2
	leftTip: 1 rightTip: 1
	Suspicious: 3
	Short ext: 3
	Mean extensions: 1
	Avg overlap len: 1162
	Min overlap len: 1113
	Inner reads: 0
	Length: 20532
[2026-09-24 08:41:37] DEBUG: Inner: 844 covered: 900 total: 27752
[2026-09-24 08:41:37] DEBUG: Assembled disjointig 22
	With 4 reads
	Start read: +ERR1539006.1450
	At position: 4
	leftTip: 1 rightTip: 1
	Suspicious: 2
	Short ext: 2
	Mean extensions: 1
	Avg overlap len: 3016
	Min overlap len: 2368
	Inner reads: 0
	Length: 21883
[2026-09-24 08:41:37] DEBUG: Inner: 862 covered: 916 total: 27752
[2026-09-24 08:41:37] DEBUG: Assembled disjointig 23
	With 4 reads
	Start read: +ERR1539006.19275
	At position: 4
	leftTip: 1 rightTip: 1
	Suspicious: 2
	Short ext: 2
	Mean extensions: 1
	Avg overlap len: 4233
	Min overlap len: 2281
	Inner reads: 0
	Length: 22912
[2026-09-24 08:41:37] DEBUG: Inner: 894 covered: 958 total: 27752
[2026-09-24 08:41:37] DEBUG: Assembled disjointig 24
	With 9 reads
	Start read: +ERR1539006.15479
	At position: 9
	leftTip: 1 rightTip: 1
	Suspicious: 5
	Short ext: 3
	Mean extensions: 1
	Avg overlap len: 4682
	Min overlap len: 1425
	Inner reads: 0
	Length: 38166
[2026-09-24 08:41:37] DEBUG: Inner: 988 covered: 1050 total: 27752
[2026-09-24 08:41:37] DEBUG: Assembled disjointig 25
	With 2 reads
	Start read: +ERR1539006.13679
	At position: 1
	leftTip: 1 rightTip: 1
	Suspicious: 1
	Short ext: 0
	Mean extensions: 1
	Avg overlap len: 4618
	Min overlap len: 4618
	Inner reads: 0
	Length: 9897
[2026-09-24 08:41:37] DEBUG: Inner: 1000 covered: 1080 total: 27752
[2026-09-24 08:41:37] DEBUG: Assembled disjointig 26
	With 5 reads
	Start read: +ERR1539006.16343
	At position: 1
	leftTip: 1 rightTip: 1
	Suspicious: 4
	Short ext: 3
	Mean extensions: 1
	Avg overlap len: 2950
	Min overlap len: 2616
	Inner reads: 0
	Length: 29955
[2026-09-24 08:41:37] DEBUG: Inner: 1030 covered: 1112 total: 27752
[2026-09-24 08:41:37] DEBUG: Assembled disjointig 27
	With 10 reads
	Start read: +ERR1539006.16927
	At position: 7
	leftTip: 1 rightTip: 1
	Suspicious: 4
	Short ext: 2
	Mean extensions: 3
	Avg overlap len: 5104
	Min overlap len: 3354
	Inner reads: 0
	Length: 48050
[2026-09-24 08:41:37] DEBUG: Inner: 1114 covered: 1206 total: 27752
[2026-09-24 08:41:37] DEBUG: Assembled disjointig 28
	With 8 reads
	Start read: +ERR1539006.2617
	At position: 7
	leftTip: 1 rightTip: 1
	Suspicious: 7
	Short ext: 6
	Mean extensions: 1
	Avg overlap len: 3301
	Min overlap len: 1067
	Inner reads: 0
	Length: 38732
[2026-09-24 08:41:37] DEBUG: Inner: 1152 covered: 1250 total: 27752
[2026-09-24 08:41:37] DEBUG: Assembled disjointig 29
	With 9 reads
	Start read: +ERR1539006.17206
	At position: 7
	leftTip: 1 rightTip: 1
	Suspicious: 5
	Short ext: 3
	Mean extensions: 2
	Avg overlap len: 5354
	Min overlap len: 2668
	Inner reads: 0
	Length: 50680
[2026-09-24 08:41:37] DEBUG: Inner: 1212 covered: 1314 total: 27752
[2026-09-24 08:41:37] DEBUG: Assembled disjointig 30
	With 1 reads
	Start read: +ERR1539006.19251
	At position: 1
	leftTip: 1 rightTip: 1
	Suspicious: 0
	Short ext: 0
	Mean extensions: 0
	Avg overlap len: 0
	Min overlap len: 0
	Inner reads: 0
	Length: 8308
[2026-09-24 08:41:37] DEBUG: Inner: 1216 covered: 1320 total: 27752
[2026-09-24 08:41:37] DEBUG: Assembled disjointig 31
	With 2 reads
	Start read: +ERR1539006.12676
	At position: 1
	leftTip: 1 rightTip: 1
	Suspicious: 1
	Short ext: 0
	Mean extensions: 0
	Avg overlap len: 4301
	Min overlap len: 4301
	Inner reads: 0
	Length: 11332
[2026-09-24 08:41:37] DEBUG: Inner: 1224 covered: 1330 total: 27752
[2026-09-24 08:41:37] DEBUG: Assembled disjointig 32
	With 11 reads
	Start read: +ERR1539006.15488
	At position: 1
	leftTip: 1 rightTip: 1
	Suspicious: 8
	Short ext: 7
	Mean extensions: 2
	Avg overlap len: 3219
	Min overlap len: 1178
	Inner reads: 0
	Length: 57161
[2026-09-24 08:41:37] DEBUG: Inner: 1296 covered: 1408 total: 27752
[2026-09-24 08:41:37] DEBUG: Assembled disjointig 33
	With 5 reads
	Start read: +ERR1539006.12001
	At position: 4
	leftTip: 1 rightTip: 1
	Suspicious: 2
	Short ext: 1
	Mean extensions: 2
	Avg overlap len: 7554
	Min overlap len: 1594
	Inner reads: 0
	Length: 27754
[2026-09-24 08:41:37] DEBUG: Inner: 1338 covered: 1450 total: 27752
[2026-09-24 08:41:37] DEBUG: Assembled disjointig 34
	With 1 reads
	Start read: +ERR1539006.11921
	At position: 1
	leftTip: 1 rightTip: 1
	Suspicious: 0
	Short ext: 0
	Mean extensions: 0
	Avg overlap len: 0
	Min overlap len: 0
	Inner reads: 0
	Length: 10999
[2026-09-24 08:41:37] DEBUG: Inner: 1342 covered: 1456 total: 27752
[2026-09-24 08:41:37] DEBUG: Assembled disjointig 35
	With 12 reads
	Start read: +ERR1539006.11879
	At position: 8
	leftTip: 1 rightTip: 1
	Suspicious: 7
	Short ext: 6
	Mean extensions: 2
	Avg overlap len: 4030
	Min overlap len: 1269
	Inner reads: 0
	Length: 49835
[2026-09-24 08:41:37] DEBUG: Inner: 1408 covered: 1522 total: 27752
[2026-09-24 08:41:37] DEBUG: Assembled disjointig 36
	With 8 reads
	Start read: +ERR1539006.17443
	At position: 6
	leftTip: 1 rightTip: 1
	Suspicious: 6
	Short ext: 4
	Mean extensions: 1
	Avg overlap len: 3092
	Min overlap len: 1091
	Inner reads: 0
	Length: 41629
[2026-09-24 08:41:37] DEBUG: Inner: 1452 covered: 1576 total: 27752
[2026-09-24 08:41:37] DEBUG: Assembled disjointig 37
	With 16 reads
	Start read: +ERR1539006.16816
	At position: 13
	leftTip: 1 rightTip: 1
	Suspicious: 9
	Short ext: 7
	Mean extensions: 3
	Avg overlap len: 4264
	Min overlap len: 1088
	Inner reads: 0
	Length: 59069
[2026-09-24 08:41:37] DEBUG: Inner: 1558 covered: 1674 total: 27752
[2026-09-24 08:41:37] DEBUG: Assembled disjointig 38
	With 7 reads
	Start read: +ERR1539006.11596
	At position: 5
	leftTip: 1 rightTip: 1
	Suspicious: 5
	Short ext: 5
	Mean extensions: 2
	Avg overlap len: 2850
	Min overlap len: 1383
	Inner reads: 0
	Length: 29486
[2026-09-24 08:41:37] DEBUG: Inner: 1596 covered: 1714 total: 27752
[2026-09-24 08:41:37] DEBUG: Assembled disjointig 39
	With 5 reads
	Start read: +ERR1539006.19220
	At position: 1
	leftTip: 1 rightTip: 1
	Suspicious: 2
	Short ext: 2
	Mean extensions: 1
	Avg overlap len: 4474
	Min overlap len: 1615
	Inner reads: 0
	Length: 26222
[2026-09-24 08:41:37] DEBUG: Inner: 1636 covered: 1758 total: 27752
[2026-09-24 08:41:37] DEBUG: Assembled disjointig 40
	With 2 reads
	Start read: +ERR1539006.17503
	At position: 1
	leftTip: 1 rightTip: 1
	Suspicious: 1
	Short ext: 1
	Mean extensions: 0
	Avg overlap len: 2107
	Min overlap len: 2107
	Inner reads: 0
	Length: 8731
[2026-09-24 08:41:37] DEBUG: Inner: 1644 covered: 1770 total: 27752
[2026-09-24 08:41:37] DEBUG: Assembled disjointig 41
	With 3 reads
	Start read: +ERR1539006.17089
	At position: 3
	leftTip: 1 rightTip: 1
	Suspicious: 2
	Short ext: 2
	Mean extensions: 1
	Avg overlap len: 3612
	Min overlap len: 3024
	Inner reads: 0
	Length: 25894
[2026-09-24 08:41:37] DEBUG: Inner: 1658 covered: 1782 total: 27752
[2026-09-24 08:41:37] DEBUG: Assembled disjointig 42
	With 9 reads
	Start read: +ERR1539006.10439
	At position: 8
	leftTip: 1 rightTip: 1
	Suspicious: 5
	Short ext: 5
	Mean extensions: 2
	Avg overlap len: 3069
	Min overlap len: 1066
	Inner reads: 0
	Length: 42068
[2026-09-24 08:41:37] DEBUG: Inner: 1726 covered: 1858 total: 27752
[2026-09-24 08:41:37] DEBUG: Assembled disjointig 43
	With 6 reads
	Start read: +ERR1539006.19267
	At position: 4
	leftTip: 1 rightTip: 1
	Suspicious: 4
	Short ext: 3
	Mean extensions: 2
	Avg overlap len: 3979
	Min overlap len: 1915
	Inner reads: 0
	Length: 24393
[2026-09-24 08:41:37] DEBUG: Inner: 1766 covered: 1900 total: 27752
[2026-09-24 08:41:37] DEBUG: Assembled disjointig 44
	With 4 reads
	Start read: +ERR1539006.16016
	At position: 2
	leftTip: 1 rightTip: 1
	Suspicious: 2
	Short ext: 2
	Mean extensions: 1
	Avg overlap len: 3522
	Min overlap len: 1662
	Inner reads: 0
	Length: 17678
[2026-09-24 08:41:37] DEBUG: Inner: 1788 covered: 1926 total: 27752
[2026-09-24 08:41:37] DEBUG: Assembled disjointig 45
	With 1 reads
	Start read: +ERR1539006.13326
	At position: 1
	leftTip: 1 rightTip: 1
	Suspicious: 0
	Short ext: 0
	Mean extensions: 0
	Avg overlap len: 0
	Min overlap len: 0
	Inner reads: 0
	Length: 9010
[2026-09-24 08:41:37] DEBUG: Inner: 1792 covered: 1936 total: 27752
[2026-09-24 08:41:37] DEBUG: Assembled disjointig 46
	With 9 reads
	Start read: +ERR1539006.18495
	At position: 6
	leftTip: 0 rightTip: 1
	Suspicious: 6
	Short ext: 6
	Mean extensions: 2
	Avg overlap len: 2755
	Min overlap len: 1028
	Inner reads: 0
	Length: 36054
[2026-09-24 08:41:37] DEBUG: Inner: 1832 covered: 1978 total: 27752
[2026-09-24 08:41:37] DEBUG: Assembled disjointig 47
	With 10 reads
	Start read: +ERR1539006.10887
	At position: 10
	leftTip: 1 rightTip: 1
	Suspicious: 3
	Short ext: 3
	Mean extensions: 2
	Avg overlap len: 4896
	Min overlap len: 3487
	Inner reads: 0
	Length: 28724
[2026-09-24 08:41:37] DEBUG: Inner: 1888 covered: 2032 total: 27752
[2026-09-24 08:41:37] DEBUG: Assembled disjointig 48
	With 3 reads
	Start read: +ERR1539006.5450
	At position: 2
	leftTip: 1 rightTip: 1
	Suspicious: 2
	Short ext: 2
	Mean extensions: 1
	Avg overlap len: 3291
	Min overlap len: 1813
	Inner reads: 0
	Length: 22712
[2026-09-24 08:41:37] DEBUG: Inner: 1906 covered: 2052 total: 27752
[2026-09-24 08:41:37] DEBUG: Assembled disjointig 49
	With 7 reads
	Start read: +ERR1539006.4068
	At position: 1
	leftTip: 1 rightTip: 1
	Suspicious: 2
	Short ext: 2
	Mean extensions: 2
	Avg overlap len: 5389
	Min overlap len: 1513
	Inner reads: 0
	Length: 41929
[2026-09-24 08:41:37] DEBUG: Inner: 1946 covered: 2096 total: 27752
[2026-09-24 08:41:37] DEBUG: Assembled disjointig 50
	With 2 reads
	Start read: +ERR1539006.15756
	At position: 2
	leftTip: 1 rightTip: 1
	Suspicious: 1
	Short ext: 1
	Mean extensions: 0
	Avg overlap len: 3554
	Min overlap len: 3554
	Inner reads: 0
	Length: 25149
[2026-09-24 08:41:37] DEBUG: Inner: 1954 covered: 2104 total: 27752
[2026-09-24 08:41:37] DEBUG: Assembled disjointig 51
	With 3 reads
	Start read: +ERR1539006.18639
	At position: 1
	leftTip: 1 rightTip: 1
	Suspicious: 1
	Short ext: 1
	Mean extensions: 1
	Avg overlap len: 4108
	Min overlap len: 2249
	Inner reads: 0
	Length: 16002
[2026-09-24 08:41:37] DEBUG: Inner: 1966 covered: 2120 total: 27752
[2026-09-24 08:41:37] DEBUG: Assembled disjointig 52
	With 4 reads
	Start read: +ERR1539006.966
	At position: 3
	leftTip: 1 rightTip: 1
	Suspicious: 3
	Short ext: 3
	Mean extensions: 1
	Avg overlap len: 1564
	Min overlap len: 1456
	Inner reads: 0
	Length: 30996
[2026-09-24 08:41:37] DEBUG: Inner: 1986 covered: 2138 total: 27752
[2026-09-24 08:41:37] DEBUG: Assembled disjointig 53
	With 17 reads
	Start read: +ERR1539006.18162
	At position: 6
	leftTip: 1 rightTip: 1
	Suspicious: 9
	Short ext: 9
	Mean extensions: 2
	Avg overlap len: 3948
	Min overlap len: 1375
	Inner reads: 0
	Length: 84776
[2026-09-24 08:41:37] DEBUG: Inner: 2112 covered: 2272 total: 27752
[2026-09-24 08:41:37] DEBUG: Assembled disjointig 54
	With 3 reads
	Start read: +ERR1539006.10412
	At position: 1
	leftTip: 1 rightTip: 1
	Suspicious: 1
	Short ext: 1
	Mean extensions: 1
	Avg overlap len: 6331
	Min overlap len: 1395
	Inner reads: 0
	Length: 15254
[2026-09-24 08:41:37] DEBUG: Inner: 2126 covered: 2286 total: 27752
[2026-09-24 08:41:37] DEBUG: Assembled disjointig 55
	With 11 reads
	Start read: +ERR1539006.15901
	At position: 1
	leftTip: 1 rightTip: 1
	Suspicious: 6
	Short ext: 5
	Mean extensions: 2
	Avg overlap len: 4788
	Min overlap len: 1948
	Inner reads: 0
	Length: 58709
[2026-09-24 08:41:37] DEBUG: Inner: 2204 covered: 2360 total: 27752
[2026-09-24 08:41:37] DEBUG: Assembled disjointig 56
	With 11 reads
	Start read: +ERR1539006.14714
	At position: 11
	leftTip: 0 rightTip: 1
	Suspicious: 3
	Short ext: 3
	Mean extensions: 3
	Avg overlap len: 4924
	Min overlap len: 1296
	Inner reads: 0
	Length: 49332
[2026-09-24 08:41:37] DEBUG: Inner: 2284 covered: 2440 total: 27752
[2026-09-24 08:41:37] DEBUG: Assembled disjointig 57
	With 5 reads
	Start read: +ERR1539006.16622
	At position: 5
	leftTip: 1 rightTip: 1
	Suspicious: 3
	Short ext: 3
	Mean extensions: 2
	Avg overlap len: 4037
	Min overlap len: 1097
	Inner reads: 0
	Length: 26103
[2026-09-24 08:41:37] DEBUG: Inner: 2326 covered: 2476 total: 27752
[2026-09-24 08:41:37] DEBUG: Assembled disjointig 58
	With 11 reads
	Start read: +ERR1539006.19416
	At position: 2
	leftTip: 1 rightTip: 1
	Suspicious: 7
	Short ext: 6
	Mean extensions: 1
	Avg overlap len: 4069
	Min overlap len: 1976
	Inner reads: 0
	Length: 43378
[2026-09-24 08:41:37] DEBUG: Inner: 2402 covered: 2546 total: 27752
[2026-09-24 08:41:37] DEBUG: Assembled disjointig 59
	With 4 reads
	Start read: +ERR1539006.15886
	At position: 1
	leftTip: 1 rightTip: 0
	Suspicious: 2
	Short ext: 2
	Mean extensions: 3
	Avg overlap len: 3993
	Min overlap len: 3823
	Inner reads: 0
	Length: 19591
[2026-09-24 08:41:37] DEBUG: Inner: 2418 covered: 2560 total: 27752
[2026-09-24 08:41:37] DEBUG: Assembled disjointig 60
	With 5 reads
	Start read: +ERR1539006.8532
	At position: 5
	leftTip: 1 rightTip: 1
	Suspicious: 2
	Short ext: 1
	Mean extensions: 1
	Avg overlap len: 6103
	Min overlap len: 3242
	Inner reads: 0
	Length: 24226
[2026-09-24 08:41:37] DEBUG: Inner: 2450 covered: 2590 total: 27752
[2026-09-24 08:41:37] DEBUG: Assembled disjointig 61
	With 4 reads
	Start read: +ERR1539006.17181
	At position: 2
	leftTip: 1 rightTip: 1
	Suspicious: 2
	Short ext: 2
	Mean extensions: 2
	Avg overlap len: 2369
	Min overlap len: 1034
	Inner reads: 0
	Length: 17462
[2026-09-24 08:41:37] DEBUG: Inner: 2480 covered: 2628 total: 27752
[2026-09-24 08:41:37] DEBUG: Assembled disjointig 62
	With 1 reads
	Start read: +ERR1539006.12483
	At position: 1
	leftTip: 1 rightTip: 1
	Suspicious: 0
	Short ext: 0
	Mean extensions: 0
	Avg overlap len: 0
	Min overlap len: 0
	Inner reads: 0
	Length: 8080
[2026-09-24 08:41:37] DEBUG: Inner: 2484 covered: 2638 total: 27752
[2026-09-24 08:41:37] DEBUG: Assembled disjointig 63
	With 6 reads
	Start read: +ERR1539006.12877
	At position: 5
	leftTip: 1 rightTip: 1
	Suspicious: 3
	Short ext: 3
	Mean extensions: 2
	Avg overlap len: 3817
	Min overlap len: 1551
	Inner reads: 0
	Length: 31343
[2026-09-24 08:41:37] DEBUG: Inner: 2518 covered: 2680 total: 27752
[2026-09-24 08:41:37] DEBUG: Assembled disjointig 64
	With 1 reads
	Start read: +ERR1539006.18254
	At position: 1
	leftTip: 1 rightTip: 1
	Suspicious: 0
	Short ext: 0
	Mean extensions: 0
	Avg overlap len: 0
	Min overlap len: 0
	Inner reads: 0
	Length: 6479
[2026-09-24 08:41:37] DEBUG: Inner: 2522 covered: 2684 total: 27752
[2026-09-24 08:41:37] DEBUG: Assembled disjointig 65
	With 1 reads
	Start read: +ERR1539006.16465
	At position: 1
	leftTip: 1 rightTip: 1
	Suspicious: 0
	Short ext: 0
	Mean extensions: 0
	Avg overlap len: 0
	Min overlap len: 0
	Inner reads: 0
	Length: 6242
[2026-09-24 08:41:37] DEBUG: Inner: 2530 covered: 2692 total: 27752
[2026-09-24 08:41:37] DEBUG: Assembled disjointig 66
	With 6 reads
	Start read: +ERR1539006.13070
	At position: 1
	leftTip: 1 rightTip: 1
	Suspicious: 4
	Short ext: 4
	Mean extensions: 1
	Avg overlap len: 3129
	Min overlap len: 2522
	Inner reads: 0
	Length: 37155
[2026-09-24 08:41:37] DEBUG: Inner: 2586 covered: 2754 total: 27752
[2026-09-24 08:41:37] DEBUG: Assembled disjointig 67
	With 1 reads
	Start read: +ERR1539006.12390
	At position: 1
	leftTip: 1 rightTip: 1
	Suspicious: 0
	Short ext: 0
	Mean extensions: 0
	Avg overlap len: 0
	Min overlap len: 0
	Inner reads: 0
	Length: 11633
[2026-09-24 08:41:37] DEBUG: Inner: 2590 covered: 2758 total: 27752
[2026-09-24 08:41:37] DEBUG: Assembled disjointig 68
	With 10 reads
	Start read: +ERR1539006.16593
	At position: 5
	leftTip: 0 rightTip: 1
	Suspicious: 4
	Short ext: 4
	Mean extensions: 4
	Avg overlap len: 4064
	Min overlap len: 1695
	Inner reads: 0
	Length: 45108
[2026-09-24 08:41:37] DEBUG: Inner: 2642 covered: 2814 total: 27752
[2026-09-24 08:41:37] DEBUG: Assembled disjointig 69
	With 6 reads
	Start read: +ERR1539006.12168
	At position: 6
	leftTip: 1 rightTip: 1
	Suspicious: 4
	Short ext: 4
	Mean extensions: 1
	Avg overlap len: 3053
	Min overlap len: 2406
	Inner reads: 0
	Length: 35976
[2026-09-24 08:41:37] DEBUG: Inner: 2688 covered: 2870 total: 27752
[2026-09-24 08:41:37] DEBUG: Assembled disjointig 70
	With 2 reads
	Start read: +ERR1539006.19549
	At position: 1
	leftTip: 1 rightTip: 1
	Suspicious: 1
	Short ext: 0
	Mean extensions: 0
	Avg overlap len: 5357
	Min overlap len: 5357
	Inner reads: 0
	Length: 12195
[2026-09-24 08:41:37] DEBUG: Inner: 2704 covered: 2888 total: 27752
[2026-09-24 08:41:37] DEBUG: Assembled disjointig 71
	With 4 reads
	Start read: +ERR1539006.18523
	At position: 2
	leftTip: 1 rightTip: 1
	Suspicious: 2
	Short ext: 0
	Mean extensions: 2
	Avg overlap len: 4949
	Min overlap len: 4592
	Inner reads: 0
	Length: 25553
[2026-09-24 08:41:37] DEBUG: Inner: 2772 covered: 2966 total: 27752
[2026-09-24 08:41:37] DEBUG: Assembled disjointig 72
	With 6 reads
	Start read: +ERR1539006.16765
	At position: 4
	leftTip: 0 rightTip: 1
	Suspicious: 1
	Short ext: 1
	Mean extensions: 5
	Avg overlap len: 4599
	Min overlap len: 3365
	Inner reads: 0
	Length: 27839
[2026-09-24 08:41:37] DEBUG: Inner: 2826 covered: 3012 total: 27752
[2026-09-24 08:41:37] DEBUG: Assembled disjointig 73
	With 2 reads
	Start read: +ERR1539006.15469
	At position: 1
	leftTip: 1 rightTip: 1
	Suspicious: 1
	Short ext: 1
	Mean extensions: 0
	Avg overlap len: 2976
	Min overlap len: 2976
	Inner reads: 0
	Length: 6853
[2026-09-24 08:41:37] DEBUG: Inner: 2834 covered: 3024 total: 27752
[2026-09-24 08:41:37] DEBUG: Assembled disjointig 74
	With 6 reads
	Start read: +ERR1539006.12804
	At position: 5
	leftTip: 1 rightTip: 0
	Suspicious: 5
	Short ext: 4
	Mean extensions: 2
	Avg overlap len: 2228
	Min overlap len: 1110
	Inner reads: 0
	Length: 40362
[2026-09-24 08:41:37] DEBUG: Inner: 2868 covered: 3060 total: 27752
[2026-09-24 08:41:37] DEBUG: Assembled disjointig 75
	With 4 reads
	Start read: +ERR1539006.12578
	At position: 1
	leftTip: 1 rightTip: 1
	Suspicious: 2
	Short ext: 2
	Mean extensions: 1
	Avg overlap len: 3324
	Min overlap len: 2073
	Inner reads: 0
	Length: 16186
[2026-09-24 08:41:37] DEBUG: Inner: 2892 covered: 3086 total: 27752
[2026-09-24 08:41:37] DEBUG: Assembled disjointig 76
	With 2 reads
	Start read: +ERR1539006.9127
	At position: 1
	leftTip: 1 rightTip: 1
	Suspicious: 1
	Short ext: 1
	Mean extensions: 0
	Avg overlap len: 3646
	Min overlap len: 3646
	Inner reads: 0
	Length: 8242
[2026-09-24 08:41:37] DEBUG: Inner: 2902 covered: 3100 total: 27752
[2026-09-24 08:41:37] DEBUG: Assembled disjointig 77
	With 3 reads
	Start read: +ERR1539006.4258
	At position: 3
	leftTip: 0 rightTip: 1
	Suspicious: 2
	Short ext: 2
	Mean extensions: 1
	Avg overlap len: 2997
	Min overlap len: 1026
	Inner reads: 0
	Length: 27064
[2026-09-24 08:41:37] DEBUG: Inner: 2918 covered: 3114 total: 27752
[2026-09-24 08:41:37] DEBUG: Assembled disjointig 78
	With 2 reads
	Start read: +ERR1539006.15508
	At position: 1
	leftTip: 1 rightTip: 1
	Suspicious: 1
	Short ext: 0
	Mean extensions: 0
	Avg overlap len: 5057
	Min overlap len: 5057
	Inner reads: 0
	Length: 9063
[2026-09-24 08:41:37] DEBUG: Inner: 2924 covered: 3120 total: 27752
[2026-09-24 08:41:37] DEBUG: Assembled disjointig 79
	With 9 reads
	Start read: +ERR1539006.16986
	At position: 7
	leftTip: 1 rightTip: 1
	Suspicious: 6
	Short ext: 5
	Mean extensions: 3
	Avg overlap len: 3163
	Min overlap len: 2263
	Inner reads: 0
	Length: 42814
[2026-09-24 08:41:37] DEBUG: Inner: 3000 covered: 3186 total: 27752
[2026-09-24 08:41:37] DEBUG: Assembled disjointig 80
	With 5 reads
	Start read: +ERR1539006.9537
	At position: 1
	leftTip: 1 rightTip: 1
	Suspicious: 3
	Short ext: 2
	Mean extensions: 2
	Avg overlap len: 4803
	Min overlap len: 2808
	Inner reads: 0
	Length: 26952
[2026-09-24 08:41:37] DEBUG: Inner: 3038 covered: 3226 total: 27752
[2026-09-24 08:41:37] DEBUG: Assembled disjointig 81
	With 8 reads
	Start read: +ERR1539006.5666
	At position: 4
	leftTip: 0 rightTip: 1
	Suspicious: 5
	Short ext: 4
	Mean extensions: 2
	Avg overlap len: 3540
	Min overlap len: 1591
	Inner reads: 0
	Length: 43532
[2026-09-24 08:41:37] DEBUG: Inner: 3078 covered: 3280 total: 27752
[2026-09-24 08:41:37] DEBUG: Assembled disjointig 82
	With 4 reads
	Start read: +ERR1539006.13795
	At position: 3
	leftTip: 1 rightTip: 1
	Suspicious: 2
	Short ext: 0
	Mean extensions: 1
	Avg overlap len: 6650
	Min overlap len: 5899
	Inner reads: 0
	Length: 19046
[2026-09-24 08:41:37] DEBUG: Inner: 3098 covered: 3302 total: 27752
[2026-09-24 08:41:37] DEBUG: Assembled disjointig 83
	With 3 reads
	Start read: +ERR1539006.1082
	At position: 1
	leftTip: 1 rightTip: 1
	Suspicious: 2
	Short ext: 2
	Mean extensions: 1
	Avg overlap len: 3683
	Min overlap len: 3317
	Inner reads: 0
	Length: 13632
[2026-09-24 08:41:37] DEBUG: Inner: 3112 covered: 3318 total: 27752
[2026-09-24 08:41:37] DEBUG: Assembled disjointig 84
	With 4 reads
	Start read: +ERR1539006.14104
	At position: 3
	leftTip: 0 rightTip: 1
	Suspicious: 2
	Short ext: 2
	Mean extensions: 7
	Avg overlap len: 3847
	Min overlap len: 1394
	Inner reads: 0
	Length: 21936
[2026-09-24 08:41:37] DEBUG: Inner: 3138 covered: 3352 total: 27752
[2026-09-24 08:41:37] DEBUG: Assembled disjointig 85
	With 5 reads
	Start read: +ERR1539006.12055
	At position: 5
	leftTip: 1 rightTip: 1
	Suspicious: 4
	Short ext: 4
	Mean extensions: 1
	Avg overlap len: 2247
	Min overlap len: 1286
	Inner reads: 0
	Length: 24701
[2026-09-24 08:41:37] DEBUG: Inner: 3162 covered: 3380 total: 27752
[2026-09-24 08:41:37] DEBUG: Assembled disjointig 86
	With 3 reads
	Start read: +ERR1539006.15462
	At position: 1
	leftTip: 1 rightTip: 1
	Suspicious: 2
	Short ext: 2
	Mean extensions: 1
	Avg overlap len: 3563
	Min overlap len: 2926
	Inner reads: 0
	Length: 17491
[2026-09-24 08:41:37] DEBUG: Inner: 3180 covered: 3406 total: 27752
[2026-09-24 08:41:37] DEBUG: Assembled disjointig 87
	With 3 reads
	Start read: +ERR1539006.11099
	At position: 3
	leftTip: 1 rightTip: 1
	Suspicious: 1
	Short ext: 0
	Mean extensions: 1
	Avg overlap len: 4399
	Min overlap len: 4052
	Inner reads: 0
	Length: 13391
[2026-09-24 08:41:37] DEBUG: Inner: 3196 covered: 3424 total: 27752
[2026-09-24 08:41:37] DEBUG: Assembled disjointig 88
	With 10 reads
	Start read: +ERR1539006.17797
	At position: 7
	leftTip: 0 rightTip: 1
	Suspicious: 5
	Short ext: 5
	Mean extensions: 3
	Avg overlap len: 2913
	Min overlap len: 1347
	Inner reads: 0
	Length: 45319
[2026-09-24 08:41:37] DEBUG: Inner: 3260 covered: 3496 total: 27752
[2026-09-24 08:41:37] DEBUG: Assembled disjointig 89
	With 3 reads
	Start read: +ERR1539006.17679
	At position: 3
	leftTip: 1 rightTip: 1
	Suspicious: 2
	Short ext: 1
	Mean extensions: 2
	Avg overlap len: 5027
	Min overlap len: 2777
	Inner reads: 0
	Length: 12462
[2026-09-24 08:41:37] DEBUG: Inner: 3278 covered: 3516 total: 27752
[2026-09-24 08:41:37] DEBUG: Assembled disjointig 90
	With 16 reads
	Start read: +ERR1539006.17741
	At position: 8
	leftTip: 1 rightTip: 1
	Suspicious: 9
	Short ext: 8
	Mean extensions: 3
	Avg overlap len: 3980
	Min overlap len: 1986
	Inner reads: 0
	Length: 80986
[2026-09-24 08:41:37] DEBUG: Inner: 3414 covered: 3652 total: 27752
[2026-09-24 08:41:37] DEBUG: Assembled disjointig 91
	With 10 reads
	Start read: +ERR1539006.5671
	At position: 4
	leftTip: 1 rightTip: 1
	Suspicious: 6
	Short ext: 5
	Mean extensions: 3
	Avg overlap len: 4036
	Min overlap len: 1799
	Inner reads: 0
	Length: 50856
[2026-09-24 08:41:37] DEBUG: Inner: 3464 covered: 3718 total: 27752
[2026-09-24 08:41:37] DEBUG: Assembled disjointig 92
	With 3 reads
	Start read: +ERR1539006.11315
	At position: 1
	leftTip: 1 rightTip: 1
	Suspicious: 1
	Short ext: 1
	Mean extensions: 1
	Avg overlap len: 6392
	Min overlap len: 1204
	Inner reads: 0
	Length: 13029
[2026-09-24 08:41:37] DEBUG: Inner: 3486 covered: 3740 total: 27752
[2026-09-24 08:41:37] DEBUG: Assembled disjointig 93
	With 1 reads
	Start read: +ERR1539006.14568
	At position: 1
	leftTip: 1 rightTip: 1
	Suspicious: 0
	Short ext: 0
	Mean extensions: 0
	Avg overlap len: 0
	Min overlap len: 0
	Inner reads: 0
	Length: 9910
[2026-09-24 08:41:37] DEBUG: Inner: 3490 covered: 3750 total: 27752
[2026-09-24 08:41:37] DEBUG: Assembled disjointig 94
	With 3 reads
	Start read: +ERR1539006.15590
	At position: 1
	leftTip: 1 rightTip: 1
	Suspicious: 1
	Short ext: 0
	Mean extensions: 1
	Avg overlap len: 5828
	Min overlap len: 5265
	Inner reads: 0
	Length: 19964
[2026-09-24 08:41:37] DEBUG: Inner: 3506 covered: 3766 total: 27752
[2026-09-24 08:41:37] DEBUG: Assembled disjointig 95
	With 11 reads
	Start read: +ERR1539006.14114
	At position: 7
	leftTip: 1 rightTip: 1
	Suspicious: 4
	Short ext: 3
	Mean extensions: 2
	Avg overlap len: 7596
	Min overlap len: 1691
	Inner reads: 0
	Length: 68932
[2026-09-24 08:41:37] DEBUG: Inner: 4308 covered: 4600 total: 27752
[2026-09-24 08:41:37] DEBUG: Discarded disjointig with 12 reads and 9 inner overlaps
[2026-09-24 08:41:37] DEBUG: Assembled disjointig 96
	With 6 reads
	Start read: +ERR1539006.19050
	At position: 6
	leftTip: 1 rightTip: 1
	Suspicious: 3
	Short ext: 1
	Mean extensions: 1
	Avg overlap len: 5077
	Min overlap len: 1950
	Inner reads: 0
	Length: 21438
[2026-09-24 08:41:37] DEBUG: Inner: 4352 covered: 4652 total: 27752
[2026-09-24 08:41:37] DEBUG: Assembled disjointig 97
	With 14 reads
	Start read: +ERR1539006.18916
	At position: 9
	leftTip: 1 rightTip: 1
	Suspicious: 8
	Short ext: 6
	Mean extensions: 2
	Avg overlap len: 4677
	Min overlap len: 1798
	Inner reads: 0
	Length: 65833
[2026-09-24 08:41:37] DEBUG: Inner: 4446 covered: 4742 total: 27752
[2026-09-24 08:41:37] DEBUG: Assembled disjointig 98
	With 8 reads
	Start read: +ERR1539006.12858
	At position: 7
	leftTip: 1 rightTip: 1
	Suspicious: 7
	Short ext: 5
	Mean extensions: 2
	Avg overlap len: 2222
	Min overlap len: 1750
	Inner reads: 0
	Length: 41928
[2026-09-24 08:41:37] DEBUG: Inner: 4486 covered: 4788 total: 27752
[2026-09-24 08:41:37] DEBUG: Assembled disjointig 99
	With 1 reads
	Start read: +ERR1539006.5699
	At position: 1
	leftTip: 1 rightTip: 1
	Suspicious: 0
	Short ext: 0
	Mean extensions: 0
	Avg overlap len: 0
	Min overlap len: 0
	Inner reads: 0
	Length: 4301
[2026-09-24 08:41:37] DEBUG: Inner: 4490 covered: 4794 total: 27752
[2026-09-24 08:41:37] DEBUG: Assembled disjointig 100
	With 7 reads
	Start read: +ERR1539006.13770
	At position: 7
	leftTip: 0 rightTip: 1
	Suspicious: 4
	Short ext: 3
	Mean extensions: 2
	Avg overlap len: 4480
	Min overlap len: 1078
	Inner reads: 0
	Length: 46861
[2026-09-24 08:41:37] DEBUG: Inner: 4524 covered: 4834 total: 27752
[2026-09-24 08:41:37] DEBUG: Assembled disjointig 101
	With 4 reads
	Start read: +ERR1539006.16277
	At position: 2
	leftTip: 1 rightTip: 1
	Suspicious: 3
	Short ext: 1
	Mean extensions: 1
	Avg overlap len: 4051
	Min overlap len: 1947
	Inner reads: 0
	Length: 23451
[2026-09-24 08:41:37] DEBUG: Inner: 4554 covered: 4866 total: 27752
[2026-09-24 08:41:37] DEBUG: Assembled disjointig 102
	With 4 reads
	Start read: +ERR1539006.1923
	At position: 2
	leftTip: 1 rightTip: 1
	Suspicious: 2
	Short ext: 1
	Mean extensions: 2
	Avg overlap len: 4208
	Min overlap len: 1551
	Inner reads: 0
	Length: 16605
[2026-09-24 08:41:37] DEBUG: Inner: 4572 covered: 4886 total: 27752
[2026-09-24 08:41:37] DEBUG: Assembled disjointig 103
	With 2 reads
	Start read: +ERR1539006.16492
	At position: 2
	leftTip: 1 rightTip: 1
	Suspicious: 1
	Short ext: 1
	Mean extensions: 0
	Avg overlap len: 1137
	Min overlap len: 1137
	Inner reads: 0
	Length: 18179
[2026-09-24 08:41:37] DEBUG: Inner: 4586 covered: 4900 total: 27752
[2026-09-24 08:41:37] DEBUG: Assembled disjointig 104
	With 7 reads
	Start read: +ERR1539006.13693
	At position: 3
	leftTip: 1 rightTip: 1
	Suspicious: 3
	Short ext: 2
	Mean extensions: 2
	Avg overlap len: 4668
	Min overlap len: 1772
	Inner reads: 0
	Length: 37028
[2026-09-24 08:41:37] DEBUG: Inner: 4638 covered: 4958 total: 27752
[2026-09-24 08:41:37] DEBUG: Assembled disjointig 105
	With 11 reads
	Start read: +ERR1539006.5803
	At position: 7
	leftTip: 1 rightTip: 1
	Suspicious: 5
	Short ext: 4
	Mean extensions: 4
	Avg overlap len: 5758
	Min overlap len: 1723
	Inner reads: 0
	Length: 50358
[2026-09-24 08:41:37] DEBUG: Inner: 4718 covered: 5056 total: 27752
[2026-09-24 08:41:37] DEBUG: Assembled disjointig 106
	With 1 reads
	Start read: +ERR1539006.4293
	At position: 1
	leftTip: 1 rightTip: 1
	Suspicious: 0
	Short ext: 0
	Mean extensions: 0
	Avg overlap len: 0
	Min overlap len: 0
	Inner reads: 0
	Length: 6546
[2026-09-24 08:41:37] DEBUG: Inner: 4722 covered: 5060 total: 27752
[2026-09-24 08:41:37] DEBUG: Discarded disjointig with 6 reads and 4 inner overlaps
[2026-09-24 08:41:37] DEBUG: Discarded disjointig with 10 reads and 8 inner overlaps
[2026-09-24 08:41:37] DEBUG: Assembled disjointig 107
	With 6 reads
	Start read: +ERR1539006.14986
	At position: 1
	leftTip: 1 rightTip: 1
	Suspicious: 4
	Short ext: 3
	Mean extensions: 1
	Avg overlap len: 1502
	Min overlap len: 1205
	Inner reads: 0
	Length: 29423
[2026-09-24 08:41:37] DEBUG: Inner: 4748 covered: 5092 total: 27752
[2026-09-24 08:41:37] DEBUG: Assembled disjointig 108
	With 8 reads
	Start read: +ERR1539006.18467
	At position: 6
	leftTip: 1 rightTip: 1
	Suspicious: 6
	Short ext: 6
	Mean extensions: 2
	Avg overlap len: 3351
	Min overlap len: 1570
	Inner reads: 0
	Length: 43901
[2026-09-24 08:41:37] DEBUG: Inner: 4794 covered: 5144 total: 27752
[2026-09-24 08:41:37] DEBUG: Assembled disjointig 109
	With 1 reads
	Start read: +ERR1539006.14412
	At position: 1
	leftTip: 1 rightTip: 1
	Suspicious: 0
	Short ext: 0
	Mean extensions: 0
	Avg overlap len: 0
	Min overlap len: 0
	Inner reads: 0
	Length: 10326
[2026-09-24 08:41:37] DEBUG: Inner: 4798 covered: 5148 total: 27752
[2026-09-24 08:41:37] DEBUG: Assembled disjointig 110
	With 5 reads
	Start read: +ERR1539006.4980
	At position: 5
	leftTip: 1 rightTip: 1
	Suspicious: 3
	Short ext: 1
	Mean extensions: 3
	Avg overlap len: 5529
	Min overlap len: 1798
	Inner reads: 0
	Length: 26601
[2026-09-24 08:41:37] DEBUG: Inner: 4824 covered: 5180 total: 27752
[2026-09-24 08:41:37] DEBUG: Assembled disjointig 111
	With 2 reads
	Start read: +ERR1539006.12722
	At position: 1
	leftTip: 1 rightTip: 1
	Suspicious: 1
	Short ext: 1
	Mean extensions: 0
	Avg overlap len: 1061
	Min overlap len: 1061
	Inner reads: 0
	Length: 13658
[2026-09-24 08:41:37] DEBUG: Inner: 4840 covered: 5198 total: 27752
[2026-09-24 08:41:37] DEBUG: Assembled disjointig 112
	With 3 reads
	Start read: +ERR1539006.17751
	At position: 3
	leftTip: 1 rightTip: 1
	Suspicious: 2
	Short ext: 2
	Mean extensions: 1
	Avg overlap len: 2308
	Min overlap len: 1119
	Inner reads: 0
	Length: 14116
[2026-09-24 08:41:37] DEBUG: Inner: 4860 covered: 5214 total: 27752
[2026-09-24 08:41:37] DEBUG: Assembled disjointig 113
	With 1 reads
	Start read: +ERR1539006.12689
	At position: 1
	leftTip: 1 rightTip: 1
	Suspicious: 0
	Short ext: 0
	Mean extensions: 0
	Avg overlap len: 0
	Min overlap len: 0
	Inner reads: 0
	Length: 6495
[2026-09-24 08:41:37] DEBUG: Inner: 4864 covered: 5218 total: 27752
[2026-09-24 08:41:37] DEBUG: Assembled disjointig 114
	With 1 reads
	Start read: +ERR1539006.13238
	At position: 1
	leftTip: 1 rightTip: 1
	Suspicious: 0
	Short ext: 0
	Mean extensions: 0
	Avg overlap len: 0
	Min overlap len: 0
	Inner reads: 0
	Length: 4567
[2026-09-24 08:41:37] DEBUG: Inner: 4868 covered: 5222 total: 27752
[2026-09-24 08:41:37] DEBUG: Assembled disjointig 115
	With 5 reads
	Start read: +ERR1539006.14804
	At position: 3
	leftTip: 1 rightTip: 1
	Suspicious: 3
	Short ext: 2
	Mean extensions: 1
	Avg overlap len: 5049
	Min overlap len: 2103
	Inner reads: 0
	Length: 17928
[2026-09-24 08:41:37] DEBUG: Inner: 4902 covered: 5254 total: 27752
[2026-09-24 08:41:37] DEBUG: Assembled disjointig 116
	With 13 reads
	Start read: +ERR1539006.1186
	At position: 8
	leftTip: 0 rightTip: 1
	Suspicious: 5
	Short ext: 3
	Mean extensions: 4
	Avg overlap len: 5222
	Min overlap len: 3228
	Inner reads: 0
	Length: 65141
[2026-09-24 08:41:37] DEBUG: Inner: 4992 covered: 5360 total: 27752
[2026-09-24 08:41:37] DEBUG: Assembled disjointig 117
	With 2 reads
	Start read: +ERR1539006.18771
	At position: 1
	leftTip: 1 rightTip: 1
	Suspicious: 1
	Short ext: 1
	Mean extensions: 0
	Avg overlap len: 1223
	Min overlap len: 1223
	Inner reads: 0
	Length: 14587
[2026-09-24 08:41:37] DEBUG: Inner: 5000 covered: 5368 total: 27752
[2026-09-24 08:41:37] DEBUG: Assembled disjointig 118
	With 1 reads
	Start read: +ERR1539006.16857
	At position: 1
	leftTip: 1 rightTip: 1
	Suspicious: 0
	Short ext: 0
	Mean extensions: 0
	Avg overlap len: 0
	Min overlap len: 0
	Inner reads: 0
	Length: 4299
[2026-09-24 08:41:37] DEBUG: Inner: 5006 covered: 5370 total: 27752
[2026-09-24 08:41:37] DEBUG: Assembled disjointig 119
	With 1 reads
	Start read: +ERR1539006.18804
	At position: 1
	leftTip: 1 rightTip: 1
	Suspicious: 0
	Short ext: 0
	Mean extensions: 0
	Avg overlap len: 0
	Min overlap len: 0
	Inner reads: 0
	Length: 10650
[2026-09-24 08:41:37] DEBUG: Inner: 5010 covered: 5374 total: 27752
[2026-09-24 08:41:37] DEBUG: Assembled disjointig 120
	With 7 reads
	Start read: +ERR1539006.19063
	At position: 4
	leftTip: 1 rightTip: 1
	Suspicious: 6
	Short ext: 4
	Mean extensions: 1
	Avg overlap len: 3941
	Min overlap len: 2196
	Inner reads: 0
	Length: 30467
[2026-09-24 08:41:37] DEBUG: Inner: 5056 covered: 5414 total: 27752
[2026-09-24 08:41:37] DEBUG: Assembled disjointig 121
	With 11 reads
	Start read: +ERR1539006.18127
	At position: 8
	leftTip: 1 rightTip: 0
	Suspicious: 4
	Short ext: 3
	Mean extensions: 5
	Avg overlap len: 4398
	Min overlap len: 1786
	Inner reads: 0
	Length: 46331
[2026-09-24 08:41:37] DEBUG: Inner: 5124 covered: 5486 total: 27752
[2026-09-24 08:41:37] DEBUG: Assembled disjointig 122
	With 1 reads
	Start read: +ERR1539006.5234
	At position: 1
	leftTip: 1 rightTip: 1
	Suspicious: 0
	Short ext: 0
	Mean extensions: 0
	Avg overlap len: 0
	Min overlap len: 0
	Inner reads: 0
	Length: 8645
[2026-09-24 08:41:37] DEBUG: Inner: 5126 covered: 5490 total: 27752
[2026-09-24 08:41:37] DEBUG: Assembled disjointig 123
	With 4 reads
	Start read: +ERR1539006.13588
	At position: 1
	leftTip: 1 rightTip: 1
	Suspicious: 2
	Short ext: 1
	Mean extensions: 3
	Avg overlap len: 5245
	Min overlap len: 3000
	Inner reads: 0
	Length: 18107
[2026-09-24 08:41:37] DEBUG: Inner: 5160 covered: 5534 total: 27752
[2026-09-24 08:41:37] DEBUG: Assembled disjointig 124
	With 5 reads
	Start read: +ERR1539006.19383
	At position: 5
	leftTip: 1 rightTip: 1
	Suspicious: 3
	Short ext: 3
	Mean extensions: 3
	Avg overlap len: 3590
	Min overlap len: 3025
	Inner reads: 0
	Length: 40213
[2026-09-24 08:41:37] DEBUG: Inner: 5218 covered: 5600 total: 27752
[2026-09-24 08:41:37] DEBUG: Assembled disjointig 125
	With 5 reads
	Start read: +ERR1539006.12590
	At position: 1
	leftTip: 1 rightTip: 1
	Suspicious: 3
	Short ext: 3
	Mean extensions: 2
	Avg overlap len: 3533
	Min overlap len: 3102
	Inner reads: 0
	Length: 18649
[2026-09-24 08:41:37] DEBUG: Inner: 5238 covered: 5620 total: 27752
[2026-09-24 08:41:37] DEBUG: Assembled disjointig 126
	With 1 reads
	Start read: +ERR1539006.16250
	At position: 1
	leftTip: 1 rightTip: 1
	Suspicious: 0
	Short ext: 0
	Mean extensions: 0
	Avg overlap len: 0
	Min overlap len: 0
	Inner reads: 0
	Length: 4290
[2026-09-24 08:41:37] DEBUG: Inner: 5242 covered: 5642 total: 27752
[2026-09-24 08:41:37] DEBUG: Assembled disjointig 127
	With 5 reads
	Start read: +ERR1539006.15012
	At position: 1
	leftTip: 1 rightTip: 1
	Suspicious: 3
	Short ext: 2
	Mean extensions: 2
	Avg overlap len: 4252
	Min overlap len: 2777
	Inner reads: 0
	Length: 25154
[2026-09-24 08:41:37] DEBUG: Inner: 5276 covered: 5682 total: 27752
[2026-09-24 08:41:37] DEBUG: Assembled disjointig 128
	With 4 reads
	Start read: +ERR1539006.18217
	At position: 3
	leftTip: 1 rightTip: 1
	Suspicious: 3
	Short ext: 3
	Mean extensions: 1
	Avg overlap len: 2846
	Min overlap len: 2691
	Inner reads: 0
	Length: 14000
[2026-09-24 08:41:37] DEBUG: Inner: 5290 covered: 5694 total: 27752
[2026-09-24 08:41:37] DEBUG: Assembled disjointig 129
	With 7 reads
	Start read: +ERR1539006.17766
	At position: 3
	leftTip: 1 rightTip: 1
	Suspicious: 3
	Short ext: 2
	Mean extensions: 1
	Avg overlap len: 4789
	Min overlap len: 1057
	Inner reads: 0
	Length: 33656
[2026-09-24 08:41:37] DEBUG: Inner: 5336 covered: 5738 total: 27752
[2026-09-24 08:41:37] DEBUG: Assembled disjointig 130
	With 1 reads
	Start read: +ERR1539006.19322
	At position: 1
	leftTip: 1 rightTip: 1
	Suspicious: 0
	Short ext: 0
	Mean extensions: 0
	Avg overlap len: 0
	Min overlap len: 0
	Inner reads: 0
	Length: 13959
[2026-09-24 08:41:37] DEBUG: Inner: 5342 covered: 5744 total: 27752
[2026-09-24 08:41:37] DEBUG: Assembled disjointig 131
	With 2 reads
	Start read: +ERR1539006.14272
	At position: 1
	leftTip: 1 rightTip: 0
	Suspicious: 1
	Short ext: 1
	Mean extensions: 2
	Avg overlap len: 3630
	Min overlap len: 3630
	Inner reads: 0
	Length: 6848
[2026-09-24 08:41:37] DEBUG: Inner: 5348 covered: 5752 total: 27752
[2026-09-24 08:41:37] DEBUG: Assembled disjointig 132
	With 2 reads
	Start read: +ERR1539006.4863
	At position: 1
	leftTip: 1 rightTip: 0
	Suspicious: 0
	Short ext: 0
	Mean extensions: 4
	Avg overlap len: 4076
	Min overlap len: 4076
	Inner reads: 0
	Length: 11595
[2026-09-24 08:41:37] DEBUG: Inner: 5358 covered: 5762 total: 27752
[2026-09-24 08:41:37] DEBUG: Assembled disjointig 133
	With 5 reads
	Start read: +ERR1539006.3145
	At position: 4
	leftTip: 1 rightTip: 1
	Suspicious: 4
	Short ext: 3
	Mean extensions: 1
	Avg overlap len: 3000
	Min overlap len: 1118
	Inner reads: 0
	Length: 22956
[2026-09-24 08:41:37] DEBUG: Inner: 5388 covered: 5808 total: 27752
[2026-09-24 08:41:37] DEBUG: Assembled disjointig 134
	With 3 reads
	Start read: +ERR1539006.11347
	At position: 2
	leftTip: 0 rightTip: 0
	Suspicious: 1
	Short ext: 1
	Mean extensions: 7
	Avg overlap len: 6456
	Min overlap len: 1602
	Inner reads: 0
	Length: 16334
[2026-09-24 08:41:37] DEBUG: Inner: 5396 covered: 5826 total: 27752
[2026-09-24 08:41:37] DEBUG: Assembled disjointig 135
	With 5 reads
	Start read: +ERR1539006.3786
	At position: 5
	leftTip: 0 rightTip: 1
	Suspicious: 3
	Short ext: 2
	Mean extensions: 1
	Avg overlap len: 4127
	Min overlap len: 1241
	Inner reads: 0
	Length: 42621
[2026-09-24 08:41:37] DEBUG: Inner: 5418 covered: 5842 total: 27752
[2026-09-24 08:41:37] DEBUG: Assembled disjointig 136
	With 7 reads
	Start read: +ERR1539006.13342
	At position: 1
	leftTip: 1 rightTip: 1
	Suspicious: 4
	Short ext: 3
	Mean extensions: 1
	Avg overlap len: 4946
	Min overlap len: 2323
	Inner reads: 0
	Length: 30073
[2026-09-24 08:41:37] DEBUG: Inner: 5458 covered: 5882 total: 27752
[2026-09-24 08:41:37] DEBUG: Assembled disjointig 137
	With 14 reads
	Start read: +ERR1539006.11323
	At position: 5
	leftTip: 1 rightTip: 1
	Suspicious: 10
	Short ext: 9
	Mean extensions: 2
	Avg overlap len: 2344
	Min overlap len: 1190
	Inner reads: 0
	Length: 74070
[2026-09-24 08:41:37] DEBUG: Inner: 5566 covered: 5978 total: 27752
[2026-09-24 08:41:37] DEBUG: Assembled disjointig 138
	With 5 reads
	Start read: +ERR1539006.1792
	At position: 4
	leftTip: 1 rightTip: 1
	Suspicious: 4
	Short ext: 4
	Mean extensions: 1
	Avg overlap len: 1844
	Min overlap len: 1183
	Inner reads: 0
	Length: 30351
[2026-09-24 08:41:37] DEBUG: Inner: 5600 covered: 6008 total: 27752
[2026-09-24 08:41:37] DEBUG: Assembled disjointig 139
	With 17 reads
	Start read: +ERR1539006.16786
	At position: 5
	leftTip: 1 rightTip: 0
	Suspicious: 8
	Short ext: 7
	Mean extensions: 3
	Avg overlap len: 5783
	Min overlap len: 2077
	Inner reads: 0
	Length: 84612
[2026-09-24 08:41:37] DEBUG: Inner: 5724 covered: 6136 total: 27752
[2026-09-24 08:41:37] DEBUG: Assembled disjointig 140
	With 11 reads
	Start read: +ERR1539006.11782
	At position: 7
	leftTip: 0 rightTip: 0
	Suspicious: 7
	Short ext: 7
	Mean extensions: 5
	Avg overlap len: 3442
	Min overlap len: 2159
	Inner reads: 0
	Length: 45521
[2026-09-24 08:41:37] DEBUG: Inner: 5784 covered: 6206 total: 27752
[2026-09-24 08:41:37] DEBUG: Assembled disjointig 141
	With 6 reads
	Start read: +ERR1539006.18107
	At position: 1
	leftTip: 1 rightTip: 1
	Suspicious: 2
	Short ext: 2
	Mean extensions: 2
	Avg overlap len: 4610
	Min overlap len: 2031
	Inner reads: 0
	Length: 27538
[2026-09-24 08:41:37] DEBUG: Inner: 5828 covered: 6258 total: 27752
[2026-09-24 08:41:37] DEBUG: Assembled disjointig 142
	With 10 reads
	Start read: +ERR1539006.13832
	At position: 1
	leftTip: 1 rightTip: 0
	Suspicious: 5
	Short ext: 4
	Mean extensions: 4
	Avg overlap len: 4151
	Min overlap len: 1458
	Inner reads: 0
	Length: 53185
[2026-09-24 08:41:37] DEBUG: Inner: 5904 covered: 6340 total: 27752
[2026-09-24 08:41:37] DEBUG: Assembled disjointig 143
	With 7 reads
	Start read: +ERR1539006.17819
	At position: 7
	leftTip: 1 rightTip: 1
	Suspicious: 4
	Short ext: 4
	Mean extensions: 2
	Avg overlap len: 3213
	Min overlap len: 2702
	Inner reads: 0
	Length: 24526
[2026-09-24 08:41:37] DEBUG: Inner: 5946 covered: 6382 total: 27752
[2026-09-24 08:41:37] DEBUG: Assembled disjointig 144
	With 10 reads
	Start read: +ERR1539006.18941
	At position: 8
	leftTip: 1 rightTip: 1
	Suspicious: 5
	Short ext: 3
	Mean extensions: 3
	Avg overlap len: 4995
	Min overlap len: 3794
	Inner reads: 0
	Length: 47362
[2026-09-24 08:41:37] DEBUG: Inner: 6010 covered: 6452 total: 27752
[2026-09-24 08:41:37] DEBUG: Assembled disjointig 145
	With 10 reads
	Start read: +ERR1539006.14020
	At position: 9
	leftTip: 1 rightTip: 1
	Suspicious: 4
	Short ext: 3
	Mean extensions: 2
	Avg overlap len: 5973
	Min overlap len: 1335
	Inner reads: 0
	Length: 51205
[2026-09-24 08:41:37] DEBUG: Inner: 6096 covered: 6534 total: 27752
[2026-09-24 08:41:37] DEBUG: Discarded disjointig with 11 reads and 9 inner overlaps
[2026-09-24 08:41:37] DEBUG: Assembled disjointig 146
	With 4 reads
	Start read: +ERR1539006.17521
	At position: 3
	leftTip: 0 rightTip: 1
	Suspicious: 3
	Short ext: 3
	Mean extensions: 3
	Avg overlap len: 1923
	Min overlap len: 1128
	Inner reads: 0
	Length: 22940
[2026-09-24 08:41:37] DEBUG: Inner: 6110 covered: 6556 total: 27752
[2026-09-24 08:41:37] DEBUG: Assembled disjointig 147
	With 9 reads
	Start read: +ERR1539006.10735
	At position: 1
	leftTip: 1 rightTip: 1
	Suspicious: 7
	Short ext: 6
	Mean extensions: 2
	Avg overlap len: 2802
	Min overlap len: 1863
	Inner reads: 0
	Length: 41895
[2026-09-24 08:41:37] DEBUG: Inner: 6166 covered: 6610 total: 27752
[2026-09-24 08:41:37] DEBUG: Assembled disjointig 148
	With 1 reads
	Start read: +ERR1539006.6097
	At position: 1
	leftTip: 1 rightTip: 1
	Suspicious: 0
	Short ext: 0
	Mean extensions: 0
	Avg overlap len: 0
	Min overlap len: 0
	Inner reads: 0
	Length: 13060
[2026-09-24 08:41:37] DEBUG: Inner: 6178 covered: 6628 total: 27752
[2026-09-24 08:41:37] DEBUG: Assembled disjointig 149
	With 14 reads
	Start read: +ERR1539006.17381
	At position: 7
	leftTip: 1 rightTip: 1
	Suspicious: 11
	Short ext: 10
	Mean extensions: 1
	Avg overlap len: 3351
	Min overlap len: 1412
	Inner reads: 0
	Length: 50951
[2026-09-24 08:41:37] DEBUG: Inner: 6248 covered: 6698 total: 27752
[2026-09-24 08:41:37] DEBUG: Assembled disjointig 150
	With 8 reads
	Start read: +ERR1539006.15163
	At position: 6
	leftTip: 1 rightTip: 1
	Suspicious: 5
	Short ext: 4
	Mean extensions: 1
	Avg overlap len: 3940
	Min overlap len: 1558
	Inner reads: 0
	Length: 33277
[2026-09-24 08:41:37] DEBUG: Inner: 6310 covered: 6760 total: 27752
[2026-09-24 08:41:37] DEBUG: Assembled disjointig 151
	With 3 reads
	Start read: +ERR1539006.10347
	At position: 1
	leftTip: 1 rightTip: 1
	Suspicious: 2
	Short ext: 1
	Mean extensions: 3
	Avg overlap len: 5436
	Min overlap len: 3587
	Inner reads: 0
	Length: 11279
[2026-09-24 08:41:37] DEBUG: Inner: 6320 covered: 6772 total: 27752
[2026-09-24 08:41:37] DEBUG: Assembled disjointig 152
	With 1 reads
	Start read: +ERR1539006.16361
	At position: 1
	leftTip: 1 rightTip: 1
	Suspicious: 0
	Short ext: 0
	Mean extensions: 0
	Avg overlap len: 0
	Min overlap len: 0
	Inner reads: 0
	Length: 6280
[2026-09-24 08:41:37] DEBUG: Inner: 6324 covered: 6778 total: 27752
[2026-09-24 08:41:37] DEBUG: Assembled disjointig 153
	With 3 reads
	Start read: +ERR1539006.19210
	At position: 3
	leftTip: 0 rightTip: 1
	Suspicious: 1
	Short ext: 1
	Mean extensions: 7
	Avg overlap len: 7128
	Min overlap len: 2875
	Inner reads: 0
	Length: 16704
[2026-09-24 08:41:37] DEBUG: Inner: 6332 covered: 6800 total: 27752
[2026-09-24 08:41:37] DEBUG: Assembled disjointig 154
	With 5 reads
	Start read: +ERR1539006.16549
	At position: 1
	leftTip: 1 rightTip: 1
	Suspicious: 2
	Short ext: 2
	Mean extensions: 2
	Avg overlap len: 4733
	Min overlap len: 1912
	Inner reads: 0
	Length: 28237
[2026-09-24 08:41:37] DEBUG: Inner: 6376 covered: 6838 total: 27752
[2026-09-24 08:41:37] DEBUG: Assembled disjointig 155
	With 3 reads
	Start read: +ERR1539006.19443
	At position: 3
	leftTip: 0 rightTip: 1
	Suspicious: 1
	Short ext: 1
	Mean extensions: 1
	Avg overlap len: 4228
	Min overlap len: 1762
	Inner reads: 0
	Length: 11094
[2026-09-24 08:41:37] DEBUG: Inner: 6382 covered: 6844 total: 27752
[2026-09-24 08:41:37] DEBUG: Assembled disjointig 156
	With 1 reads
	Start read: +ERR1539006.9419
	At position: 1
	leftTip: 1 rightTip: 1
	Suspicious: 0
	Short ext: 0
	Mean extensions: 0
	Avg overlap len: 0
	Min overlap len: 0
	Inner reads: 0
	Length: 4610
[2026-09-24 08:41:37] DEBUG: Inner: 6388 covered: 6848 total: 27752
[2026-09-24 08:41:37] DEBUG: Assembled disjointig 157
	With 4 reads
	Start read: +ERR1539006.15442
	At position: 2
	leftTip: 1 rightTip: 1
	Suspicious: 2
	Short ext: 1
	Mean extensions: 1
	Avg overlap len: 4056
	Min overlap len: 1105
	Inner reads: 0
	Length: 16409
[2026-09-24 08:41:37] DEBUG: Inner: 6404 covered: 6868 total: 27752
[2026-09-24 08:41:37] DEBUG: Assembled disjointig 158
	With 5 reads
	Start read: +ERR1539006.18484
	At position: 3
	leftTip: 1 rightTip: 1
	Suspicious: 2
	Short ext: 1
	Mean extensions: 2
	Avg overlap len: 5856
	Min overlap len: 1199
	Inner reads: 0
	Length: 25885
[2026-09-24 08:41:37] DEBUG: Inner: 6432 covered: 6896 total: 27752
[2026-09-24 08:41:37] DEBUG: Assembled disjointig 159
	With 12 reads
	Start read: +ERR1539006.4481
	At position: 12
	leftTip: 1 rightTip: 1
	Suspicious: 4
	Short ext: 3
	Mean extensions: 2
	Avg overlap len: 5524
	Min overlap len: 1810
	Inner reads: 0
	Length: 47282
[2026-09-24 08:41:37] DEBUG: Inner: 6512 covered: 6970 total: 27752
[2026-09-24 08:41:37] DEBUG: Assembled disjointig 160
	With 11 reads
	Start read: +ERR1539006.14368
	At position: 9
	leftTip: 1 rightTip: 1
	Suspicious: 7
	Short ext: 5
	Mean extensions: 2
	Avg overlap len: 5240
	Min overlap len: 1297
	Inner reads: 0
	Length: 41445
[2026-09-24 08:41:37] DEBUG: Inner: 6564 covered: 7022 total: 27752
[2026-09-24 08:41:37] DEBUG: Assembled disjointig 161
	With 1 reads
	Start read: +ERR1539006.15597
	At position: 1
	leftTip: 1 rightTip: 1
	Suspicious: 0
	Short ext: 0
	Mean extensions: 0
	Avg overlap len: 0
	Min overlap len: 0
	Inner reads: 0
	Length: 4721
[2026-09-24 08:41:37] DEBUG: Inner: 6568 covered: 7026 total: 27752
[2026-09-24 08:41:37] DEBUG: Assembled disjointig 162
	With 6 reads
	Start read: +ERR1539006.10613
	At position: 6
	leftTip: 1 rightTip: 1
	Suspicious: 3
	Short ext: 3
	Mean extensions: 1
	Avg overlap len: 2709
	Min overlap len: 1045
	Inner reads: 0
	Length: 22320
[2026-09-24 08:41:37] DEBUG: Inner: 6594 covered: 7052 total: 27752
[2026-09-24 08:41:37] DEBUG: Assembled disjointig 163
	With 1 reads
	Start read: +ERR1539006.17435
	At position: 1
	leftTip: 1 rightTip: 1
	Suspicious: 0
	Short ext: 0
	Mean extensions: 0
	Avg overlap len: 0
	Min overlap len: 0
	Inner reads: 0
	Length: 5718
[2026-09-24 08:41:37] DEBUG: Inner: 6598 covered: 7060 total: 27752
[2026-09-24 08:41:37] DEBUG: Assembled disjointig 164
	With 2 reads
	Start read: +ERR1539006.12263
	At position: 1
	leftTip: 1 rightTip: 1
	Suspicious: 1
	Short ext: 1
	Mean extensions: 0
	Avg overlap len: 1849
	Min overlap len: 1849
	Inner reads: 0
	Length: 12766
[2026-09-24 08:41:37] DEBUG: Inner: 6604 covered: 7066 total: 27752
[2026-09-24 08:41:37] DEBUG: Assembled disjointig 165
	With 8 reads
	Start read: +ERR1539006.16261
	At position: 3
	leftTip: 1 rightTip: 1
	Suspicious: 4
	Short ext: 3
	Mean extensions: 2
	Avg overlap len: 5105
	Min overlap len: 1021
	Inner reads: 0
	Length: 45253
[2026-09-24 08:41:37] DEBUG: Inner: 6662 covered: 7130 total: 27752
[2026-09-24 08:41:37] DEBUG: Assembled disjointig 166
	With 3 reads
	Start read: +ERR1539006.13639
	At position: 2
	leftTip: 1 rightTip: 1
	Suspicious: 2
	Short ext: 2
	Mean extensions: 2
	Avg overlap len: 2569
	Min overlap len: 2256
	Inner reads: 0
	Length: 16392
[2026-09-24 08:41:37] DEBUG: Inner: 6674 covered: 7153 total: 27752
[2026-09-24 08:41:37] DEBUG: Assembled disjointig 167
	With 5 reads
	Start read: +ERR1539006.11473
	At position: 3
	leftTip: 1 rightTip: 1
	Suspicious: 2
	Short ext: 1
	Mean extensions: 6
	Avg overlap len: 6929
	Min overlap len: 1704
	Inner reads: 0
	Length: 21225
[2026-09-24 08:41:37] DEBUG: Inner: 6702 covered: 7190 total: 27752
[2026-09-24 08:41:37] DEBUG: Assembled disjointig 168
	With 2 reads
	Start read: +ERR1539006.19380
	At position: 2
	leftTip: 1 rightTip: 1
	Suspicious: 1
	Short ext: 1
	Mean extensions: 0
	Avg overlap len: 1687
	Min overlap len: 1687
	Inner reads: 0
	Length: 13991
[2026-09-24 08:41:37] DEBUG: Inner: 6706 covered: 7204 total: 27752
[2026-09-24 08:41:37] DEBUG: Assembled disjointig 169
	With 3 reads
	Start read: +ERR1539006.12642
	At position: 1
	leftTip: 1 rightTip: 1
	Suspicious: 2
	Short ext: 1
	Mean extensions: 1
	Avg overlap len: 6319
	Min overlap len: 2772
	Inner reads: 0
	Length: 19047
[2026-09-24 08:41:37] DEBUG: Inner: 6732 covered: 7226 total: 27752
[2026-09-24 08:41:37] DEBUG: Assembled disjointig 170
	With 7 reads
	Start read: +ERR1539006.17549
	At position: 4
	leftTip: 1 rightTip: 0
	Suspicious: 4
	Short ext: 4
	Mean extensions: 1
	Avg overlap len: 2880
	Min overlap len: 1216
	Inner reads: 0
	Length: 34909
[2026-09-24 08:41:37] DEBUG: Inner: 6780 covered: 7276 total: 27752
[2026-09-24 08:41:37] DEBUG: Assembled disjointig 171
	With 1 reads
	Start read: +ERR1539006.14928
	At position: 1
	leftTip: 1 rightTip: 1
	Suspicious: 0
	Short ext: 0
	Mean extensions: 0
	Avg overlap len: 0
	Min overlap len: 0
	Inner reads: 0
	Length: 5647
[2026-09-24 08:41:37] DEBUG: Inner: 6784 covered: 7282 total: 27752
[2026-09-24 08:41:37] DEBUG: Assembled disjointig 172
	With 5 reads
	Start read: +ERR1539006.11015
	At position: 2
	leftTip: 1 rightTip: 1
	Suspicious: 4
	Short ext: 4
	Mean extensions: 1
	Avg overlap len: 3695
	Min overlap len: 1965
	Inner reads: 0
	Length: 23605
[2026-09-24 08:41:37] DEBUG: Inner: 6822 covered: 7322 total: 27752
[2026-09-24 08:41:37] DEBUG: Assembled disjointig 173
	With 4 reads
	Start read: +ERR1539006.11181
	At position: 1
	leftTip: 1 rightTip: 0
	Suspicious: 2
	Short ext: 1
	Mean extensions: 2
	Avg overlap len: 5739
	Min overlap len: 1073
	Inner reads: 1
	Length: 19629
[2026-09-24 08:41:37] DEBUG: Inner: 6828 covered: 7332 total: 27752
[2026-09-24 08:41:37] DEBUG: Assembled disjointig 174
	With 3 reads
	Start read: +ERR1539006.13063
	At position: 3
	leftTip: 0 rightTip: 1
	Suspicious: 0
	Short ext: 0
	Mean extensions: 6
	Avg overlap len: 9406
	Min overlap len: 7241
	Inner reads: 0
	Length: 20422
[2026-09-24 08:41:37] DEBUG: Inner: 6840 covered: 7340 total: 27752
[2026-09-24 08:41:37] DEBUG: Assembled disjointig 175
	With 2 reads
	Start read: +ERR1539006.12898
	At position: 2
	leftTip: 1 rightTip: 1
	Suspicious: 1
	Short ext: 1
	Mean extensions: 0
	Avg overlap len: 3794
	Min overlap len: 3794
	Inner reads: 0
	Length: 9699
[2026-09-24 08:41:37] DEBUG: Inner: 6848 covered: 7348 total: 27752
[2026-09-24 08:41:37] DEBUG: Assembled disjointig 176
	With 2 reads
	Start read: +ERR1539006.10446
	At position: 1
	leftTip: 1 rightTip: 1
	Suspicious: 1
	Short ext: 0
	Mean extensions: 0
	Avg overlap len: 4427
	Min overlap len: 4427
	Inner reads: 0
	Length: 12671
[2026-09-24 08:41:37] DEBUG: Inner: 6866 covered: 7370 total: 27752
[2026-09-24 08:41:37] DEBUG: Assembled disjointig 177
	With 7 reads
	Start read: +ERR1539006.17525
	At position: 3
	leftTip: 1 rightTip: 1
	Suspicious: 6
	Short ext: 4
	Mean extensions: 1
	Avg overlap len: 3623
	Min overlap len: 1128
	Inner reads: 0
	Length: 25089
[2026-09-24 08:41:37] DEBUG: Inner: 6898 covered: 7400 total: 27752
[2026-09-24 08:41:37] DEBUG: Assembled disjointig 178
	With 7 reads
	Start read: +ERR1539006.10621
	At position: 6
	leftTip: 0 rightTip: 1
	Suspicious: 3
	Short ext: 2
	Mean extensions: 2
	Avg overlap len: 5307
	Min overlap len: 1632
	Inner reads: 0
	Length: 28562
[2026-09-24 08:41:37] DEBUG: Inner: 6938 covered: 7444 total: 27752
[2026-09-24 08:41:37] DEBUG: Assembled disjointig 179
	With 1 reads
	Start read: +ERR1539006.17816
	At position: 1
	leftTip: 1 rightTip: 1
	Suspicious: 0
	Short ext: 0
	Mean extensions: 0
	Avg overlap len: 0
	Min overlap len: 0
	Inner reads: 0
	Length: 9070
[2026-09-24 08:41:37] DEBUG: Inner: 6942 covered: 7456 total: 27752
[2026-09-24 08:41:37] DEBUG: Assembled disjointig 180
	With 7 reads
	Start read: +ERR1539006.15916
	At position: 2
	leftTip: 1 rightTip: 1
	Suspicious: 4
	Short ext: 4
	Mean extensions: 2
	Avg overlap len: 3142
	Min overlap len: 1712
	Inner reads: 0
	Length: 28212
[2026-09-24 08:41:37] DEBUG: Inner: 6974 covered: 7488 total: 27752
[2026-09-24 08:41:37] DEBUG: Assembled disjointig 181
	With 1 reads
	Start read: +ERR1539006.5739
	At position: 1
	leftTip: 1 rightTip: 1
	Suspicious: 0
	Short ext: 0
	Mean extensions: 0
	Avg overlap len: 0
	Min overlap len: 0
	Inner reads: 0
	Length: 7389
[2026-09-24 08:41:37] DEBUG: Inner: 6978 covered: 7492 total: 27752
[2026-09-24 08:41:37] DEBUG: Assembled disjointig 182
	With 3 reads
	Start read: +ERR1539006.19163
	At position: 1
	leftTip: 1 rightTip: 1
	Suspicious: 2
	Short ext: 2
	Mean extensions: 1
	Avg overlap len: 2728
	Min overlap len: 2229
	Inner reads: 0
	Length: 13033
[2026-09-24 08:41:37] DEBUG: Inner: 7006 covered: 7522 total: 27752
[2026-09-24 08:41:37] DEBUG: Assembled disjointig 183
	With 5 reads
	Start read: +ERR1539006.11884
	At position: 5
	leftTip: 1 rightTip: 1
	Suspicious: 3
	Short ext: 3
	Mean extensions: 2
	Avg overlap len: 3676
	Min overlap len: 2447
	Inner reads: 0
	Length: 25304
[2026-09-24 08:41:37] DEBUG: Inner: 7040 covered: 7554 total: 27752
[2026-09-24 08:41:37] DEBUG: Assembled disjointig 184
	With 1 reads
	Start read: +ERR1539006.16199
	At position: 1
	leftTip: 1 rightTip: 1
	Suspicious: 0
	Short ext: 0
	Mean extensions: 0
	Avg overlap len: 0
	Min overlap len: 0
	Inner reads: 0
	Length: 4167
[2026-09-24 08:41:37] DEBUG: Inner: 7044 covered: 7562 total: 27752
[2026-09-24 08:41:37] DEBUG: Assembled disjointig 185
	With 8 reads
	Start read: +ERR1539006.11665
	At position: 3
	leftTip: 1 rightTip: 1
	Suspicious: 4
	Short ext: 2
	Mean extensions: 2
	Avg overlap len: 4552
	Min overlap len: 3151
	Inner reads: 1
	Length: 37242
[2026-09-24 08:41:37] DEBUG: Inner: 7098 covered: 7616 total: 27752
[2026-09-24 08:41:37] DEBUG: Assembled disjointig 186
	With 19 reads
	Start read: +ERR1539006.17656
	At position: 5
	leftTip: 1 rightTip: 1
	Suspicious: 11
	Short ext: 9
	Mean extensions: 2
	Avg overlap len: 4030
	Min overlap len: 1449
	Inner reads: 0
	Length: 71639
[2026-09-24 08:41:37] DEBUG: Inner: 7216 covered: 7732 total: 27752
[2026-09-24 08:41:37] DEBUG: Assembled disjointig 187
	With 6 reads
	Start read: +ERR1539006.16972
	At position: 4
	leftTip: 1 rightTip: 1
	Suspicious: 5
	Short ext: 3
	Mean extensions: 1
	Avg overlap len: 3365
	Min overlap len: 1434
	Inner reads: 0
	Length: 27399
[2026-09-24 08:41:37] DEBUG: Inner: 7240 covered: 7754 total: 27752
[2026-09-24 08:41:37] DEBUG: Assembled disjointig 188
	With 7 reads
	Start read: +ERR1539006.19326
	At position: 1
	leftTip: 1 rightTip: 1
	Suspicious: 4
	Short ext: 3
	Mean extensions: 2
	Avg overlap len: 4288
	Min overlap len: 2068
	Inner reads: 0
	Length: 33757
[2026-09-24 08:41:37] DEBUG: Inner: 7274 covered: 7790 total: 27752
[2026-09-24 08:41:37] DEBUG: Assembled disjointig 189
	With 1 reads
	Start read: +ERR1539006.10507
	At position: 1
	leftTip: 1 rightTip: 1
	Suspicious: 0
	Short ext: 0
	Mean extensions: 0
	Avg overlap len: 0
	Min overlap len: 0
	Inner reads: 0
	Length: 5220
[2026-09-24 08:41:37] DEBUG: Inner: 7280 covered: 7802 total: 27752
[2026-09-24 08:41:37] DEBUG: Assembled disjointig 190
	With 4 reads
	Start read: +ERR1539006.15363
	At position: 4
	leftTip: 1 rightTip: 1
	Suspicious: 2
	Short ext: 2
	Mean extensions: 2
	Avg overlap len: 4135
	Min overlap len: 1427
	Inner reads: 0
	Length: 23456
[2026-09-24 08:41:37] DEBUG: Inner: 7306 covered: 7828 total: 27752
[2026-09-24 08:41:37] DEBUG: Assembled disjointig 191
	With 4 reads
	Start read: +ERR1539006.12597
	At position: 3
	leftTip: 0 rightTip: 1
	Suspicious: 3
	Short ext: 3
	Mean extensions: 1
	Avg overlap len: 2019
	Min overlap len: 1403
	Inner reads: 0
	Length: 29680
[2026-09-24 08:41:37] DEBUG: Inner: 7330 covered: 7862 total: 27752
[2026-09-24 08:41:37] DEBUG: Assembled disjointig 192
	With 12 reads
	Start read: +ERR1539006.4935
	At position: 4
	leftTip: 1 rightTip: 0
	Suspicious: 6
	Short ext: 6
	Mean extensions: 3
	Avg overlap len: 3846
	Min overlap len: 1932
	Inner reads: 0
	Length: 39174
[2026-09-24 08:41:37] DEBUG: Inner: 7386 covered: 7930 total: 27752
[2026-09-24 08:41:37] DEBUG: Assembled disjointig 193
	With 4 reads
	Start read: +ERR1539006.4074
	At position: 1
	leftTip: 1 rightTip: 1
	Suspicious: 2
	Short ext: 1
	Mean extensions: 1
	Avg overlap len: 4526
	Min overlap len: 3330
	Inner reads: 0
	Length: 24411
[2026-09-24 08:41:37] DEBUG: Inner: 7404 covered: 7948 total: 27752
[2026-09-24 08:41:37] DEBUG: Assembled disjointig 194
	With 1 reads
	Start read: +ERR1539006.11112
	At position: 1
	leftTip: 1 rightTip: 1
	Suspicious: 0
	Short ext: 0
	Mean extensions: 0
	Avg overlap len: 0
	Min overlap len: 0
	Inner reads: 0
	Length: 7808
[2026-09-24 08:41:37] DEBUG: Inner: 7408 covered: 7974 total: 27752
[2026-09-24 08:41:37] DEBUG: Assembled disjointig 195
	With 8 reads
	Start read: +ERR1539006.12136
	At position: 3
	leftTip: 1 rightTip: 0
	Suspicious: 4
	Short ext: 2
	Mean extensions: 3
	Avg overlap len: 4965
	Min overlap len: 3339
	Inner reads: 0
	Length: 42986
[2026-09-24 08:41:37] DEBUG: Inner: 7470 covered: 8032 total: 27752
[2026-09-24 08:41:37] DEBUG: Assembled disjointig 196
	With 6 reads
	Start read: +ERR1539006.16126
	At position: 5
	leftTip: 0 rightTip: 1
	Suspicious: 4
	Short ext: 4
	Mean extensions: 3
	Avg overlap len: 2713
	Min overlap len: 1058
	Inner reads: 0
	Length: 38679
[2026-09-24 08:41:37] DEBUG: Inner: 7504 covered: 8080 total: 27752
[2026-09-24 08:41:37] DEBUG: Assembled disjointig 197
	With 12 reads
	Start read: +ERR1539006.11346
	At position: 12
	leftTip: 1 rightTip: 1
	Suspicious: 7
	Short ext: 7
	Mean extensions: 1
	Avg overlap len: 3330
	Min overlap len: 1083
	Inner reads: 0
	Length: 75974
[2026-09-24 08:41:37] DEBUG: Inner: 7596 covered: 8162 total: 27752
[2026-09-24 08:41:37] DEBUG: Assembled disjointig 198
	With 8 reads
	Start read: +ERR1539006.9225
	At position: 4
	leftTip: 1 rightTip: 0
	Suspicious: 3
	Short ext: 3
	Mean extensions: 3
	Avg overlap len: 4862
	Min overlap len: 2398
	Inner reads: 0
	Length: 33082
[2026-09-24 08:41:37] DEBUG: Inner: 7654 covered: 8220 total: 27752
[2026-09-24 08:41:38] DEBUG: Assembled disjointig 199
	With 7 reads
	Start read: +ERR1539006.16120
	At position: 7
	leftTip: 1 rightTip: 1
	Suspicious: 3
	Short ext: 3
	Mean extensions: 2
	Avg overlap len: 4834
	Min overlap len: 1521
	Inner reads: 0
	Length: 34246
[2026-09-24 08:41:38] DEBUG: Inner: 7710 covered: 8274 total: 27752
[2026-09-24 08:41:38] DEBUG: Assembled disjointig 200
	With 1 reads
	Start read: +ERR1539006.14450
	At position: 1
	leftTip: 1 rightTip: 1
	Suspicious: 0
	Short ext: 0
	Mean extensions: 0
	Avg overlap len: 0
	Min overlap len: 0
	Inner reads: 0
	Length: 6129
[2026-09-24 08:41:38] DEBUG: Inner: 7716 covered: 8288 total: 27752
[2026-09-24 08:41:38] DEBUG: Assembled disjointig 201
	With 3 reads
	Start read: +ERR1539006.16939
	At position: 1
	leftTip: 1 rightTip: 0
	Suspicious: 1
	Short ext: 1
	Mean extensions: 2
	Avg overlap len: 7498
	Min overlap len: 1474
	Inner reads: 0
	Length: 13046
[2026-09-24 08:41:38] DEBUG: Inner: 7736 covered: 8300 total: 27752
[2026-09-24 08:41:38] DEBUG: Assembled disjointig 202
	With 5 reads
	Start read: +ERR1539006.18289
	At position: 4
	leftTip: 1 rightTip: 1
	Suspicious: 3
	Short ext: 1
	Mean extensions: 1
	Avg overlap len: 4081
	Min overlap len: 3923
	Inner reads: 0
	Length: 22094
[2026-09-24 08:41:38] DEBUG: Inner: 7772 covered: 8334 total: 27752
[2026-09-24 08:41:38] DEBUG: Assembled disjointig 203
	With 2 reads
	Start read: +ERR1539006.18052
	At position: 2
	leftTip: 1 rightTip: 1
	Suspicious: 1
	Short ext: 0
	Mean extensions: 0
	Avg overlap len: 9010
	Min overlap len: 9010
	Inner reads: 0
	Length: 12119
[2026-09-24 08:41:38] DEBUG: Inner: 7792 covered: 8352 total: 27752
[2026-09-24 08:41:38] DEBUG: Assembled disjointig 204
	With 5 reads
	Start read: +ERR1539006.13021
	At position: 2
	leftTip: 1 rightTip: 1
	Suspicious: 4
	Short ext: 4
	Mean extensions: 1
	Avg overlap len: 2091
	Min overlap len: 1869
	Inner reads: 0
	Length: 26894
[2026-09-24 08:41:38] DEBUG: Inner: 7830 covered: 8394 total: 27752
[2026-09-24 08:41:38] DEBUG: Assembled disjointig 205
	With 9 reads
	Start read: +ERR1539006.15316
	At position: 4
	leftTip: 1 rightTip: 0
	Suspicious: 6
	Short ext: 5
	Mean extensions: 2
	Avg overlap len: 3572
	Min overlap len: 1182
	Inner reads: 0
	Length: 49098
[2026-09-24 08:41:38] DEBUG: Inner: 7918 covered: 8506 total: 27752
[2026-09-24 08:41:38] DEBUG: Assembled disjointig 206
	With 2 reads
	Start read: +ERR1539006.789
	At position: 1
	leftTip: 1 rightTip: 1
	Suspicious: 1
	Short ext: 1
	Mean extensions: 0
	Avg overlap len: 2854
	Min overlap len: 2854
	Inner reads: 0
	Length: 10164
[2026-09-24 08:41:38] DEBUG: Inner: 7928 covered: 8520 total: 27752
[2026-09-24 08:41:38] DEBUG: Assembled disjointig 207
	With 9 reads
	Start read: +ERR1539006.13885
	At position: 8
	leftTip: 0 rightTip: 1
	Suspicious: 5
	Short ext: 4
	Mean extensions: 2
	Avg overlap len: 4139
	Min overlap len: 1613
	Inner reads: 0
	Length: 39112
[2026-09-24 08:41:38] DEBUG: Inner: 7966 covered: 8562 total: 27752
[2026-09-24 08:41:38] DEBUG: Assembled disjointig 208
	With 9 reads
	Start read: +ERR1539006.16618
	At position: 8
	leftTip: 1 rightTip: 1
	Suspicious: 5
	Short ext: 3
	Mean extensions: 3
	Avg overlap len: 5991
	Min overlap len: 2954
	Inner reads: 0
	Length: 31606
[2026-09-24 08:41:38] DEBUG: Inner: 8020 covered: 8620 total: 27752
[2026-09-24 08:41:38] DEBUG: Assembled disjointig 209
	With 1 reads
	Start read: +ERR1539006.18432
	At position: 1
	leftTip: 1 rightTip: 1
	Suspicious: 0
	Short ext: 0
	Mean extensions: 0
	Avg overlap len: 0
	Min overlap len: 0
	Inner reads: 0
	Length: 10035
[2026-09-24 08:41:38] DEBUG: Inner: 8026 covered: 8630 total: 27752
[2026-09-24 08:41:38] DEBUG: Assembled disjointig 210
	With 5 reads
	Start read: +ERR1539006.18384
	At position: 2
	leftTip: 0 rightTip: 1
	Suspicious: 3
	Short ext: 2
	Mean extensions: 2
	Avg overlap len: 4927
	Min overlap len: 1219
	Inner reads: 0
	Length: 32148
[2026-09-24 08:41:38] DEBUG: Inner: 8068 covered: 8670 total: 27752
[2026-09-24 08:41:38] DEBUG: Assembled disjointig 211
	With 10 reads
	Start read: +ERR1539006.13396
	At position: 10
	leftTip: 0 rightTip: 1
	Suspicious: 3
	Short ext: 3
	Mean extensions: 5
	Avg overlap len: 4455
	Min overlap len: 1854
	Inner reads: 0
	Length: 38881
[2026-09-24 08:41:38] DEBUG: Inner: 8144 covered: 8744 total: 27752
[2026-09-24 08:41:38] DEBUG: Assembled disjointig 212
	With 11 reads
	Start read: +ERR1539006.15789
	At position: 9
	leftTip: 1 rightTip: 0
	Suspicious: 7
	Short ext: 6
	Mean extensions: 2
	Avg overlap len: 1890
	Min overlap len: 1079
	Inner reads: 0
	Length: 55434
[2026-09-24 08:41:38] DEBUG: Inner: 8202 covered: 8796 total: 27752
[2026-09-24 08:41:38] DEBUG: Assembled disjointig 213
	With 2 reads
	Start read: +ERR1539006.12378
	At position: 2
	leftTip: 1 rightTip: 1
	Suspicious: 1
	Short ext: 0
	Mean extensions: 0
	Avg overlap len: 4999
	Min overlap len: 4999
	Inner reads: 0
	Length: 9863
[2026-09-24 08:41:38] DEBUG: Inner: 8214 covered: 8808 total: 27752
[2026-09-24 08:41:38] DEBUG: Assembled disjointig 214
	With 5 reads
	Start read: +ERR1539006.13892
	At position: 5
	leftTip: 1 rightTip: 1
	Suspicious: 4
	Short ext: 3
	Mean extensions: 2
	Avg overlap len: 3955
	Min overlap len: 1797
	Inner reads: 0
	Length: 21653
[2026-09-24 08:41:38] DEBUG: Inner: 8236 covered: 8838 total: 27752
[2026-09-24 08:41:38] DEBUG: Assembled disjointig 215
	With 9 reads
	Start read: +ERR1539006.14806
	At position: 7
	leftTip: 1 rightTip: 0
	Suspicious: 6
	Short ext: 5
	Mean extensions: 1
	Avg overlap len: 2357
	Min overlap len: 1215
	Inner reads: 0
	Length: 40940
[2026-09-24 08:41:38] DEBUG: Inner: 8276 covered: 8898 total: 27752
[2026-09-24 08:41:38] DEBUG: Assembled disjointig 216
	With 6 reads
	Start read: +ERR1539006.14689
	At position: 6
	leftTip: 0 rightTip: 1
	Suspicious: 3
	Short ext: 2
	Mean extensions: 3
	Avg overlap len: 4337
	Min overlap len: 3402
	Inner reads: 0
	Length: 46662
[2026-09-24 08:41:38] DEBUG: Inner: 8328 covered: 8960 total: 27752
[2026-09-24 08:41:38] DEBUG: Assembled disjointig 217
	With 1 reads
	Start read: +ERR1539006.17457
	At position: 1
	leftTip: 1 rightTip: 1
	Suspicious: 0
	Short ext: 0
	Mean extensions: 0
	Avg overlap len: 0
	Min overlap len: 0
	Inner reads: 0
	Length: 6140
[2026-09-24 08:41:38] DEBUG: Inner: 8332 covered: 8964 total: 27752
[2026-09-24 08:41:38] DEBUG: Assembled disjointig 218
	With 5 reads
	Start read: +ERR1539006.16258
	At position: 5
	leftTip: 1 rightTip: 1
	Suspicious: 3
	Short ext: 3
	Mean extensions: 2
	Avg overlap len: 4101
	Min overlap len: 1702
	Inner reads: 0
	Length: 27714
[2026-09-24 08:41:38] DEBUG: Inner: 8356 covered: 8988 total: 27752
[2026-09-24 08:41:38] DEBUG: Assembled disjointig 219
	With 4 reads
	Start read: +ERR1539006.15340
	At position: 4
	leftTip: 1 rightTip: 1
	Suspicious: 3
	Short ext: 2
	Mean extensions: 1
	Avg overlap len: 4067
	Min overlap len: 1125
	Inner reads: 0
	Length: 26114
[2026-09-24 08:41:38] DEBUG: Inner: 8376 covered: 9010 total: 27752
[2026-09-24 08:41:38] DEBUG: Assembled disjointig 220
	With 1 reads
	Start read: +ERR1539006.16981
	At position: 1
	leftTip: 1 rightTip: 1
	Suspicious: 0
	Short ext: 0
	Mean extensions: 0
	Avg overlap len: 0
	Min overlap len: 0
	Inner reads: 0
	Length: 11174
[2026-09-24 08:41:38] DEBUG: Inner: 8390 covered: 9022 total: 27752
[2026-09-24 08:41:38] DEBUG: Assembled disjointig 221
	With 5 reads
	Start read: +ERR1539006.10894
	At position: 2
	leftTip: 1 rightTip: 1
	Suspicious: 2
	Short ext: 2
	Mean extensions: 2
	Avg overlap len: 6444
	Min overlap len: 3047
	Inner reads: 0
	Length: 18248
[2026-09-24 08:41:38] DEBUG: Inner: 8418 covered: 9056 total: 27752
[2026-09-24 08:41:38] DEBUG: Assembled disjointig 222
	With 3 reads
	Start read: +ERR1539006.12542
	At position: 1
	leftTip: 1 rightTip: 1
	Suspicious: 2
	Short ext: 2
	Mean extensions: 2
	Avg overlap len: 2271
	Min overlap len: 1238
	Inner reads: 0
	Length: 15869
[2026-09-24 08:41:38] DEBUG: Inner: 8432 covered: 9082 total: 27752
[2026-09-24 08:41:38] DEBUG: Assembled disjointig 223
	With 1 reads
	Start read: +ERR1539006.9647
	At position: 1
	leftTip: 1 rightTip: 1
	Suspicious: 0
	Short ext: 0
	Mean extensions: 0
	Avg overlap len: 0
	Min overlap len: 0
	Inner reads: 0
	Length: 17199
[2026-09-24 08:41:38] DEBUG: Inner: 8436 covered: 9088 total: 27752
[2026-09-24 08:41:38] DEBUG: Assembled disjointig 224
	With 1 reads
	Start read: +ERR1539006.13776
	At position: 1
	leftTip: 1 rightTip: 1
	Suspicious: 0
	Short ext: 0
	Mean extensions: 0
	Avg overlap len: 0
	Min overlap len: 0
	Inner reads: 0
	Length: 7458
[2026-09-24 08:41:38] DEBUG: Inner: 8440 covered: 9092 total: 27752
[2026-09-24 08:41:38] DEBUG: Assembled disjointig 225
	With 2 reads
	Start read: +ERR1539006.3783
	At position: 1
	leftTip: 1 rightTip: 1
	Suspicious: 1
	Short ext: 1
	Mean extensions: 0
	Avg overlap len: 3115
	Min overlap len: 3115
	Inner reads: 0
	Length: 7274
[2026-09-24 08:41:38] DEBUG: Inner: 8450 covered: 9108 total: 27752
[2026-09-24 08:41:38] DEBUG: Assembled disjointig 226
	With 1 reads
	Start read: +ERR1539006.16025
	At position: 1
	leftTip: 1 rightTip: 1
	Suspicious: 0
	Short ext: 0
	Mean extensions: 0
	Avg overlap len: 0
	Min overlap len: 0
	Inner reads: 0
	Length: 12873
[2026-09-24 08:41:38] DEBUG: Inner: 8456 covered: 9118 total: 27752
[2026-09-24 08:41:38] DEBUG: Assembled disjointig 227
	With 2 reads
	Start read: +ERR1539006.15401
	At position: 1
	leftTip: 1 rightTip: 1
	Suspicious: 1
	Short ext: 0
	Mean extensions: 0
	Avg overlap len: 5288
	Min overlap len: 5288
	Inner reads: 0
	Length: 11540
[2026-09-24 08:41:38] DEBUG: Inner: 8466 covered: 9140 total: 27752
[2026-09-24 08:41:38] DEBUG: Assembled disjointig 228
	With 2 reads
	Start read: +ERR1539006.13402
	At position: 2
	leftTip: 1 rightTip: 1
	Suspicious: 1
	Short ext: 1
	Mean extensions: 0
	Avg overlap len: 3299
	Min overlap len: 3299
	Inner reads: 0
	Length: 12289
[2026-09-24 08:41:38] DEBUG: Inner: 8476 covered: 9158 total: 27752
[2026-09-24 08:41:38] DEBUG: Discarded disjointig with 7 reads and 5 inner overlaps
[2026-09-24 08:41:38] DEBUG: Assembled disjointig 229
	With 4 reads
	Start read: +ERR1539006.11836
	At position: 3
	leftTip: 1 rightTip: 1
	Suspicious: 3
	Short ext: 3
	Mean extensions: 1
	Avg overlap len: 1879
	Min overlap len: 1251
	Inner reads: 0
	Length: 12878
[2026-09-24 08:41:38] DEBUG: Inner: 8496 covered: 9191 total: 27752
[2026-09-24 08:41:38] DEBUG: Assembled disjointig 230
	With 5 reads
	Start read: +ERR1539006.10615
	At position: 4
	leftTip: 0 rightTip: 1
	Suspicious: 3
	Short ext: 3
	Mean extensions: 2
	Avg overlap len: 3620
	Min overlap len: 1325
	Inner reads: 0
	Length: 37593
[2026-09-24 08:41:38] DEBUG: Inner: 8542 covered: 9236 total: 27752
[2026-09-24 08:41:38] DEBUG: Assembled disjointig 231
	With 4 reads
	Start read: +ERR1539006.1776
	At position: 4
	leftTip: 0 rightTip: 1
	Suspicious: 3
	Short ext: 3
	Mean extensions: 4
	Avg overlap len: 2253
	Min overlap len: 1871
	Inner reads: 0
	Length: 22636
[2026-09-24 08:41:38] DEBUG: Inner: 8558 covered: 9250 total: 27752
[2026-09-24 08:41:38] DEBUG: Assembled disjointig 232
	With 4 reads
	Start read: +ERR1539006.12981
	At position: 2
	leftTip: 1 rightTip: 1
	Suspicious: 2
	Short ext: 1
	Mean extensions: 1
	Avg overlap len: 6492
	Min overlap len: 2327
	Inner reads: 0
	Length: 14654
[2026-09-24 08:41:38] DEBUG: Inner: 8578 covered: 9270 total: 27752
[2026-09-24 08:41:38] DEBUG: Assembled disjointig 233
	With 4 reads
	Start read: +ERR1539006.6213
	At position: 4
	leftTip: 1 rightTip: 1
	Suspicious: 2
	Short ext: 1
	Mean extensions: 3
	Avg overlap len: 4480
	Min overlap len: 1712
	Inner reads: 0
	Length: 24184
[2026-09-24 08:41:38] DEBUG: Inner: 8606 covered: 9298 total: 27752
[2026-09-24 08:41:38] DEBUG: Assembled disjointig 234
	With 9 reads
	Start read: +ERR1539006.13507
	At position: 3
	leftTip: 0 rightTip: 1
	Suspicious: 5
	Short ext: 5
	Mean extensions: 4
	Avg overlap len: 3771
	Min overlap len: 1569
	Inner reads: 0
	Length: 29809
[2026-09-24 08:41:38] DEBUG: Inner: 8648 covered: 9352 total: 27752
[2026-09-24 08:41:38] DEBUG: Assembled disjointig 235
	With 5 reads
	Start read: +ERR1539006.11862
	At position: 4
	leftTip: 0 rightTip: 1
	Suspicious: 1
	Short ext: 1
	Mean extensions: 2
	Avg overlap len: 5012
	Min overlap len: 1732
	Inner reads: 0
	Length: 31371
[2026-09-24 08:41:38] DEBUG: Inner: 8682 covered: 9384 total: 27752
[2026-09-24 08:41:38] DEBUG: Assembled disjointig 236
	With 2 reads
	Start read: +ERR1539006.15000
	At position: 1
	leftTip: 1 rightTip: 1
	Suspicious: 1
	Short ext: 1
	Mean extensions: 0
	Avg overlap len: 2490
	Min overlap len: 2490
	Inner reads: 0
	Length: 8483
[2026-09-24 08:41:38] DEBUG: Inner: 8694 covered: 9396 total: 27752
[2026-09-24 08:41:38] DEBUG: Discarded disjointig with 7 reads and 3 inner overlaps
[2026-09-24 08:41:38] DEBUG: Assembled disjointig 237
	With 9 reads
	Start read: +ERR1539006.5940
	At position: 1
	leftTip: 1 rightTip: 1
	Suspicious: 4
	Short ext: 4
	Mean extensions: 3
	Avg overlap len: 4787
	Min overlap len: 1573
	Inner reads: 0
	Length: 42936
[2026-09-24 08:41:38] DEBUG: Inner: 8752 covered: 9464 total: 27752
[2026-09-24 08:41:38] DEBUG: Assembled disjointig 238
	With 12 reads
	Start read: +ERR1539006.17389
	At position: 7
	leftTip: 1 rightTip: 1
	Suspicious: 6
	Short ext: 3
	Mean extensions: 2
	Avg overlap len: 5582
	Min overlap len: 1109
	Inner reads: 0
	Length: 53312
[2026-09-24 08:41:38] DEBUG: Inner: 8824 covered: 9548 total: 27752
[2026-09-24 08:41:38] DEBUG: Discarded disjointig with 10 reads and 8 inner overlaps
[2026-09-24 08:41:38] DEBUG: Assembled disjointig 239
	With 7 reads
	Start read: +ERR1539006.14792
	At position: 7
	leftTip: 1 rightTip: 1
	Suspicious: 4
	Short ext: 3
	Mean extensions: 1
	Avg overlap len: 4164
	Min overlap len: 1022
	Inner reads: 0
	Length: 30217
[2026-09-24 08:41:38] DEBUG: Inner: 8856 covered: 9586 total: 27752
[2026-09-24 08:41:38] DEBUG: Assembled disjointig 240
	With 1 reads
	Start read: +ERR1539006.9869
	At position: 1
	leftTip: 1 rightTip: 1
	Suspicious: 0
	Short ext: 0
	Mean extensions: 0
	Avg overlap len: 0
	Min overlap len: 0
	Inner reads: 0
	Length: 9351
[2026-09-24 08:41:38] DEBUG: Inner: 8862 covered: 9592 total: 27752
[2026-09-24 08:41:38] DEBUG: Assembled disjointig 241
	With 11 reads
	Start read: +ERR1539006.17312
	At position: 1
	leftTip: 1 rightTip: 1
	Suspicious: 9
	Short ext: 8
	Mean extensions: 1
	Avg overlap len: 2768
	Min overlap len: 1110
	Inner reads: 0
	Length: 46101
[2026-09-24 08:41:38] DEBUG: Inner: 8932 covered: 9660 total: 27752
[2026-09-24 08:41:38] DEBUG: Assembled disjointig 242
	With 7 reads
	Start read: +ERR1539006.17063
	At position: 4
	leftTip: 0 rightTip: 1
	Suspicious: 3
	Short ext: 2
	Mean extensions: 3
	Avg overlap len: 4234
	Min overlap len: 1100
	Inner reads: 0
	Length: 37565
[2026-09-24 08:41:38] DEBUG: Inner: 8970 covered: 9710 total: 27752
[2026-09-24 08:41:38] DEBUG: Assembled disjointig 243
	With 10 reads
	Start read: +ERR1539006.17332
	At position: 6
	leftTip: 0 rightTip: 1
	Suspicious: 2
	Short ext: 2
	Mean extensions: 3
	Avg overlap len: 5238
	Min overlap len: 1427
	Inner reads: 0
	Length: 50020
[2026-09-24 08:41:38] DEBUG: Inner: 9024 covered: 9768 total: 27752
[2026-09-24 08:41:38] DEBUG: Assembled disjointig 244
	With 2 reads
	Start read: +ERR1539006.15183
	At position: 2
	leftTip: 1 rightTip: 1
	Suspicious: 1
	Short ext: 1
	Mean extensions: 0
	Avg overlap len: 2921
	Min overlap len: 2921
	Inner reads: 0
	Length: 8079
[2026-09-24 08:41:38] DEBUG: Inner: 9038 covered: 9792 total: 27752
[2026-09-24 08:41:38] DEBUG: Assembled disjointig 245
	With 1 reads
	Start read: +ERR1539006.12200
	At position: 1
	leftTip: 1 rightTip: 1
	Suspicious: 0
	Short ext: 0
	Mean extensions: 0
	Avg overlap len: 0
	Min overlap len: 0
	Inner reads: 0
	Length: 5105
[2026-09-24 08:41:38] DEBUG: Inner: 9042 covered: 9804 total: 27752
[2026-09-24 08:41:38] DEBUG: Assembled disjointig 246
	With 6 reads
	Start read: +ERR1539006.17842
	At position: 4
	leftTip: 1 rightTip: 1
	Suspicious: 3
	Short ext: 2
	Mean extensions: 5
	Avg overlap len: 4055
	Min overlap len: 1922
	Inner reads: 0
	Length: 24066
[2026-09-24 08:41:38] DEBUG: Inner: 9090 covered: 9858 total: 27752
[2026-09-24 08:41:38] DEBUG: Assembled disjointig 247
	With 8 reads
	Start read: +ERR1539006.9782
	At position: 3
	leftTip: 1 rightTip: 1
	Suspicious: 4
	Short ext: 3
	Mean extensions: 2
	Avg overlap len: 4189
	Min overlap len: 2835
	Inner reads: 0
	Length: 40128
[2026-09-24 08:41:38] DEBUG: Inner: 9150 covered: 9922 total: 27752
[2026-09-24 08:41:38] DEBUG: Assembled disjointig 248
	With 4 reads
	Start read: +ERR1539006.14171
	At position: 2
	leftTip: 0 rightTip: 1
	Suspicious: 2
	Short ext: 1
	Mean extensions: 1
	Avg overlap len: 4567
	Min overlap len: 1473
	Inner reads: 0
	Length: 21482
[2026-09-24 08:41:38] DEBUG: Inner: 9176 covered: 9944 total: 27752
[2026-09-24 08:41:38] DEBUG: Assembled disjointig 249
	With 2 reads
	Start read: +ERR1539006.173
	At position: 2
	leftTip: 1 rightTip: 1
	Suspicious: 1
	Short ext: 0
	Mean extensions: 0
	Avg overlap len: 5571
	Min overlap len: 5571
	Inner reads: 0
	Length: 7972
[2026-09-24 08:41:38] DEBUG: Inner: 9184 covered: 9952 total: 27752
[2026-09-24 08:41:38] DEBUG: Assembled disjointig 250
	With 3 reads
	Start read: +ERR1539006.15308
	At position: 1
	leftTip: 1 rightTip: 0
	Suspicious: 2
	Short ext: 2
	Mean extensions: 2
	Avg overlap len: 2059
	Min overlap len: 1049
	Inner reads: 0
	Length: 22878
[2026-09-24 08:41:38] DEBUG: Inner: 9192 covered: 9962 total: 27752
[2026-09-24 08:41:38] DEBUG: Assembled disjointig 251
	With 1 reads
	Start read: +ERR1539006.14897
	At position: 1
	leftTip: 1 rightTip: 1
	Suspicious: 0
	Short ext: 0
	Mean extensions: 0
	Avg overlap len: 0
	Min overlap len: 0
	Inner reads: 0
	Length: 9013
[2026-09-24 08:41:38] DEBUG: Inner: 9196 covered: 9972 total: 27752
[2026-09-24 08:41:38] DEBUG: Assembled disjointig 252
	With 7 reads
	Start read: +ERR1539006.13546
	At position: 5
	leftTip: 0 rightTip: 1
	Suspicious: 4
	Short ext: 4
	Mean extensions: 1
	Avg overlap len: 3507
	Min overlap len: 1029
	Inner reads: 0
	Length: 39447
[2026-09-24 08:41:38] DEBUG: Inner: 9248 covered: 10032 total: 27752
[2026-09-24 08:41:38] DEBUG: Assembled disjointig 253
	With 5 reads
	Start read: +ERR1539006.14030
	At position: 5
	leftTip: 1 rightTip: 1
	Suspicious: 2
	Short ext: 1
	Mean extensions: 1
	Avg overlap len: 4614
	Min overlap len: 3111
	Inner reads: 0
	Length: 16470
[2026-09-24 08:41:38] DEBUG: Inner: 9270 covered: 10056 total: 27752
[2026-09-24 08:41:38] DEBUG: Assembled disjointig 254
	With 5 reads
	Start read: +ERR1539006.9885
	At position: 2
	leftTip: 1 rightTip: 0
	Suspicious: 3
	Short ext: 2
	Mean extensions: 1
	Avg overlap len: 6147
	Min overlap len: 1317
	Inner reads: 0
	Length: 30355
[2026-09-24 08:41:38] DEBUG: Inner: 9308 covered: 10094 total: 27752
[2026-09-24 08:41:38] DEBUG: Assembled disjointig 255
	With 6 reads
	Start read: +ERR1539006.14050
	At position: 5
	leftTip: 1 rightTip: 1
	Suspicious: 3
	Short ext: 2
	Mean extensions: 3
	Avg overlap len: 4376
	Min overlap len: 1411
	Inner reads: 0
	Length: 25266
[2026-09-24 08:41:38] DEBUG: Inner: 9350 covered: 10152 total: 27752
[2026-09-24 08:41:38] DEBUG: Assembled disjointig 256
	With 3 reads
	Start read: +ERR1539006.1932
	At position: 1
	leftTip: 1 rightTip: 1
	Suspicious: 2
	Short ext: 2
	Mean extensions: 2
	Avg overlap len: 3491
	Min overlap len: 1128
	Inner reads: 0
	Length: 15573
[2026-09-24 08:41:38] DEBUG: Inner: 9370 covered: 10174 total: 27752
[2026-09-24 08:41:38] DEBUG: Assembled disjointig 257
	With 1 reads
	Start read: +ERR1539006.12765
	At position: 1
	leftTip: 1 rightTip: 1
	Suspicious: 0
	Short ext: 0
	Mean extensions: 0
	Avg overlap len: 0
	Min overlap len: 0
	Inner reads: 0
	Length: 9748
[2026-09-24 08:41:38] DEBUG: Inner: 9374 covered: 10182 total: 27752
[2026-09-24 08:41:38] DEBUG: Assembled disjointig 258
	With 5 reads
	Start read: +ERR1539006.12085
	At position: 1
	leftTip: 1 rightTip: 1
	Suspicious: 4
	Short ext: 4
	Mean extensions: 2
	Avg overlap len: 2463
	Min overlap len: 1546
	Inner reads: 0
	Length: 28828
[2026-09-24 08:41:38] DEBUG: Inner: 9410 covered: 10220 total: 27752
[2026-09-24 08:41:38] DEBUG: Assembled disjointig 259
	With 1 reads
	Start read: +ERR1539006.13470
	At position: 1
	leftTip: 1 rightTip: 1
	Suspicious: 0
	Short ext: 0
	Mean extensions: 0
	Avg overlap len: 0
	Min overlap len: 0
	Inner reads: 0
	Length: 5443
[2026-09-24 08:41:38] DEBUG: Inner: 9414 covered: 10230 total: 27752
[2026-09-24 08:41:38] DEBUG: Assembled disjointig 260
	With 2 reads
	Start read: +ERR1539006.10731
	At position: 2
	leftTip: 0 rightTip: 1
	Suspicious: 1
	Short ext: 1
	Mean extensions: 1
	Avg overlap len: 1106
	Min overlap len: 1106
	Inner reads: 0
	Length: 16971
[2026-09-24 08:41:38] DEBUG: Inner: 9420 covered: 10240 total: 27752
[2026-09-24 08:41:38] DEBUG: Assembled disjointig 261
	With 7 reads
	Start read: +ERR1539006.15775
	At position: 5
	leftTip: 1 rightTip: 1
	Suspicious: 4
	Short ext: 4
	Mean extensions: 2
	Avg overlap len: 3824
	Min overlap len: 2052
	Inner reads: 0
	Length: 27684
[2026-09-24 08:41:38] DEBUG: Inner: 9448 covered: 10270 total: 27752
[2026-09-24 08:41:38] DEBUG: Assembled disjointig 262
	With 5 reads
	Start read: +ERR1539006.7684
	At position: 4
	leftTip: 1 rightTip: 1
	Suspicious: 2
	Short ext: 2
	Mean extensions: 3
	Avg overlap len: 4652
	Min overlap len: 1733
	Inner reads: 0
	Length: 26275
[2026-09-24 08:41:38] DEBUG: Inner: 9472 covered: 10296 total: 27752
[2026-09-24 08:41:38] DEBUG: Assembled disjointig 263
	With 2 reads
	Start read: +ERR1539006.18772
	At position: 2
	leftTip: 1 rightTip: 1
	Suspicious: 1
	Short ext: 0
	Mean extensions: 0
	Avg overlap len: 6183
	Min overlap len: 6183
	Inner reads: 0
	Length: 9712
[2026-09-24 08:41:38] DEBUG: Inner: 9482 covered: 10316 total: 27752
[2026-09-24 08:41:38] DEBUG: Assembled disjointig 264
	With 2 reads
	Start read: +ERR1539006.13987
	At position: 1
	leftTip: 1 rightTip: 0
	Suspicious: 0
	Short ext: 0
	Mean extensions: 2
	Avg overlap len: 5668
	Min overlap len: 5668
	Inner reads: 0
	Length: 9009
[2026-09-24 08:41:38] DEBUG: Inner: 9490 covered: 10324 total: 27752
[2026-09-24 08:41:38] DEBUG: Assembled disjointig 265
	With 2 reads
	Start read: +ERR1539006.17175
	At position: 1
	leftTip: 1 rightTip: 1
	Suspicious: 1
	Short ext: 1
	Mean extensions: 1
	Avg overlap len: 1803
	Min overlap len: 1803
	Inner reads: 0
	Length: 8186
[2026-09-24 08:41:38] DEBUG: Inner: 9500 covered: 10338 total: 27752
[2026-09-24 08:41:38] DEBUG: Assembled disjointig 266
	With 2 reads
	Start read: +ERR1539006.2249
	At position: 2
	leftTip: 1 rightTip: 1
	Suspicious: 1
	Short ext: 0
	Mean extensions: 0
	Avg overlap len: 5237
	Min overlap len: 5237
	Inner reads: 0
	Length: 11288
[2026-09-24 08:41:38] DEBUG: Inner: 9514 covered: 10374 total: 27752
[2026-09-24 08:41:38] DEBUG: Assembled disjointig 267
	With 1 reads
	Start read: +ERR1539006.12638
	At position: 1
	leftTip: 1 rightTip: 1
	Suspicious: 0
	Short ext: 0
	Mean extensions: 0
	Avg overlap len: 0
	Min overlap len: 0
	Inner reads: 0
	Length: 4821
[2026-09-24 08:41:38] DEBUG: Inner: 9518 covered: 10378 total: 27752
[2026-09-24 08:41:38] DEBUG: Assembled disjointig 268
	With 3 reads
	Start read: +ERR1539006.15650
	At position: 1
	leftTip: 1 rightTip: 1
	Suspicious: 2
	Short ext: 1
	Mean extensions: 1
	Avg overlap len: 6119
	Min overlap len: 3327
	Inner reads: 0
	Length: 19246
[2026-09-24 08:41:38] DEBUG: Inner: 9534 covered: 10396 total: 27752
[2026-09-24 08:41:38] DEBUG: Assembled disjointig 269
	With 3 reads
	Start read: +ERR1539006.17832
	At position: 1
	leftTip: 1 rightTip: 1
	Suspicious: 2
	Short ext: 1
	Mean extensions: 1
	Avg overlap len: 8094
	Min overlap len: 2844
	Inner reads: 0
	Length: 16069
[2026-09-24 08:41:38] DEBUG: Inner: 9546 covered: 10406 total: 27752
[2026-09-24 08:41:38] DEBUG: Assembled disjointig 270
	With 5 reads
	Start read: +ERR1539006.11238
	At position: 2
	leftTip: 1 rightTip: 1
	Suspicious: 3
	Short ext: 3
	Mean extensions: 1
	Avg overlap len: 3147
	Min overlap len: 1835
	Inner reads: 0
	Length: 16340
[2026-09-24 08:41:38] DEBUG: Inner: 9576 covered: 10440 total: 27752
[2026-09-24 08:41:38] DEBUG: Assembled disjointig 271
	With 1 reads
	Start read: +ERR1539006.2883
	At position: 1
	leftTip: 1 rightTip: 1
	Suspicious: 0
	Short ext: 0
	Mean extensions: 0
	Avg overlap len: 0
	Min overlap len: 0
	Inner reads: 0
	Length: 5915
[2026-09-24 08:41:38] DEBUG: Inner: 9580 covered: 10446 total: 27752
[2026-09-24 08:41:38] DEBUG: Assembled disjointig 272
	With 5 reads
	Start read: +ERR1539006.10576
	At position: 4
	leftTip: 0 rightTip: 0
	Suspicious: 3
	Short ext: 3
	Mean extensions: 4
	Avg overlap len: 2813
	Min overlap len: 2141
	Inner reads: 0
	Length: 24006
[2026-09-24 08:41:38] DEBUG: Inner: 9596 covered: 10464 total: 27752
[2026-09-24 08:41:38] DEBUG: Assembled disjointig 273
	With 7 reads
	Start read: +ERR1539006.11970
	At position: 2
	leftTip: 1 rightTip: 0
	Suspicious: 4
	Short ext: 3
	Mean extensions: 2
	Avg overlap len: 4350
	Min overlap len: 1530
	Inner reads: 0
	Length: 39736
[2026-09-24 08:41:38] DEBUG: Inner: 9638 covered: 10512 total: 27752
[2026-09-24 08:41:38] DEBUG: Assembled disjointig 274
	With 6 reads
	Start read: +ERR1539006.12227
	At position: 3
	leftTip: 1 rightTip: 1
	Suspicious: 4
	Short ext: 3
	Mean extensions: 1
	Avg overlap len: 3903
	Min overlap len: 1978
	Inner reads: 0
	Length: 29123
[2026-09-24 08:41:38] DEBUG: Inner: 9670 covered: 10556 total: 27752
[2026-09-24 08:41:38] DEBUG: Assembled disjointig 275
	With 4 reads
	Start read: +ERR1539006.15476
	At position: 4
	leftTip: 1 rightTip: 1
	Suspicious: 2
	Short ext: 1
	Mean extensions: 2
	Avg overlap len: 4304
	Min overlap len: 2459
	Inner reads: 0
	Length: 17642
[2026-09-24 08:41:38] DEBUG: Inner: 9704 covered: 10602 total: 27752
[2026-09-24 08:41:38] DEBUG: Assembled disjointig 276
	With 2 reads
	Start read: +ERR1539006.17752
	At position: 1
	leftTip: 1 rightTip: 1
	Suspicious: 1
	Short ext: 0
	Mean extensions: 0
	Avg overlap len: 4445
	Min overlap len: 4445
	Inner reads: 0
	Length: 8288
[2026-09-24 08:41:38] DEBUG: Inner: 9714 covered: 10612 total: 27752
[2026-09-24 08:41:38] DEBUG: Assembled disjointig 277
	With 1 reads
	Start read: +ERR1539006.16749
	At position: 1
	leftTip: 1 rightTip: 1
	Suspicious: 0
	Short ext: 0
	Mean extensions: 0
	Avg overlap len: 0
	Min overlap len: 0
	Inner reads: 0
	Length: 6054
[2026-09-24 08:41:38] DEBUG: Inner: 9718 covered: 10618 total: 27752
[2026-09-24 08:41:38] DEBUG: Assembled disjointig 278
	With 6 reads
	Start read: +ERR1539006.14720
	At position: 6
	leftTip: 1 rightTip: 1
	Suspicious: 2
	Short ext: 2
	Mean extensions: 2
	Avg overlap len: 5019
	Min overlap len: 1928
	Inner reads: 0
	Length: 22881
[2026-09-24 08:41:38] DEBUG: Inner: 9750 covered: 10650 total: 27752
[2026-09-24 08:41:38] DEBUG: Assembled disjointig 279
	With 2 reads
	Start read: +ERR1539006.11082
	At position: 1
	leftTip: 1 rightTip: 1
	Suspicious: 1
	Short ext: 1
	Mean extensions: 0
	Avg overlap len: 2759
	Min overlap len: 2759
	Inner reads: 0
	Length: 9136
[2026-09-24 08:41:38] DEBUG: Inner: 9762 covered: 10659 total: 27752
[2026-09-24 08:41:38] DEBUG: Assembled disjointig 280
	With 1 reads
	Start read: +ERR1539006.8880
	At position: 1
	leftTip: 1 rightTip: 1
	Suspicious: 0
	Short ext: 0
	Mean extensions: 0
	Avg overlap len: 0
	Min overlap len: 0
	Inner reads: 0
	Length: 11956
[2026-09-24 08:41:38] DEBUG: Inner: 9766 covered: 10664 total: 27752
[2026-09-24 08:41:38] DEBUG: Assembled disjointig 281
	With 3 reads
	Start read: +ERR1539006.6488
	At position: 1
	leftTip: 1 rightTip: 0
	Suspicious: 1
	Short ext: 1
	Mean extensions: 5
	Avg overlap len: 5176
	Min overlap len: 1524
	Inner reads: 0
	Length: 25625
[2026-09-24 08:41:38] DEBUG: Inner: 9776 covered: 10680 total: 27752
[2026-09-24 08:41:38] DEBUG: Assembled disjointig 282
	With 8 reads
	Start read: +ERR1539006.19106
	At position: 5
	leftTip: 1 rightTip: 1
	Suspicious: 6
	Short ext: 5
	Mean extensions: 2
	Avg overlap len: 3411
	Min overlap len: 1304
	Inner reads: 0
	Length: 28929
[2026-09-24 08:41:38] DEBUG: Inner: 9822 covered: 10726 total: 27752
[2026-09-24 08:41:38] DEBUG: Assembled disjointig 283
	With 2 reads
	Start read: +ERR1539006.12403
	At position: 1
	leftTip: 1 rightTip: 1
	Suspicious: 1
	Short ext: 0
	Mean extensions: 0
	Avg overlap len: 4271
	Min overlap len: 4271
	Inner reads: 0
	Length: 10290
[2026-09-24 08:41:38] DEBUG: Inner: 9834 covered: 10738 total: 27752
[2026-09-24 08:41:38] DEBUG: Assembled disjointig 284
	With 1 reads
	Start read: +ERR1539006.14562
	At position: 1
	leftTip: 1 rightTip: 1
	Suspicious: 0
	Short ext: 0
	Mean extensions: 0
	Avg overlap len: 0
	Min overlap len: 0
	Inner reads: 0
	Length: 4353
[2026-09-24 08:41:38] DEBUG: Inner: 9838 covered: 10744 total: 27752
[2026-09-24 08:41:38] DEBUG: Assembled disjointig 285
	With 1 reads
	Start read: +ERR1539006.17216
	At position: 1
	leftTip: 1 rightTip: 1
	Suspicious: 0
	Short ext: 0
	Mean extensions: 0
	Avg overlap len: 0
	Min overlap len: 0
	Inner reads: 0
	Length: 5595
[2026-09-24 08:41:38] DEBUG: Inner: 9842 covered: 10758 total: 27752
[2026-09-24 08:41:38] DEBUG: Assembled disjointig 286
	With 2 reads
	Start read: +ERR1539006.12307
	At position: 2
	leftTip: 1 rightTip: 1
	Suspicious: 1
	Short ext: 0
	Mean extensions: 0
	Avg overlap len: 4290
	Min overlap len: 4290
	Inner reads: 0
	Length: 18298
[2026-09-24 08:41:38] DEBUG: Inner: 9858 covered: 10774 total: 27752
[2026-09-24 08:41:38] DEBUG: Assembled disjointig 287
	With 4 reads
	Start read: +ERR1539006.5170
	At position: 3
	leftTip: 1 rightTip: 1
	Suspicious: 3
	Short ext: 2
	Mean extensions: 2
	Avg overlap len: 3301
	Min overlap len: 2742
	Inner reads: 0
	Length: 17295
[2026-09-24 08:41:38] DEBUG: Inner: 9878 covered: 10804 total: 27752
[2026-09-24 08:41:38] DEBUG: Assembled disjointig 288
	With 5 reads
	Start read: +ERR1539006.19462
	At position: 2
	leftTip: 1 rightTip: 1
	Suspicious: 4
	Short ext: 4
	Mean extensions: 1
	Avg overlap len: 2963
	Min overlap len: 1191
	Inner reads: 0
	Length: 33419
[2026-09-24 08:41:38] DEBUG: Inner: 9896 covered: 10826 total: 27752
[2026-09-24 08:41:38] DEBUG: Assembled disjointig 289
	With 6 reads
	Start read: +ERR1539006.15744
	At position: 3
	leftTip: 1 rightTip: 0
	Suspicious: 2
	Short ext: 2
	Mean extensions: 2
	Avg overlap len: 4400
	Min overlap len: 2744
	Inner reads: 0
	Length: 28212
[2026-09-24 08:41:38] DEBUG: Inner: 9928 covered: 10856 total: 27752
[2026-09-24 08:41:38] DEBUG: Assembled disjointig 290
	With 5 reads
	Start read: +ERR1539006.11293
	At position: 5
	leftTip: 1 rightTip: 1
	Suspicious: 2
	Short ext: 2
	Mean extensions: 2
	Avg overlap len: 7471
	Min overlap len: 1962
	Inner reads: 0
	Length: 28279
[2026-09-24 08:41:38] DEBUG: Inner: 9950 covered: 10884 total: 27752
[2026-09-24 08:41:38] DEBUG: Discarded disjointig with 7 reads and 5 inner overlaps
[2026-09-24 08:41:38] DEBUG: Assembled disjointig 291
	With 6 reads
	Start read: +ERR1539006.5960
	At position: 4
	leftTip: 1 rightTip: 1
	Suspicious: 4
	Short ext: 3
	Mean extensions: 1
	Avg overlap len: 3754
	Min overlap len: 1255
	Inner reads: 0
	Length: 32512
[2026-09-24 08:41:38] DEBUG: Inner: 9978 covered: 10916 total: 27752
[2026-09-24 08:41:38] DEBUG: Assembled disjointig 292
	With 4 reads
	Start read: +ERR1539006.17700
	At position: 1
	leftTip: 1 rightTip: 1
	Suspicious: 2
	Short ext: 1
	Mean extensions: 1
	Avg overlap len: 4797
	Min overlap len: 2792
	Inner reads: 0
	Length: 23451
[2026-09-24 08:41:38] DEBUG: Inner: 9998 covered: 10942 total: 27752
[2026-09-24 08:41:38] DEBUG: Assembled disjointig 293
	With 1 reads
	Start read: +ERR1539006.14745
	At position: 1
	leftTip: 1 rightTip: 1
	Suspicious: 0
	Short ext: 0
	Mean extensions: 0
	Avg overlap len: 0
	Min overlap len: 0
	Inner reads: 0
	Length: 11641
[2026-09-24 08:41:38] DEBUG: Inner: 10004 covered: 10946 total: 27752
[2026-09-24 08:41:38] DEBUG: Assembled disjointig 294
	With 1 reads
	Start read: +ERR1539006.11871
	At position: 1
	leftTip: 1 rightTip: 1
	Suspicious: 0
	Short ext: 0
	Mean extensions: 0
	Avg overlap len: 0
	Min overlap len: 0
	Inner reads: 0
	Length: 5106
[2026-09-24 08:41:38] DEBUG: Inner: 10010 covered: 10952 total: 27752
[2026-09-24 08:41:38] DEBUG: Assembled disjointig 295
	With 5 reads
	Start read: +ERR1539006.18685
	At position: 3
	leftTip: 1 rightTip: 1
	Suspicious: 4
	Short ext: 4
	Mean extensions: 1
	Avg overlap len: 3584
	Min overlap len: 1142
	Inner reads: 0
	Length: 23258
[2026-09-24 08:41:38] DEBUG: Inner: 10028 covered: 10974 total: 27752
[2026-09-24 08:41:38] DEBUG: Assembled disjointig 296
	With 6 reads
	Start read: +ERR1539006.16723
	At position: 2
	leftTip: 1 rightTip: 1
	Suspicious: 4
	Short ext: 3
	Mean extensions: 1
	Avg overlap len: 2173
	Min overlap len: 1855
	Inner reads: 0
	Length: 27190
[2026-09-24 08:41:38] DEBUG: Inner: 10060 covered: 11010 total: 27752
[2026-09-24 08:41:38] DEBUG: Assembled disjointig 297
	With 5 reads
	Start read: +ERR1539006.18089
	At position: 5
	leftTip: 1 rightTip: 1
	Suspicious: 4
	Short ext: 3
	Mean extensions: 2
	Avg overlap len: 3793
	Min overlap len: 1973
	Inner reads: 0
	Length: 19589
[2026-09-24 08:41:38] DEBUG: Inner: 10090 covered: 11038 total: 27752
[2026-09-24 08:41:38] DEBUG: Assembled disjointig 298
	With 2 reads
	Start read: +ERR1539006.16081
	At position: 1
	leftTip: 1 rightTip: 1
	Suspicious: 1
	Short ext: 1
	Mean extensions: 0
	Avg overlap len: 1187
	Min overlap len: 1187
	Inner reads: 0
	Length: 19013
[2026-09-24 08:41:38] DEBUG: Inner: 10100 covered: 11050 total: 27752
[2026-09-24 08:41:38] DEBUG: Assembled disjointig 299
	With 12 reads
	Start read: +ERR1539006.17884
	At position: 2
	leftTip: 1 rightTip: 1
	Suspicious: 8
	Short ext: 6
	Mean extensions: 4
	Avg overlap len: 3971
	Min overlap len: 1592
	Inner reads: 0
	Length: 51510
[2026-09-24 08:41:38] DEBUG: Inner: 10174 covered: 11134 total: 27752
[2026-09-24 08:41:38] DEBUG: Assembled disjointig 300
	With 2 reads
	Start read: +ERR1539006.8889
	At position: 1
	leftTip: 1 rightTip: 1
	Suspicious: 1
	Short ext: 0
	Mean extensions: 0
	Avg overlap len: 8028
	Min overlap len: 8028
	Inner reads: 0
	Length: 10835
[2026-09-24 08:41:38] DEBUG: Inner: 10180 covered: 11146 total: 27752
[2026-09-24 08:41:38] DEBUG: Assembled disjointig 301
	With 6 reads
	Start read: +ERR1539006.10243
	At position: 6
	leftTip: 1 rightTip: 1
	Suspicious: 3
	Short ext: 3
	Mean extensions: 1
	Avg overlap len: 3938
	Min overlap len: 1043
	Inner reads: 0
	Length: 31429
[2026-09-24 08:41:38] DEBUG: Inner: 10204 covered: 11186 total: 27752
[2026-09-24 08:41:38] DEBUG: Assembled disjointig 302
	With 7 reads
	Start read: +ERR1539006.4860
	At position: 3
	leftTip: 0 rightTip: 1
	Suspicious: 4
	Short ext: 4
	Mean extensions: 4
	Avg overlap len: 3948
	Min overlap len: 1489
	Inner reads: 0
	Length: 29332
[2026-09-24 08:41:38] DEBUG: Inner: 10256 covered: 11236 total: 27752
[2026-09-24 08:41:38] DEBUG: Assembled disjointig 303
	With 4 reads
	Start read: +ERR1539006.16138
	At position: 4
	leftTip: 1 rightTip: 1
	Suspicious: 2
	Short ext: 1
	Mean extensions: 1
	Avg overlap len: 5143
	Min overlap len: 3177
	Inner reads: 0
	Length: 22319
[2026-09-24 08:41:38] DEBUG: Inner: 10282 covered: 11262 total: 27752
[2026-09-24 08:41:38] DEBUG: Assembled disjointig 304
	With 2 reads
	Start read: +ERR1539006.9447
	At position: 2
	leftTip: 0 rightTip: 1
	Suspicious: 1
	Short ext: 1
	Mean extensions: 1
	Avg overlap len: 1073
	Min overlap len: 1073
	Inner reads: 0
	Length: 7294
[2026-09-24 08:41:38] DEBUG: Inner: 10286 covered: 11268 total: 27752
[2026-09-24 08:41:38] DEBUG: Assembled disjointig 305
	With 7 reads
	Start read: +ERR1539006.12029
	At position: 1
	leftTip: 1 rightTip: 1
	Suspicious: 3
	Short ext: 2
	Mean extensions: 2
	Avg overlap len: 6080
	Min overlap len: 1406
	Inner reads: 0
	Length: 36025
[2026-09-24 08:41:38] DEBUG: Inner: 10332 covered: 11314 total: 27752
[2026-09-24 08:41:38] DEBUG: Assembled disjointig 306
	With 4 reads
	Start read: +ERR1539006.2850
	At position: 1
	leftTip: 1 rightTip: 1
	Suspicious: 2
	Short ext: 1
	Mean extensions: 1
	Avg overlap len: 4074
	Min overlap len: 2696
	Inner reads: 0
	Length: 16547
[2026-09-24 08:41:38] DEBUG: Inner: 10350 covered: 11336 total: 27752
[2026-09-24 08:41:38] DEBUG: Assembled disjointig 307
	With 1 reads
	Start read: +ERR1539006.3950
	At position: 1
	leftTip: 1 rightTip: 1
	Suspicious: 0
	Short ext: 0
	Mean extensions: 0
	Avg overlap len: 0
	Min overlap len: 0
	Inner reads: 0
	Length: 6317
[2026-09-24 08:41:38] DEBUG: Inner: 10356 covered: 11342 total: 27752
[2026-09-24 08:41:38] DEBUG: Assembled disjointig 308
	With 1 reads
	Start read: +ERR1539006.16359
	At position: 1
	leftTip: 1 rightTip: 1
	Suspicious: 0
	Short ext: 0
	Mean extensions: 0
	Avg overlap len: 0
	Min overlap len: 0
	Inner reads: 0
	Length: 13620
[2026-09-24 08:41:38] DEBUG: Inner: 10360 covered: 11348 total: 27752
[2026-09-24 08:41:38] DEBUG: Assembled disjointig 309
	With 1 reads
	Start read: +ERR1539006.8088
	At position: 1
	leftTip: 1 rightTip: 1
	Suspicious: 0
	Short ext: 0
	Mean extensions: 0
	Avg overlap len: 0
	Min overlap len: 0
	Inner reads: 0
	Length: 4192
[2026-09-24 08:41:38] DEBUG: Inner: 10364 covered: 11354 total: 27752
[2026-09-24 08:41:38] DEBUG: Assembled disjointig 310
	With 6 reads
	Start read: +ERR1539006.18196
	At position: 1
	leftTip: 1 rightTip: 1
	Suspicious: 3
	Short ext: 2
	Mean extensions: 2
	Avg overlap len: 5224
	Min overlap len: 2263
	Inner reads: 0
	Length: 19862
[2026-09-24 08:41:38] DEBUG: Inner: 10400 covered: 11400 total: 27752
[2026-09-24 08:41:38] DEBUG: Assembled disjointig 311
	With 1 reads
	Start read: +ERR1539006.19332
	At position: 1
	leftTip: 1 rightTip: 1
	Suspicious: 0
	Short ext: 0
	Mean extensions: 0
	Avg overlap len: 0
	Min overlap len: 0
	Inner reads: 0
	Length: 11049
[2026-09-24 08:41:38] DEBUG: Inner: 10404 covered: 11406 total: 27752
[2026-09-24 08:41:38] DEBUG: Assembled disjointig 312
	With 4 reads
	Start read: +ERR1539006.18282
	At position: 4
	leftTip: 0 rightTip: 1
	Suspicious: 3
	Short ext: 3
	Mean extensions: 4
	Avg overlap len: 1444
	Min overlap len: 1417
	Inner reads: 0
	Length: 30521
[2026-09-24 08:41:38] DEBUG: Inner: 10430 covered: 11436 total: 27752
[2026-09-24 08:41:38] DEBUG: Assembled disjointig 313
	With 3 reads
	Start read: +ERR1539006.7501
	At position: 3
	leftTip: 1 rightTip: 1
	Suspicious: 2
	Short ext: 1
	Mean extensions: 1
	Avg overlap len: 5106
	Min overlap len: 2397
	Inner reads: 0
	Length: 13165
[2026-09-24 08:41:38] DEBUG: Inner: 10442 covered: 11454 total: 27752
[2026-09-24 08:41:38] DEBUG: Assembled disjointig 314
	With 5 reads
	Start read: +ERR1539006.15610
	At position: 5
	leftTip: 0 rightTip: 1
	Suspicious: 3
	Short ext: 3
	Mean extensions: 2
	Avg overlap len: 2618
	Min overlap len: 1747
	Inner reads: 0
	Length: 32752
[2026-09-24 08:41:38] DEBUG: Inner: 10466 covered: 11478 total: 27752
[2026-09-24 08:41:38] DEBUG: Discarded disjointig with 4 reads and 2 inner overlaps
[2026-09-24 08:41:38] DEBUG: Assembled disjointig 315
	With 6 reads
	Start read: +ERR1539006.16180
	At position: 4
	leftTip: 1 rightTip: 1
	Suspicious: 3
	Short ext: 2
	Mean extensions: 2
	Avg overlap len: 4530
	Min overlap len: 1385
	Inner reads: 0
	Length: 27718
[2026-09-24 08:41:38] DEBUG: Inner: 10518 covered: 11532 total: 27752
[2026-09-24 08:41:38] DEBUG: Assembled disjointig 316
	With 3 reads
	Start read: +ERR1539006.13977
	At position: 1
	leftTip: 1 rightTip: 0
	Suspicious: 2
	Short ext: 2
	Mean extensions: 1
	Avg overlap len: 3134
	Min overlap len: 1151
	Inner reads: 0
	Length: 17028
[2026-09-24 08:41:38] DEBUG: Inner: 10530 covered: 11552 total: 27752
[2026-09-24 08:41:38] DEBUG: Assembled disjointig 317
	With 5 reads
	Start read: +ERR1539006.10982
	At position: 1
	leftTip: 1 rightTip: 1
	Suspicious: 3
	Short ext: 3
	Mean extensions: 1
	Avg overlap len: 3761
	Min overlap len: 3434
	Inner reads: 0
	Length: 24095
[2026-09-24 08:41:38] DEBUG: Inner: 10556 covered: 11582 total: 27752
[2026-09-24 08:41:38] DEBUG: Assembled disjointig 318
	With 3 reads
	Start read: +ERR1539006.11653
	At position: 1
	leftTip: 1 rightTip: 1
	Suspicious: 1
	Short ext: 1
	Mean extensions: 1
	Avg overlap len: 10118
	Min overlap len: 3712
	Inner reads: 0
	Length: 22919
[2026-09-24 08:41:38] DEBUG: Inner: 10580 covered: 11610 total: 27752
[2026-09-24 08:41:38] DEBUG: Assembled disjointig 319
	With 2 reads
	Start read: +ERR1539006.12054
	At position: 2
	leftTip: 0 rightTip: 1
	Suspicious: 1
	Short ext: 1
	Mean extensions: 1
	Avg overlap len: 1274
	Min overlap len: 1274
	Inner reads: 0
	Length: 9682
[2026-09-24 08:41:38] DEBUG: Inner: 10584 covered: 11622 total: 27752
[2026-09-24 08:41:38] DEBUG: Assembled disjointig 320
	With 4 reads
	Start read: +ERR1539006.11812
	At position: 3
	leftTip: 1 rightTip: 1
	Suspicious: 3
	Short ext: 3
	Mean extensions: 2
	Avg overlap len: 2435
	Min overlap len: 1073
	Inner reads: 0
	Length: 28997
[2026-09-24 08:41:38] DEBUG: Inner: 10610 covered: 11658 total: 27752
[2026-09-24 08:41:38] DEBUG: Assembled disjointig 321
	With 1 reads
	Start read: +ERR1539006.14970
	At position: 1
	leftTip: 1 rightTip: 1
	Suspicious: 0
	Short ext: 0
	Mean extensions: 0
	Avg overlap len: 0
	Min overlap len: 0
	Inner reads: 0
	Length: 6092
[2026-09-24 08:41:38] DEBUG: Inner: 10614 covered: 11664 total: 27752
[2026-09-24 08:41:38] DEBUG: Assembled disjointig 322
	With 1 reads
	Start read: +ERR1539006.11273
	At position: 1
	leftTip: 1 rightTip: 1
	Suspicious: 0
	Short ext: 0
	Mean extensions: 0
	Avg overlap len: 0
	Min overlap len: 0
	Inner reads: 0
	Length: 7500
[2026-09-24 08:41:38] DEBUG: Inner: 10618 covered: 11668 total: 27752
[2026-09-24 08:41:38] DEBUG: Assembled disjointig 323
	With 1 reads
	Start read: +ERR1539006.12171
	At position: 1
	leftTip: 1 rightTip: 1
	Suspicious: 0
	Short ext: 0
	Mean extensions: 0
	Avg overlap len: 0
	Min overlap len: 0
	Inner reads: 0
	Length: 9321
[2026-09-24 08:41:38] DEBUG: Inner: 10622 covered: 11686 total: 27752
[2026-09-24 08:41:38] DEBUG: Assembled disjointig 324
	With 3 reads
	Start read: +ERR1539006.8428
	At position: 2
	leftTip: 1 rightTip: 1
	Suspicious: 2
	Short ext: 1
	Mean extensions: 1
	Avg overlap len: 4863
	Min overlap len: 1756
	Inner reads: 0
	Length: 12959
[2026-09-24 08:41:38] DEBUG: Inner: 10630 covered: 11699 total: 27752
[2026-09-24 08:41:38] DEBUG: Assembled disjointig 325
	With 4 reads
	Start read: +ERR1539006.17874
	At position: 4
	leftTip: 1 rightTip: 1
	Suspicious: 3
	Short ext: 3
	Mean extensions: 1
	Avg overlap len: 1789
	Min overlap len: 1461
	Inner reads: 0
	Length: 18553
[2026-09-24 08:41:38] DEBUG: Inner: 10646 covered: 11714 total: 27752
[2026-09-24 08:41:38] DEBUG: Assembled disjointig 326
	With 2 reads
	Start read: +ERR1539006.18312
	At position: 1
	leftTip: 1 rightTip: 1
	Suspicious: 1
	Short ext: 0
	Mean extensions: 0
	Avg overlap len: 5687
	Min overlap len: 5687
	Inner reads: 0
	Length: 10394
[2026-09-24 08:41:38] DEBUG: Inner: 10654 covered: 11726 total: 27752
[2026-09-24 08:41:38] DEBUG: Assembled disjointig 327
	With 5 reads
	Start read: +ERR1539006.15982
	At position: 5
	leftTip: 1 rightTip: 1
	Suspicious: 3
	Short ext: 1
	Mean extensions: 4
	Avg overlap len: 5833
	Min overlap len: 2639
	Inner reads: 0
	Length: 16330
[2026-09-24 08:41:38] DEBUG: Inner: 10694 covered: 11759 total: 27752
[2026-09-24 08:41:38] DEBUG: Assembled disjointig 328
	With 5 reads
	Start read: +ERR1539006.15943
	At position: 5
	leftTip: 1 rightTip: 1
	Suspicious: 3
	Short ext: 3
	Mean extensions: 3
	Avg overlap len: 3929
	Min overlap len: 1874
	Inner reads: 0
	Length: 29609
[2026-09-24 08:41:38] DEBUG: Inner: 10724 covered: 11790 total: 27752
[2026-09-24 08:41:38] DEBUG: Assembled disjointig 329
	With 5 reads
	Start read: +ERR1539006.10096
	At position: 3
	leftTip: 1 rightTip: 1
	Suspicious: 3
	Short ext: 2
	Mean extensions: 2
	Avg overlap len: 4712
	Min overlap len: 2464
	Inner reads: 0
	Length: 22617
[2026-09-24 08:41:38] DEBUG: Inner: 10756 covered: 11832 total: 27752
[2026-09-24 08:41:38] DEBUG: Assembled disjointig 330
	With 3 reads
	Start read: +ERR1539006.13177
	At position: 3
	leftTip: 1 rightTip: 1
	Suspicious: 2
	Short ext: 2
	Mean extensions: 1
	Avg overlap len: 3992
	Min overlap len: 1552
	Inner reads: 0
	Length: 23890
[2026-09-24 08:41:38] DEBUG: Inner: 10770 covered: 11842 total: 27752
[2026-09-24 08:41:38] DEBUG: Assembled disjointig 331
	With 2 reads
	Start read: +ERR1539006.11673
	At position: 2
	leftTip: 1 rightTip: 1
	Suspicious: 1
	Short ext: 0
	Mean extensions: 0
	Avg overlap len: 6302
	Min overlap len: 6302
	Inner reads: 0
	Length: 13207
[2026-09-24 08:41:38] DEBUG: Inner: 10782 covered: 11866 total: 27752
[2026-09-24 08:41:38] DEBUG: Assembled disjointig 332
	With 2 reads
	Start read: +ERR1539006.10667
	At position: 1
	leftTip: 1 rightTip: 0
	Suspicious: 1
	Short ext: 1
	Mean extensions: 1
	Avg overlap len: 1889
	Min overlap len: 1889
	Inner reads: 0
	Length: 14535
[2026-09-24 08:41:38] DEBUG: Inner: 10788 covered: 11894 total: 27752
[2026-09-24 08:41:38] DEBUG: Assembled disjointig 333
	With 3 reads
	Start read: +ERR1539006.15605
	At position: 1
	leftTip: 1 rightTip: 1
	Suspicious: 2
	Short ext: 2
	Mean extensions: 1
	Avg overlap len: 1676
	Min overlap len: 1193
	Inner reads: 0
	Length: 11872
[2026-09-24 08:41:38] DEBUG: Inner: 10802 covered: 11906 total: 27752
[2026-09-24 08:41:38] DEBUG: Assembled disjointig 334
	With 3 reads
	Start read: +ERR1539006.14599
	At position: 1
	leftTip: 1 rightTip: 1
	Suspicious: 2
	Short ext: 1
	Mean extensions: 1
	Avg overlap len: 4160
	Min overlap len: 3116
	Inner reads: 0
	Length: 22237
[2026-09-24 08:41:38] DEBUG: Inner: 10832 covered: 11932 total: 27752
[2026-09-24 08:41:38] DEBUG: Assembled disjointig 335
	With 1 reads
	Start read: +ERR1539006.11607
	At position: 1
	leftTip: 1 rightTip: 1
	Suspicious: 0
	Short ext: 0
	Mean extensions: 0
	Avg overlap len: 0
	Min overlap len: 0
	Inner reads: 0
	Length: 6543
[2026-09-24 08:41:38] DEBUG: Inner: 10836 covered: 11937 total: 27752
[2026-09-24 08:41:38] DEBUG: Assembled disjointig 336
	With 3 reads
	Start read: +ERR1539006.6906
	At position: 2
	leftTip: 1 rightTip: 0
	Suspicious: 2
	Short ext: 1
	Mean extensions: 2
	Avg overlap len: 4631
	Min overlap len: 2574
	Inner reads: 0
	Length: 19005
[2026-09-24 08:41:38] DEBUG: Inner: 10848 covered: 11950 total: 27752
[2026-09-24 08:41:38] DEBUG: Assembled disjointig 337
	With 1 reads
	Start read: +ERR1539006.12506
	At position: 1
	leftTip: 1 rightTip: 1
	Suspicious: 0
	Short ext: 0
	Mean extensions: 0
	Avg overlap len: 0
	Min overlap len: 0
	Inner reads: 0
	Length: 5768
[2026-09-24 08:41:38] DEBUG: Inner: 10852 covered: 11966 total: 27752
[2026-09-24 08:41:38] DEBUG: Assembled disjointig 338
	With 1 reads
	Start read: +ERR1539006.8879
	At position: 1
	leftTip: 1 rightTip: 1
	Suspicious: 0
	Short ext: 0
	Mean extensions: 0
	Avg overlap len: 0
	Min overlap len: 0
	Inner reads: 0
	Length: 11290
[2026-09-24 08:41:38] DEBUG: Inner: 10856 covered: 11968 total: 27752
[2026-09-24 08:41:38] DEBUG: Assembled disjointig 339
	With 3 reads
	Start read: +ERR1539006.6979
	At position: 3
	leftTip: 1 rightTip: 1
	Suspicious: 1
	Short ext: 1
	Mean extensions: 1
	Avg overlap len: 6825
	Min overlap len: 2286
	Inner reads: 0
	Length: 13124
[2026-09-24 08:41:38] DEBUG: Inner: 10878 covered: 11988 total: 27752
[2026-09-24 08:41:38] DEBUG: Assembled disjointig 340
	With 6 reads
	Start read: +ERR1539006.10945
	At position: 2
	leftTip: 1 rightTip: 1
	Suspicious: 3
	Short ext: 3
	Mean extensions: 3
	Avg overlap len: 2590
	Min overlap len: 1881
	Inner reads: 0
	Length: 22852
[2026-09-24 08:41:38] DEBUG: Inner: 10922 covered: 12032 total: 27752
[2026-09-24 08:41:38] DEBUG: Assembled disjointig 341
	With 1 reads
	Start read: +ERR1539006.12649
	At position: 1
	leftTip: 1 rightTip: 1
	Suspicious: 0
	Short ext: 0
	Mean extensions: 0
	Avg overlap len: 0
	Min overlap len: 0
	Inner reads: 0
	Length: 11453
[2026-09-24 08:41:38] DEBUG: Inner: 10928 covered: 12038 total: 27752
[2026-09-24 08:41:38] DEBUG: Assembled disjointig 342
	With 3 reads
	Start read: +ERR1539006.10389
	At position: 1
	leftTip: 1 rightTip: 0
	Suspicious: 2
	Short ext: 2
	Mean extensions: 3
	Avg overlap len: 3837
	Min overlap len: 2338
	Inner reads: 0
	Length: 19331
[2026-09-24 08:41:38] DEBUG: Inner: 10944 covered: 12052 total: 27752
[2026-09-24 08:41:38] DEBUG: Assembled disjointig 343
	With 3 reads
	Start read: +ERR1539006.15495
	At position: 1
	leftTip: 1 rightTip: 1
	Suspicious: 2
	Short ext: 1
	Mean extensions: 1
	Avg overlap len: 4489
	Min overlap len: 2786
	Inner reads: 0
	Length: 17257
[2026-09-24 08:41:38] DEBUG: Inner: 10960 covered: 12080 total: 27752
[2026-09-24 08:41:38] DEBUG: Assembled disjointig 344
	With 1 reads
	Start read: +ERR1539006.18190
	At position: 1
	leftTip: 1 rightTip: 1
	Suspicious: 0
	Short ext: 0
	Mean extensions: 0
	Avg overlap len: 0
	Min overlap len: 0
	Inner reads: 0
	Length: 7604
[2026-09-24 08:41:38] DEBUG: Inner: 10966 covered: 12100 total: 27752
[2026-09-24 08:41:38] DEBUG: Assembled disjointig 345
	With 4 reads
	Start read: +ERR1539006.15064
	At position: 3
	leftTip: 0 rightTip: 1
	Suspicious: 2
	Short ext: 2
	Mean extensions: 2
	Avg overlap len: 2145
	Min overlap len: 1086
	Inner reads: 0
	Length: 21294
[2026-09-24 08:41:38] DEBUG: Inner: 10984 covered: 12116 total: 27752
[2026-09-24 08:41:38] DEBUG: Assembled disjointig 346
	With 2 reads
	Start read: +ERR1539006.13362
	At position: 2
	leftTip: 1 rightTip: 1
	Suspicious: 1
	Short ext: 0
	Mean extensions: 0
	Avg overlap len: 5194
	Min overlap len: 5194
	Inner reads: 0
	Length: 8190
[2026-09-24 08:41:38] DEBUG: Inner: 10994 covered: 12130 total: 27752
[2026-09-24 08:41:38] DEBUG: Assembled disjointig 347
	With 3 reads
	Start read: +ERR1539006.18292
	At position: 2
	leftTip: 1 rightTip: 1
	Suspicious: 2
	Short ext: 0
	Mean extensions: 1
	Avg overlap len: 6938
	Min overlap len: 5279
	Inner reads: 0
	Length: 12892
[2026-09-24 08:41:38] DEBUG: Inner: 11008 covered: 12150 total: 27752
[2026-09-24 08:41:38] DEBUG: Assembled disjointig 348
	With 2 reads
	Start read: +ERR1539006.14604
	At position: 1
	leftTip: 1 rightTip: 1
	Suspicious: 1
	Short ext: 0
	Mean extensions: 0
	Avg overlap len: 6036
	Min overlap len: 6036
	Inner reads: 0
	Length: 11694
[2026-09-24 08:41:38] DEBUG: Inner: 11024 covered: 12168 total: 27752
[2026-09-24 08:41:38] DEBUG: Assembled disjointig 349
	With 5 reads
	Start read: +ERR1539006.17601
	At position: 5
	leftTip: 1 rightTip: 1
	Suspicious: 3
	Short ext: 2
	Mean extensions: 2
	Avg overlap len: 4604
	Min overlap len: 2984
	Inner reads: 0
	Length: 32666
[2026-09-24 08:41:38] DEBUG: Inner: 11050 covered: 12202 total: 27752
[2026-09-24 08:41:38] DEBUG: Assembled disjointig 350
	With 5 reads
	Start read: +ERR1539006.16894
	At position: 3
	leftTip: 1 rightTip: 1
	Suspicious: 3
	Short ext: 3
	Mean extensions: 1
	Avg overlap len: 3284
	Min overlap len: 1064
	Inner reads: 0
	Length: 29678
[2026-09-24 08:41:38] DEBUG: Inner: 11088 covered: 12232 total: 27752
[2026-09-24 08:41:38] DEBUG: Assembled disjointig 351
	With 8 reads
	Start read: +ERR1539006.18583
	At position: 7
	leftTip: 1 rightTip: 1
	Suspicious: 4
	Short ext: 3
	Mean extensions: 1
	Avg overlap len: 4143
	Min overlap len: 2098
	Inner reads: 0
	Length: 39865
[2026-09-24 08:41:38] DEBUG: Inner: 11148 covered: 12294 total: 27752
[2026-09-24 08:41:38] DEBUG: Assembled disjointig 352
	With 6 reads
	Start read: +ERR1539006.15199
	At position: 4
	leftTip: 1 rightTip: 1
	Suspicious: 5
	Short ext: 4
	Mean extensions: 1
	Avg overlap len: 1884
	Min overlap len: 1126
	Inner reads: 0
	Length: 33460
[2026-09-24 08:41:38] DEBUG: Inner: 11178 covered: 12330 total: 27752
[2026-09-24 08:41:38] DEBUG: Assembled disjointig 353
	With 4 reads
	Start read: +ERR1539006.15831
	At position: 1
	leftTip: 1 rightTip: 1
	Suspicious: 2
	Short ext: 2
	Mean extensions: 1
	Avg overlap len: 3309
	Min overlap len: 2735
	Inner reads: 0
	Length: 24143
[2026-09-24 08:41:38] DEBUG: Inner: 11208 covered: 12363 total: 27752
[2026-09-24 08:41:38] DEBUG: Assembled disjointig 354
	With 3 reads
	Start read: +ERR1539006.16778
	At position: 1
	leftTip: 1 rightTip: 1
	Suspicious: 2
	Short ext: 1
	Mean extensions: 1
	Avg overlap len: 4510
	Min overlap len: 3086
	Inner reads: 0
	Length: 18866
[2026-09-24 08:41:38] DEBUG: Inner: 11222 covered: 12386 total: 27752
[2026-09-24 08:41:38] DEBUG: Assembled disjointig 355
	With 1 reads
	Start read: +ERR1539006.4668
	At position: 1
	leftTip: 1 rightTip: 1
	Suspicious: 0
	Short ext: 0
	Mean extensions: 0
	Avg overlap len: 0
	Min overlap len: 0
	Inner reads: 0
	Length: 6847
[2026-09-24 08:41:38] DEBUG: Inner: 11226 covered: 12394 total: 27752
[2026-09-24 08:41:38] DEBUG: Assembled disjointig 356
	With 3 reads
	Start read: +ERR1539006.1361
	At position: 3
	leftTip: 1 rightTip: 1
	Suspicious: 1
	Short ext: 0
	Mean extensions: 3
	Avg overlap len: 4490
	Min overlap len: 4375
	Inner reads: 0
	Length: 13967
[2026-09-24 08:41:38] DEBUG: Inner: 11244 covered: 12418 total: 27752
[2026-09-24 08:41:38] DEBUG: Assembled disjointig 357
	With 6 reads
	Start read: +ERR1539006.2739
	At position: 2
	leftTip: 1 rightTip: 1
	Suspicious: 2
	Short ext: 2
	Mean extensions: 1
	Avg overlap len: 4049
	Min overlap len: 1476
	Inner reads: 0
	Length: 27265
[2026-09-24 08:41:38] DEBUG: Inner: 11278 covered: 12454 total: 27752
[2026-09-24 08:41:38] DEBUG: Assembled disjointig 358
	With 5 reads
	Start read: +ERR1539006.6565
	At position: 3
	leftTip: 1 rightTip: 1
	Suspicious: 3
	Short ext: 2
	Mean extensions: 1
	Avg overlap len: 4590
	Min overlap len: 1250
	Inner reads: 0
	Length: 18313
[2026-09-24 08:41:38] DEBUG: Inner: 11300 covered: 12476 total: 27752
[2026-09-24 08:41:38] DEBUG: Assembled disjointig 359
	With 1 reads
	Start read: +ERR1539006.9460
	At position: 1
	leftTip: 1 rightTip: 1
	Suspicious: 0
	Short ext: 0
	Mean extensions: 0
	Avg overlap len: 0
	Min overlap len: 0
	Inner reads: 0
	Length: 5098
[2026-09-24 08:41:38] DEBUG: Inner: 11304 covered: 12482 total: 27752
[2026-09-24 08:41:38] DEBUG: Assembled disjointig 360
	With 4 reads
	Start read: +ERR1539006.10230
	At position: 1
	leftTip: 1 rightTip: 1
	Suspicious: 2
	Short ext: 2
	Mean extensions: 2
	Avg overlap len: 2991
	Min overlap len: 2146
	Inner reads: 0
	Length: 19479
[2026-09-24 08:41:38] DEBUG: Inner: 11322 covered: 12498 total: 27752
[2026-09-24 08:41:38] DEBUG: Assembled disjointig 361
	With 1 reads
	Start read: +ERR1539006.14496
	At position: 1
	leftTip: 1 rightTip: 1
	Suspicious: 0
	Short ext: 0
	Mean extensions: 0
	Avg overlap len: 0
	Min overlap len: 0
	Inner reads: 0
	Length: 8371
[2026-09-24 08:41:38] DEBUG: Inner: 11326 covered: 12504 total: 27752
[2026-09-24 08:41:38] DEBUG: Assembled disjointig 362
	With 4 reads
	Start read: +ERR1539006.17275
	At position: 2
	leftTip: 1 rightTip: 0
	Suspicious: 2
	Short ext: 1
	Mean extensions: 1
	Avg overlap len: 4898
	Min overlap len: 1199
	Inner reads: 0
	Length: 28507
[2026-09-24 08:41:38] DEBUG: Inner: 11344 covered: 12520 total: 27752
[2026-09-24 08:41:38] DEBUG: Assembled disjointig 363
	With 5 reads
	Start read: +ERR1539006.13963
	At position: 2
	leftTip: 1 rightTip: 0
	Suspicious: 3
	Short ext: 3
	Mean extensions: 2
	Avg overlap len: 3978
	Min overlap len: 1207
	Inner reads: 0
	Length: 32397
[2026-09-24 08:41:38] DEBUG: Inner: 11372 covered: 12562 total: 27752
[2026-09-24 08:41:38] DEBUG: Assembled disjointig 364
	With 2 reads
	Start read: +ERR1539006.14121
	At position: 1
	leftTip: 1 rightTip: 1
	Suspicious: 1
	Short ext: 1
	Mean extensions: 0
	Avg overlap len: 1928
	Min overlap len: 1928
	Inner reads: 0
	Length: 10611
[2026-09-24 08:41:38] DEBUG: Inner: 11384 covered: 12576 total: 27752
[2026-09-24 08:41:38] DEBUG: Assembled disjointig 365
	With 3 reads
	Start read: +ERR1539006.14921
	At position: 3
	leftTip: 1 rightTip: 1
	Suspicious: 2
	Short ext: 1
	Mean extensions: 1
	Avg overlap len: 6598
	Min overlap len: 3205
	Inner reads: 0
	Length: 21695
[2026-09-24 08:41:38] DEBUG: Inner: 11406 covered: 12604 total: 27752
[2026-09-24 08:41:38] DEBUG: Assembled disjointig 366
	With 1 reads
	Start read: +ERR1539006.6307
	At position: 1
	leftTip: 1 rightTip: 1
	Suspicious: 0
	Short ext: 0
	Mean extensions: 0
	Avg overlap len: 0
	Min overlap len: 0
	Inner reads: 0
	Length: 7033
[2026-09-24 08:41:38] DEBUG: Inner: 11408 covered: 12608 total: 27752
[2026-09-24 08:41:38] DEBUG: Assembled disjointig 367
	With 6 reads
	Start read: +ERR1539006.13759
	At position: 2
	leftTip: 1 rightTip: 0
	Suspicious: 2
	Short ext: 2
	Mean extensions: 2
	Avg overlap len: 4443
	Min overlap len: 2807
	Inner reads: 0
	Length: 26766
[2026-09-24 08:41:38] DEBUG: Inner: 11428 covered: 12640 total: 27752
[2026-09-24 08:41:38] DEBUG: Assembled disjointig 368
	With 1 reads
	Start read: +ERR1539006.1367
	At position: 1
	leftTip: 1 rightTip: 1
	Suspicious: 0
	Short ext: 0
	Mean extensions: 0
	Avg overlap len: 0
	Min overlap len: 0
	Inner reads: 0
	Length: 7069
[2026-09-24 08:41:38] DEBUG: Inner: 11432 covered: 12652 total: 27752
[2026-09-24 08:41:38] DEBUG: Assembled disjointig 369
	With 3 reads
	Start read: +ERR1539006.18601
	At position: 1
	leftTip: 1 rightTip: 1
	Suspicious: 1
	Short ext: 1
	Mean extensions: 1
	Avg overlap len: 6901
	Min overlap len: 1324
	Inner reads: 0
	Length: 25385
[2026-09-24 08:41:38] DEBUG: Inner: 11454 covered: 12676 total: 27752
[2026-09-24 08:41:38] DEBUG: Assembled disjointig 370
	With 1 reads
	Start read: +ERR1539006.4370
	At position: 1
	leftTip: 1 rightTip: 1
	Suspicious: 0
	Short ext: 0
	Mean extensions: 0
	Avg overlap len: 0
	Min overlap len: 0
	Inner reads: 0
	Length: 5312
[2026-09-24 08:41:38] DEBUG: Inner: 11458 covered: 12686 total: 27752
[2026-09-24 08:41:38] DEBUG: Assembled disjointig 371
	With 1 reads
	Start read: +ERR1539006.18719
	At position: 1
	leftTip: 1 rightTip: 1
	Suspicious: 0
	Short ext: 0
	Mean extensions: 0
	Avg overlap len: 0
	Min overlap len: 0
	Inner reads: 0
	Length: 6519
[2026-09-24 08:41:38] DEBUG: Inner: 11464 covered: 12696 total: 27752
[2026-09-24 08:41:38] DEBUG: Assembled disjointig 372
	With 3 reads
	Start read: +ERR1539006.17167
	At position: 1
	leftTip: 1 rightTip: 0
	Suspicious: 2
	Short ext: 2
	Mean extensions: 3
	Avg overlap len: 2235
	Min overlap len: 1649
	Inner reads: 0
	Length: 21000
[2026-09-24 08:41:38] DEBUG: Inner: 11482 covered: 12716 total: 27752
[2026-09-24 08:41:38] DEBUG: Assembled disjointig 373
	With 1 reads
	Start read: +ERR1539006.2497
	At position: 1
	leftTip: 1 rightTip: 1
	Suspicious: 0
	Short ext: 0
	Mean extensions: 0
	Avg overlap len: 0
	Min overlap len: 0
	Inner reads: 0
	Length: 6532
[2026-09-24 08:41:38] DEBUG: Inner: 11486 covered: 12733 total: 27752
[2026-09-24 08:41:38] DEBUG: Assembled disjointig 374
	With 4 reads
	Start read: +ERR1539006.12943
	At position: 2
	leftTip: 1 rightTip: 1
	Suspicious: 2
	Short ext: 0
	Mean extensions: 1
	Avg overlap len: 4311
	Min overlap len: 4273
	Inner reads: 0
	Length: 20936
[2026-09-24 08:41:38] DEBUG: Inner: 11510 covered: 12766 total: 27752
[2026-09-24 08:41:38] DEBUG: Assembled disjointig 375
	With 7 reads
	Start read: +ERR1539006.11166
	At position: 5
	leftTip: 1 rightTip: 1
	Suspicious: 5
	Short ext: 5
	Mean extensions: 2
	Avg overlap len: 2675
	Min overlap len: 1438
	Inner reads: 0
	Length: 34343
[2026-09-24 08:41:38] DEBUG: Inner: 11554 covered: 12811 total: 27752
[2026-09-24 08:41:38] DEBUG: Assembled disjointig 376
	With 7 reads
	Start read: +ERR1539006.11540
	At position: 4
	leftTip: 0 rightTip: 0
	Suspicious: 3
	Short ext: 3
	Mean extensions: 2
	Avg overlap len: 4166
	Min overlap len: 1810
	Inner reads: 0
	Length: 34316
[2026-09-24 08:41:38] DEBUG: Inner: 11582 covered: 12850 total: 27752
[2026-09-24 08:41:38] DEBUG: Assembled disjointig 377
	With 3 reads
	Start read: +ERR1539006.17953
	At position: 2
	leftTip: 1 rightTip: 1
	Suspicious: 2
	Short ext: 1
	Mean extensions: 1
	Avg overlap len: 6765
	Min overlap len: 1158
	Inner reads: 0
	Length: 18146
[2026-09-24 08:41:38] DEBUG: Inner: 11600 covered: 12874 total: 27752
[2026-09-24 08:41:38] DEBUG: Assembled disjointig 378
	With 2 reads
	Start read: +ERR1539006.16774
	At position: 1
	leftTip: 1 rightTip: 1
	Suspicious: 1
	Short ext: 0
	Mean extensions: 0
	Avg overlap len: 6907
	Min overlap len: 6907
	Inner reads: 0
	Length: 14718
[2026-09-24 08:41:38] DEBUG: Inner: 11616 covered: 12900 total: 27752
[2026-09-24 08:41:38] DEBUG: Assembled disjointig 379
	With 2 reads
	Start read: +ERR1539006.4602
	At position: 2
	leftTip: 1 rightTip: 1
	Suspicious: 1
	Short ext: 1
	Mean extensions: 0
	Avg overlap len: 2929
	Min overlap len: 2929
	Inner reads: 0
	Length: 10609
[2026-09-24 08:41:38] DEBUG: Inner: 11630 covered: 12948 total: 27752
[2026-09-24 08:41:38] DEBUG: Assembled disjointig 380
	With 2 reads
	Start read: +ERR1539006.18075
	At position: 1
	leftTip: 1 rightTip: 1
	Suspicious: 1
	Short ext: 1
	Mean extensions: 0
	Avg overlap len: 2648
	Min overlap len: 2648
	Inner reads: 0
	Length: 10640
[2026-09-24 08:41:38] DEBUG: Inner: 11648 covered: 12970 total: 27752
[2026-09-24 08:41:38] DEBUG: Assembled disjointig 381
	With 3 reads
	Start read: +ERR1539006.17038
	At position: 3
	leftTip: 1 rightTip: 1
	Suspicious: 1
	Short ext: 1
	Mean extensions: 3
	Avg overlap len: 4369
	Min overlap len: 3601
	Inner reads: 0
	Length: 12340
[2026-09-24 08:41:38] DEBUG: Inner: 11664 covered: 12988 total: 27752
[2026-09-24 08:41:38] DEBUG: Assembled disjointig 382
	With 1 reads
	Start read: +ERR1539006.11600
	At position: 1
	leftTip: 1 rightTip: 1
	Suspicious: 0
	Short ext: 0
	Mean extensions: 0
	Avg overlap len: 0
	Min overlap len: 0
	Inner reads: 0
	Length: 9913
[2026-09-24 08:41:38] DEBUG: Inner: 11670 covered: 12994 total: 27752
[2026-09-24 08:41:38] DEBUG: Assembled disjointig 383
	With 1 reads
	Start read: +ERR1539006.18245
	At position: 1
	leftTip: 1 rightTip: 1
	Suspicious: 0
	Short ext: 0
	Mean extensions: 0
	Avg overlap len: 0
	Min overlap len: 0
	Inner reads: 0
	Length: 4562
[2026-09-24 08:41:38] DEBUG: Inner: 11674 covered: 12996 total: 27752
[2026-09-24 08:41:38] DEBUG: Assembled disjointig 384
	With 3 reads
	Start read: +ERR1539006.11881
	At position: 3
	leftTip: 1 rightTip: 1
	Suspicious: 2
	Short ext: 2
	Mean extensions: 1
	Avg overlap len: 2866
	Min overlap len: 1656
	Inner reads: 0
	Length: 12878
[2026-09-24 08:41:38] DEBUG: Inner: 11688 covered: 13034 total: 27752
[2026-09-24 08:41:38] DEBUG: Assembled disjointig 385
	With 5 reads
	Start read: +ERR1539006.15687
	At position: 4
	leftTip: 1 rightTip: 0
	Suspicious: 3
	Short ext: 2
	Mean extensions: 2
	Avg overlap len: 5406
	Min overlap len: 2405
	Inner reads: 0
	Length: 27026
[2026-09-24 08:41:38] DEBUG: Inner: 11706 covered: 13072 total: 27752
[2026-09-24 08:41:38] DEBUG: Assembled disjointig 386
	With 1 reads
	Start read: +ERR1539006.13488
	At position: 1
	leftTip: 1 rightTip: 1
	Suspicious: 0
	Short ext: 0
	Mean extensions: 0
	Avg overlap len: 0
	Min overlap len: 0
	Inner reads: 0
	Length: 8911
[2026-09-24 08:41:38] DEBUG: Inner: 11710 covered: 13077 total: 27752
[2026-09-24 08:41:38] DEBUG: Assembled disjointig 387
	With 2 reads
	Start read: +ERR1539006.19277
	At position: 2
	leftTip: 1 rightTip: 1
	Suspicious: 1
	Short ext: 0
	Mean extensions: 0
	Avg overlap len: 4109
	Min overlap len: 4109
	Inner reads: 0
	Length: 18721
[2026-09-24 08:41:38] DEBUG: Inner: 11718 covered: 13092 total: 27752
[2026-09-24 08:41:38] DEBUG: Assembled disjointig 388
	With 5 reads
	Start read: +ERR1539006.15496
	At position: 4
	leftTip: 1 rightTip: 1
	Suspicious: 3
	Short ext: 3
	Mean extensions: 1
	Avg overlap len: 2956
	Min overlap len: 1251
	Inner reads: 0
	Length: 20357
[2026-09-24 08:41:38] DEBUG: Inner: 11750 covered: 13128 total: 27752
[2026-09-24 08:41:38] DEBUG: Assembled disjointig 389
	With 6 reads
	Start read: +ERR1539006.8858
	At position: 2
	leftTip: 1 rightTip: 0
	Suspicious: 2
	Short ext: 2
	Mean extensions: 1
	Avg overlap len: 4483
	Min overlap len: 2774
	Inner reads: 0
	Length: 43653
[2026-09-24 08:41:38] DEBUG: Inner: 11790 covered: 13176 total: 27752
[2026-09-24 08:41:38] DEBUG: Assembled disjointig 390
	With 5 reads
	Start read: +ERR1539006.14664
	At position: 1
	leftTip: 1 rightTip: 1
	Suspicious: 1
	Short ext: 0
	Mean extensions: 3
	Avg overlap len: 6696
	Min overlap len: 4945
	Inner reads: 0
	Length: 25285
[2026-09-24 08:41:38] DEBUG: Inner: 11822 covered: 13220 total: 27752
[2026-09-24 08:41:38] DEBUG: Assembled disjointig 391
	With 1 reads
	Start read: +ERR1539006.8942
	At position: 1
	leftTip: 1 rightTip: 1
	Suspicious: 0
	Short ext: 0
	Mean extensions: 0
	Avg overlap len: 0
	Min overlap len: 0
	Inner reads: 0
	Length: 7876
[2026-09-24 08:41:38] DEBUG: Inner: 11826 covered: 13226 total: 27752
[2026-09-24 08:41:38] DEBUG: Assembled disjointig 392
	With 2 reads
	Start read: +ERR1539006.11281
	At position: 2
	leftTip: 0 rightTip: 1
	Suspicious: 1
	Short ext: 1
	Mean extensions: 2
	Avg overlap len: 1082
	Min overlap len: 1082
	Inner reads: 0
	Length: 12823
[2026-09-24 08:41:38] DEBUG: Inner: 11830 covered: 13232 total: 27752
[2026-09-24 08:41:38] DEBUG: Assembled disjointig 393
	With 3 reads
	Start read: +ERR1539006.879
	At position: 3
	leftTip: 1 rightTip: 1
	Suspicious: 1
	Short ext: 1
	Mean extensions: 2
	Avg overlap len: 4410
	Min overlap len: 2824
	Inner reads: 0
	Length: 12483
[2026-09-24 08:41:38] DEBUG: Inner: 11852 covered: 13258 total: 27752
[2026-09-24 08:41:38] DEBUG: Assembled disjointig 394
	With 2 reads
	Start read: +ERR1539006.5853
	At position: 1
	leftTip: 1 rightTip: 0
	Suspicious: 1
	Short ext: 1
	Mean extensions: 1
	Avg overlap len: 1719
	Min overlap len: 1719
	Inner reads: 0
	Length: 10549
[2026-09-24 08:41:38] DEBUG: Inner: 11858 covered: 13268 total: 27752
[2026-09-24 08:41:38] DEBUG: Assembled disjointig 395
	With 1 reads
	Start read: +ERR1539006.15557
	At position: 1
	leftTip: 1 rightTip: 1
	Suspicious: 0
	Short ext: 0
	Mean extensions: 0
	Avg overlap len: 0
	Min overlap len: 0
	Inner reads: 0
	Length: 6853
[2026-09-24 08:41:38] DEBUG: Inner: 11862 covered: 13284 total: 27752
[2026-09-24 08:41:38] DEBUG: Assembled disjointig 396
	With 5 reads
	Start read: +ERR1539006.11467
	At position: 2
	leftTip: 1 rightTip: 1
	Suspicious: 2
	Short ext: 2
	Mean extensions: 3
	Avg overlap len: 4698
	Min overlap len: 1564
	Inner reads: 0
	Length: 22392
[2026-09-24 08:41:38] DEBUG: Inner: 11890 covered: 13316 total: 27752
[2026-09-24 08:41:38] DEBUG: Discarded disjointig with 6 reads and 4 inner overlaps
[2026-09-24 08:41:38] DEBUG: Assembled disjointig 397
	With 6 reads
	Start read: +ERR1539006.16659
	At position: 2
	leftTip: 1 rightTip: 1
	Suspicious: 2
	Short ext: 1
	Mean extensions: 1
	Avg overlap len: 5353
	Min overlap len: 2530
	Inner reads: 0
	Length: 24911
[2026-09-24 08:41:38] DEBUG: Inner: 11924 covered: 13360 total: 27752
[2026-09-24 08:41:38] DEBUG: Assembled disjointig 398
	With 1 reads
	Start read: +ERR1539006.13524
	At position: 1
	leftTip: 1 rightTip: 1
	Suspicious: 0
	Short ext: 0
	Mean extensions: 0
	Avg overlap len: 0
	Min overlap len: 0
	Inner reads: 0
	Length: 7815
[2026-09-24 08:41:38] DEBUG: Inner: 11928 covered: 13374 total: 27752
[2026-09-24 08:41:38] DEBUG: Assembled disjointig 399
	With 2 reads
	Start read: +ERR1539006.16669
	At position: 1
	leftTip: 1 rightTip: 0
	Suspicious: 1
	Short ext: 1
	Mean extensions: 2
	Avg overlap len: 2020
	Min overlap len: 2020
	Inner reads: 0
	Length: 11910
[2026-09-24 08:41:38] DEBUG: Inner: 11938 covered: 13384 total: 27752
[2026-09-24 08:41:38] DEBUG: Assembled disjointig 400
	With 2 reads
	Start read: +ERR1539006.7051
	At position: 2
	leftTip: 1 rightTip: 1
	Suspicious: 1
	Short ext: 1
	Mean extensions: 0
	Avg overlap len: 3477
	Min overlap len: 3477
	Inner reads: 0
	Length: 8938
[2026-09-24 08:41:38] DEBUG: Inner: 11950 covered: 13396 total: 27752
[2026-09-24 08:41:38] DEBUG: Assembled disjointig 401
	With 2 reads
	Start read: +ERR1539006.2519
	At position: 1
	leftTip: 1 rightTip: 1
	Suspicious: 1
	Short ext: 1
	Mean extensions: 0
	Avg overlap len: 2826
	Min overlap len: 2826
	Inner reads: 0
	Length: 8699
[2026-09-24 08:41:38] DEBUG: Inner: 11960 covered: 13408 total: 27752
[2026-09-24 08:41:38] DEBUG: Assembled disjointig 402
	With 1 reads
	Start read: +ERR1539006.10779
	At position: 1
	leftTip: 1 rightTip: 1
	Suspicious: 0
	Short ext: 0
	Mean extensions: 0
	Avg overlap len: 0
	Min overlap len: 0
	Inner reads: 0
	Length: 8442
[2026-09-24 08:41:38] DEBUG: Inner: 11966 covered: 13428 total: 27752
[2026-09-24 08:41:38] DEBUG: Assembled disjointig 403
	With 3 reads
	Start read: +ERR1539006.10890
	At position: 3
	leftTip: 0 rightTip: 1
	Suspicious: 2
	Short ext: 2
	Mean extensions: 1
	Avg overlap len: 3812
	Min overlap len: 2430
	Inner reads: 0
	Length: 13617
[2026-09-24 08:41:38] DEBUG: Inner: 11970 covered: 13448 total: 27752
[2026-09-24 08:41:38] DEBUG: Assembled disjointig 404
	With 3 reads
	Start read: +ERR1539006.16456
	At position: 3
	leftTip: 1 rightTip: 1
	Suspicious: 1
	Short ext: 1
	Mean extensions: 3
	Avg overlap len: 4976
	Min overlap len: 2086
	Inner reads: 0
	Length: 15164
[2026-09-24 08:41:38] DEBUG: Inner: 11994 covered: 13498 total: 27752
[2026-09-24 08:41:38] DEBUG: Assembled disjointig 405
	With 6 reads
	Start read: +ERR1539006.3675
	At position: 1
	leftTip: 1 rightTip: 0
	Suspicious: 5
	Short ext: 5
	Mean extensions: 2
	Avg overlap len: 2291
	Min overlap len: 1497
	Inner reads: 0
	Length: 39704
[2026-09-24 08:41:38] DEBUG: Inner: 12026 covered: 13532 total: 27752
[2026-09-24 08:41:38] DEBUG: Assembled disjointig 406
	With 7 reads
	Start read: +ERR1539006.7838
	At position: 5
	leftTip: 0 rightTip: 0
	Suspicious: 5
	Short ext: 4
	Mean extensions: 3
	Avg overlap len: 2582
	Min overlap len: 1374
	Inner reads: 0
	Length: 41070
[2026-09-24 08:41:38] DEBUG: Inner: 12066 covered: 13574 total: 27752
[2026-09-24 08:41:38] DEBUG: Assembled disjointig 407
	With 2 reads
	Start read: +ERR1539006.13594
	At position: 2
	leftTip: 1 rightTip: 1
	Suspicious: 1
	Short ext: 0
	Mean extensions: 0
	Avg overlap len: 4687
	Min overlap len: 4687
	Inner reads: 0
	Length: 12493
[2026-09-24 08:41:38] DEBUG: Inner: 12074 covered: 13582 total: 27752
[2026-09-24 08:41:38] DEBUG: Assembled disjointig 408
	With 1 reads
	Start read: +ERR1539006.15219
	At position: 1
	leftTip: 1 rightTip: 1
	Suspicious: 0
	Short ext: 0
	Mean extensions: 0
	Avg overlap len: 0
	Min overlap len: 0
	Inner reads: 0
	Length: 5308
[2026-09-24 08:41:38] DEBUG: Inner: 12078 covered: 13586 total: 27752
[2026-09-24 08:41:38] DEBUG: Assembled disjointig 409
	With 5 reads
	Start read: +ERR1539006.3233
	At position: 3
	leftTip: 1 rightTip: 1
	Suspicious: 2
	Short ext: 1
	Mean extensions: 2
	Avg overlap len: 5142
	Min overlap len: 2481
	Inner reads: 0
	Length: 24750
[2026-09-24 08:41:38] DEBUG: Inner: 12102 covered: 13619 total: 27752
[2026-09-24 08:41:38] DEBUG: Assembled disjointig 410
	With 6 reads
	Start read: +ERR1539006.11275
	At position: 5
	leftTip: 1 rightTip: 1
	Suspicious: 2
	Short ext: 2
	Mean extensions: 2
	Avg overlap len: 4300
	Min overlap len: 1899
	Inner reads: 0
	Length: 23514
[2026-09-24 08:41:38] DEBUG: Inner: 12134 covered: 13660 total: 27752
[2026-09-24 08:41:38] DEBUG: Assembled disjointig 411
	With 1 reads
	Start read: +ERR1539006.18105
	At position: 1
	leftTip: 1 rightTip: 1
	Suspicious: 0
	Short ext: 0
	Mean extensions: 0
	Avg overlap len: 0
	Min overlap len: 0
	Inner reads: 0
	Length: 6477
[2026-09-24 08:41:38] DEBUG: Inner: 12138 covered: 13678 total: 27752
[2026-09-24 08:41:38] DEBUG: Assembled disjointig 412
	With 2 reads
	Start read: +ERR1539006.11239
	At position: 2
	leftTip: 1 rightTip: 1
	Suspicious: 1
	Short ext: 1
	Mean extensions: 0
	Avg overlap len: 3175
	Min overlap len: 3175
	Inner reads: 0
	Length: 14640
[2026-09-24 08:41:38] DEBUG: Inner: 12148 covered: 13702 total: 27752
[2026-09-24 08:41:38] DEBUG: Assembled disjointig 413
	With 1 reads
	Start read: +ERR1539006.14698
	At position: 1
	leftTip: 1 rightTip: 1
	Suspicious: 0
	Short ext: 0
	Mean extensions: 0
	Avg overlap len: 0
	Min overlap len: 0
	Inner reads: 0
	Length: 6860
[2026-09-24 08:41:38] DEBUG: Inner: 12154 covered: 13716 total: 27752
[2026-09-24 08:41:38] DEBUG: Assembled disjointig 414
	With 1 reads
	Start read: +ERR1539006.12882
	At position: 1
	leftTip: 1 rightTip: 1
	Suspicious: 0
	Short ext: 0
	Mean extensions: 0
	Avg overlap len: 0
	Min overlap len: 0
	Inner reads: 0
	Length: 7467
[2026-09-24 08:41:38] DEBUG: Inner: 12158 covered: 13730 total: 27752
[2026-09-24 08:41:38] DEBUG: Assembled disjointig 415
	With 1 reads
	Start read: +ERR1539006.4766
	At position: 1
	leftTip: 1 rightTip: 1
	Suspicious: 0
	Short ext: 0
	Mean extensions: 0
	Avg overlap len: 0
	Min overlap len: 0
	Inner reads: 0
	Length: 6295
[2026-09-24 08:41:38] DEBUG: Inner: 12162 covered: 13736 total: 27752
[2026-09-24 08:41:38] DEBUG: Assembled disjointig 416
	With 3 reads
	Start read: +ERR1539006.14651
	At position: 1
	leftTip: 1 rightTip: 1
	Suspicious: 1
	Short ext: 1
	Mean extensions: 1
	Avg overlap len: 4684
	Min overlap len: 3160
	Inner reads: 0
	Length: 14760
[2026-09-24 08:41:38] DEBUG: Inner: 12174 covered: 13762 total: 27752
[2026-09-24 08:41:38] DEBUG: Assembled disjointig 417
	With 1 reads
	Start read: +ERR1539006.16926
	At position: 1
	leftTip: 1 rightTip: 1
	Suspicious: 0
	Short ext: 0
	Mean extensions: 0
	Avg overlap len: 0
	Min overlap len: 0
	Inner reads: 0
	Length: 6334
[2026-09-24 08:41:38] DEBUG: Inner: 12180 covered: 13786 total: 27752
[2026-09-24 08:41:38] DEBUG: Assembled disjointig 418
	With 1 reads
	Start read: +ERR1539006.19403
	At position: 1
	leftTip: 1 rightTip: 1
	Suspicious: 0
	Short ext: 0
	Mean extensions: 0
	Avg overlap len: 0
	Min overlap len: 0
	Inner reads: 0
	Length: 6842
[2026-09-24 08:41:38] DEBUG: Inner: 12184 covered: 13792 total: 27752
[2026-09-24 08:41:38] DEBUG: Assembled disjointig 419
	With 3 reads
	Start read: +ERR1539006.11643
	At position: 3
	leftTip: 1 rightTip: 1
	Suspicious: 2
	Short ext: 2
	Mean extensions: 1
	Avg overlap len: 1199
	Min overlap len: 1192
	Inner reads: 0
	Length: 24748
[2026-09-24 08:41:38] DEBUG: Inner: 12198 covered: 13816 total: 27752
[2026-09-24 08:41:38] DEBUG: Assembled disjointig 420
	With 2 reads
	Start read: +ERR1539006.17652
	At position: 2
	leftTip: 0 rightTip: 1
	Suspicious: 1
	Short ext: 1
	Mean extensions: 2
	Avg overlap len: 1379
	Min overlap len: 1379
	Inner reads: 0
	Length: 8080
[2026-09-24 08:41:38] DEBUG: Inner: 12202 covered: 13822 total: 27752
[2026-09-24 08:41:38] DEBUG: Assembled disjointig 421
	With 4 reads
	Start read: +ERR1539006.17695
	At position: 2
	leftTip: 1 rightTip: 1
	Suspicious: 3
	Short ext: 2
	Mean extensions: 1
	Avg overlap len: 3744
	Min overlap len: 3080
	Inner reads: 0
	Length: 23287
[2026-09-24 08:41:38] DEBUG: Inner: 12216 covered: 13850 total: 27752
[2026-09-24 08:41:38] DEBUG: Assembled disjointig 422
	With 2 reads
	Start read: +ERR1539006.5659
	At position: 1
	leftTip: 1 rightTip: 0
	Suspicious: 1
	Short ext: 1
	Mean extensions: 1
	Avg overlap len: 3501
	Min overlap len: 3501
	Inner reads: 0
	Length: 13875
[2026-09-24 08:41:38] DEBUG: Inner: 12220 covered: 13862 total: 27752
[2026-09-24 08:41:38] DEBUG: Assembled disjointig 423
	With 4 reads
	Start read: +ERR1539006.19354
	At position: 1
	leftTip: 1 rightTip: 1
	Suspicious: 1
	Short ext: 0
	Mean extensions: 1
	Avg overlap len: 7079
	Min overlap len: 4094
	Inner reads: 0
	Length: 19439
[2026-09-24 08:41:38] DEBUG: Inner: 12246 covered: 13890 total: 27752
[2026-09-24 08:41:38] DEBUG: Assembled disjointig 424
	With 3 reads
	Start read: +ERR1539006.5059
	At position: 2
	leftTip: 0 rightTip: 1
	Suspicious: 2
	Short ext: 2
	Mean extensions: 1
	Avg overlap len: 2584
	Min overlap len: 1845
	Inner reads: 0
	Length: 25332
[2026-09-24 08:41:38] DEBUG: Inner: 12252 covered: 13902 total: 27752
[2026-09-24 08:41:38] DEBUG: Assembled disjointig 425
	With 7 reads
	Start read: +ERR1539006.18526
	At position: 4
	leftTip: 1 rightTip: 1
	Suspicious: 5
	Short ext: 3
	Mean extensions: 1
	Avg overlap len: 4309
	Min overlap len: 1470
	Inner reads: 0
	Length: 39225
[2026-09-24 08:41:38] DEBUG: Inner: 12292 covered: 13942 total: 27752
[2026-09-24 08:41:38] DEBUG: Assembled disjointig 426
	With 1 reads
	Start read: +ERR1539006.12816
	At position: 1
	leftTip: 1 rightTip: 1
	Suspicious: 0
	Short ext: 0
	Mean extensions: 0
	Avg overlap len: 0
	Min overlap len: 0
	Inner reads: 0
	Length: 5756
[2026-09-24 08:41:38] DEBUG: Inner: 12296 covered: 13952 total: 27752
[2026-09-24 08:41:38] DEBUG: Assembled disjointig 427
	With 1 reads
	Start read: +ERR1539006.7146
	At position: 1
	leftTip: 1 rightTip: 1
	Suspicious: 0
	Short ext: 0
	Mean extensions: 0
	Avg overlap len: 0
	Min overlap len: 0
	Inner reads: 0
	Length: 6477
[2026-09-24 08:41:38] DEBUG: Inner: 12300 covered: 13964 total: 27752
[2026-09-24 08:41:38] DEBUG: Assembled disjointig 428
	With 6 reads
	Start read: +ERR1539006.16301
	At position: 2
	leftTip: 1 rightTip: 1
	Suspicious: 3
	Short ext: 2
	Mean extensions: 1
	Avg overlap len: 4827
	Min overlap len: 2041
	Inner reads: 0
	Length: 26020
[2026-09-24 08:41:38] DEBUG: Inner: 12334 covered: 14007 total: 27752
[2026-09-24 08:41:38] DEBUG: Assembled disjointig 429
	With 4 reads
	Start read: +ERR1539006.14552
	At position: 3
	leftTip: 1 rightTip: 1
	Suspicious: 3
	Short ext: 2
	Mean extensions: 1
	Avg overlap len: 3064
	Min overlap len: 2287
	Inner reads: 0
	Length: 21523
[2026-09-24 08:41:38] DEBUG: Inner: 12360 covered: 14044 total: 27752
[2026-09-24 08:41:38] DEBUG: Assembled disjointig 430
	With 2 reads
	Start read: +ERR1539006.16232
	At position: 1
	leftTip: 1 rightTip: 0
	Suspicious: 0
	Short ext: 0
	Mean extensions: 1
	Avg overlap len: 4917
	Min overlap len: 4917
	Inner reads: 0
	Length: 8026
[2026-09-24 08:41:38] DEBUG: Inner: 12370 covered: 14054 total: 27752
[2026-09-24 08:41:38] DEBUG: Assembled disjointig 431
	With 1 reads
	Start read: +ERR1539006.10401
	At position: 1
	leftTip: 1 rightTip: 1
	Suspicious: 0
	Short ext: 0
	Mean extensions: 0
	Avg overlap len: 0
	Min overlap len: 0
	Inner reads: 0
	Length: 6400
[2026-09-24 08:41:38] DEBUG: Inner: 12374 covered: 14060 total: 27752
[2026-09-24 08:41:38] DEBUG: Assembled disjointig 432
	With 2 reads
	Start read: +ERR1539006.10404
	At position: 2
	leftTip: 1 rightTip: 1
	Suspicious: 1
	Short ext: 1
	Mean extensions: 0
	Avg overlap len: 1804
	Min overlap len: 1804
	Inner reads: 0
	Length: 7338
[2026-09-24 08:41:38] DEBUG: Inner: 12380 covered: 14068 total: 27752
[2026-09-24 08:41:38] DEBUG: Assembled disjointig 433
	With 6 reads
	Start read: +ERR1539006.16029
	At position: 6
	leftTip: 1 rightTip: 1
	Suspicious: 1
	Short ext: 1
	Mean extensions: 2
	Avg overlap len: 5450
	Min overlap len: 3919
	Inner reads: 0
	Length: 28663
[2026-09-24 08:41:38] DEBUG: Inner: 12412 covered: 14120 total: 27752
[2026-09-24 08:41:38] DEBUG: Assembled disjointig 434
	With 2 reads
	Start read: +ERR1539006.15689
	At position: 1
	leftTip: 1 rightTip: 0
	Suspicious: 1
	Short ext: 1
	Mean extensions: 1
	Avg overlap len: 2315
	Min overlap len: 2315
	Inner reads: 0
	Length: 10093
[2026-09-24 08:41:38] DEBUG: Inner: 12418 covered: 14130 total: 27752
[2026-09-24 08:41:38] DEBUG: Assembled disjointig 435
	With 1 reads
	Start read: +ERR1539006.11619
	At position: 1
	leftTip: 1 rightTip: 1
	Suspicious: 0
	Short ext: 0
	Mean extensions: 0
	Avg overlap len: 0
	Min overlap len: 0
	Inner reads: 0
	Length: 11786
[2026-09-24 08:41:38] DEBUG: Inner: 12422 covered: 14134 total: 27752
[2026-09-24 08:41:38] DEBUG: Assembled disjointig 436
	With 2 reads
	Start read: +ERR1539006.12106
	At position: 1
	leftTip: 1 rightTip: 1
	Suspicious: 1
	Short ext: 1
	Mean extensions: 0
	Avg overlap len: 1839
	Min overlap len: 1839
	Inner reads: 0
	Length: 10809
[2026-09-24 08:41:38] DEBUG: Inner: 12432 covered: 14166 total: 27752
[2026-09-24 08:41:38] DEBUG: Assembled disjointig 437
	With 2 reads
	Start read: +ERR1539006.703
	At position: 2
	leftTip: 1 rightTip: 1
	Suspicious: 1
	Short ext: 1
	Mean extensions: 0
	Avg overlap len: 1768
	Min overlap len: 1768
	Inner reads: 0
	Length: 12959
[2026-09-24 08:41:38] DEBUG: Inner: 12446 covered: 14188 total: 27752
[2026-09-24 08:41:38] DEBUG: Assembled disjointig 438
	With 3 reads
	Start read: +ERR1539006.307
	At position: 3
	leftTip: 1 rightTip: 1
	Suspicious: 2
	Short ext: 2
	Mean extensions: 1
	Avg overlap len: 3324
	Min overlap len: 1184
	Inner reads: 0
	Length: 16117
[2026-09-24 08:41:38] DEBUG: Inner: 12466 covered: 14222 total: 27752
[2026-09-24 08:41:38] DEBUG: Assembled disjointig 439
	With 2 reads
	Start read: +ERR1539006.11248
	At position: 1
	leftTip: 1 rightTip: 1
	Suspicious: 1
	Short ext: 0
	Mean extensions: 0
	Avg overlap len: 5170
	Min overlap len: 5170
	Inner reads: 0
	Length: 12413
[2026-09-24 08:41:38] DEBUG: Inner: 12486 covered: 14248 total: 27752
[2026-09-24 08:41:38] DEBUG: Assembled disjointig 440
	With 3 reads
	Start read: +ERR1539006.7214
	At position: 2
	leftTip: 1 rightTip: 0
	Suspicious: 1
	Short ext: 1
	Mean extensions: 1
	Avg overlap len: 6076
	Min overlap len: 3358
	Inner reads: 0
	Length: 12520
[2026-09-24 08:41:38] DEBUG: Inner: 12494 covered: 14258 total: 27752
[2026-09-24 08:41:38] DEBUG: Assembled disjointig 441
	With 6 reads
	Start read: +ERR1539006.16213
	At position: 3
	leftTip: 0 rightTip: 1
	Suspicious: 4
	Short ext: 3
	Mean extensions: 2
	Avg overlap len: 2508
	Min overlap len: 2141
	Inner reads: 0
	Length: 38820
[2026-09-24 08:41:38] DEBUG: Inner: 12514 covered: 14280 total: 27752
[2026-09-24 08:41:38] DEBUG: Assembled disjointig 442
	With 5 reads
	Start read: +ERR1539006.10752
	At position: 2
	leftTip: 1 rightTip: 1
	Suspicious: 3
	Short ext: 2
	Mean extensions: 2
	Avg overlap len: 4580
	Min overlap len: 1115
	Inner reads: 0
	Length: 15479
[2026-09-24 08:41:38] DEBUG: Inner: 12542 covered: 14312 total: 27752
[2026-09-24 08:41:38] DEBUG: Assembled disjointig 443
	With 2 reads
	Start read: +ERR1539006.16704
	At position: 1
	leftTip: 1 rightTip: 0
	Suspicious: 1
	Short ext: 1
	Mean extensions: 1
	Avg overlap len: 1837
	Min overlap len: 1837
	Inner reads: 0
	Length: 14425
[2026-09-24 08:41:38] DEBUG: Inner: 12542 covered: 14318 total: 27752
[2026-09-24 08:41:38] DEBUG: Assembled disjointig 444
	With 5 reads
	Start read: +ERR1539006.7058
	At position: 2
	leftTip: 1 rightTip: 1
	Suspicious: 4
	Short ext: 3
	Mean extensions: 1
	Avg overlap len: 2794
	Min overlap len: 1031
	Inner reads: 0
	Length: 26214
[2026-09-24 08:41:38] DEBUG: Inner: 12562 covered: 14344 total: 27752
[2026-09-24 08:41:38] DEBUG: Assembled disjointig 445
	With 3 reads
	Start read: +ERR1539006.4374
	At position: 2
	leftTip: 1 rightTip: 0
	Suspicious: 2
	Short ext: 1
	Mean extensions: 1
	Avg overlap len: 4625
	Min overlap len: 1295
	Inner reads: 0
	Length: 14565
[2026-09-24 08:41:38] DEBUG: Inner: 12570 covered: 14370 total: 27752
[2026-09-24 08:41:38] DEBUG: Assembled disjointig 446
	With 7 reads
	Start read: +ERR1539006.4802
	At position: 5
	leftTip: 1 rightTip: 1
	Suspicious: 4
	Short ext: 3
	Mean extensions: 2
	Avg overlap len: 4281
	Min overlap len: 1201
	Inner reads: 0
	Length: 25007
[2026-09-24 08:41:38] DEBUG: Inner: 12600 covered: 14398 total: 27752
[2026-09-24 08:41:38] DEBUG: Assembled disjointig 447
	With 3 reads
	Start read: +ERR1539006.18307
	At position: 1
	leftTip: 1 rightTip: 0
	Suspicious: 1
	Short ext: 1
	Mean extensions: 2
	Avg overlap len: 5236
	Min overlap len: 3633
	Inner reads: 0
	Length: 15046
[2026-09-24 08:41:38] DEBUG: Inner: 12608 covered: 14406 total: 27752
[2026-09-24 08:41:38] DEBUG: Assembled disjointig 448
	With 4 reads
	Start read: +ERR1539006.12127
	At position: 4
	leftTip: 1 rightTip: 1
	Suspicious: 2
	Short ext: 0
	Mean extensions: 1
	Avg overlap len: 5383
	Min overlap len: 4802
	Inner reads: 0
	Length: 24845
[2026-09-24 08:41:38] DEBUG: Inner: 12630 covered: 14460 total: 27752
[2026-09-24 08:41:38] DEBUG: Assembled disjointig 449
	With 4 reads
	Start read: +ERR1539006.14529
	At position: 1
	leftTip: 1 rightTip: 1
	Suspicious: 1
	Short ext: 1
	Mean extensions: 1
	Avg overlap len: 4915
	Min overlap len: 1379
	Inner reads: 0
	Length: 23991
[2026-09-24 08:41:38] DEBUG: Inner: 12660 covered: 14494 total: 27752
[2026-09-24 08:41:38] DEBUG: Assembled disjointig 450
	With 3 reads
	Start read: +ERR1539006.3486
	At position: 1
	leftTip: 1 rightTip: 1
	Suspicious: 2
	Short ext: 1
	Mean extensions: 1
	Avg overlap len: 6219
	Min overlap len: 3234
	Inner reads: 0
	Length: 12413
[2026-09-24 08:41:38] DEBUG: Inner: 12668 covered: 14540 total: 27752
[2026-09-24 08:41:38] DEBUG: Assembled disjointig 451
	With 1 reads
	Start read: +ERR1539006.15239
	At position: 1
	leftTip: 1 rightTip: 1
	Suspicious: 0
	Short ext: 0
	Mean extensions: 0
	Avg overlap len: 0
	Min overlap len: 0
	Inner reads: 0
	Length: 6431
[2026-09-24 08:41:38] DEBUG: Inner: 12672 covered: 14558 total: 27752
[2026-09-24 08:41:38] DEBUG: Assembled disjointig 452
	With 6 reads
	Start read: +ERR1539006.19409
	At position: 2
	leftTip: 1 rightTip: 1
	Suspicious: 4
	Short ext: 3
	Mean extensions: 1
	Avg overlap len: 2623
	Min overlap len: 1370
	Inner reads: 0
	Length: 37399
[2026-09-24 08:41:38] DEBUG: Inner: 12712 covered: 14604 total: 27752
[2026-09-24 08:41:38] DEBUG: Assembled disjointig 453
	With 2 reads
	Start read: +ERR1539006.10486
	At position: 2
	leftTip: 0 rightTip: 1
	Suspicious: 0
	Short ext: 0
	Mean extensions: 2
	Avg overlap len: 6509
	Min overlap len: 6509
	Inner reads: 0
	Length: 14318
[2026-09-24 08:41:38] DEBUG: Inner: 12718 covered: 14638 total: 27752
[2026-09-24 08:41:38] DEBUG: Assembled disjointig 454
	With 3 reads
	Start read: +ERR1539006.11190
	At position: 1
	leftTip: 1 rightTip: 1
	Suspicious: 1
	Short ext: 1
	Mean extensions: 1
	Avg overlap len: 4279
	Min overlap len: 3576
	Inner reads: 0
	Length: 16309
[2026-09-24 08:41:38] DEBUG: Inner: 12730 covered: 14719 total: 27752
[2026-09-24 08:41:38] DEBUG: Assembled disjointig 455
	With 2 reads
	Start read: +ERR1539006.19242
	At position: 2
	leftTip: 0 rightTip: 1
	Suspicious: 0
	Short ext: 0
	Mean extensions: 1
	Avg overlap len: 4205
	Min overlap len: 4205
	Inner reads: 0
	Length: 6824
[2026-09-24 08:41:38] DEBUG: Inner: 12736 covered: 14730 total: 27752
[2026-09-24 08:41:38] DEBUG: Assembled disjointig 456
	With 1 reads
	Start read: +ERR1539006.17891
	At position: 1
	leftTip: 1 rightTip: 1
	Suspicious: 0
	Short ext: 0
	Mean extensions: 0
	Avg overlap len: 0
	Min overlap len: 0
	Inner reads: 0
	Length: 6507
[2026-09-24 08:41:38] DEBUG: Inner: 12740 covered: 14756 total: 27752
[2026-09-24 08:41:38] DEBUG: Assembled disjointig 457
	With 1 reads
	Start read: +ERR1539006.14592
	At position: 1
	leftTip: 1 rightTip: 1
	Suspicious: 0
	Short ext: 0
	Mean extensions: 0
	Avg overlap len: 0
	Min overlap len: 0
	Inner reads: 0
	Length: 8849
[2026-09-24 08:41:38] DEBUG: Inner: 12744 covered: 14770 total: 27752
[2026-09-24 08:41:38] DEBUG: Assembled disjointig 458
	With 2 reads
	Start read: +ERR1539006.14228
	At position: 1
	leftTip: 1 rightTip: 0
	Suspicious: 1
	Short ext: 1
	Mean extensions: 2
	Avg overlap len: 1251
	Min overlap len: 1251
	Inner reads: 0
	Length: 8525
[2026-09-24 08:41:38] DEBUG: Inner: 12752 covered: 14778 total: 27752
[2026-09-24 08:41:38] DEBUG: Assembled disjointig 459
	With 5 reads
	Start read: +ERR1539006.18957
	At position: 2
	leftTip: 1 rightTip: 0
	Suspicious: 3
	Short ext: 3
	Mean extensions: 1
	Avg overlap len: 1563
	Min overlap len: 1058
	Inner reads: 0
	Length: 33387
[2026-09-24 08:41:38] DEBUG: Inner: 12772 covered: 14802 total: 27752
[2026-09-24 08:41:38] DEBUG: Assembled disjointig 460
	With 2 reads
	Start read: +ERR1539006.14366
	At position: 2
	leftTip: 1 rightTip: 1
	Suspicious: 1
	Short ext: 1
	Mean extensions: 0
	Avg overlap len: 2013
	Min overlap len: 2013
	Inner reads: 0
	Length: 7723
[2026-09-24 08:41:38] DEBUG: Inner: 12780 covered: 14816 total: 27752
[2026-09-24 08:41:38] DEBUG: Assembled disjointig 461
	With 2 reads
	Start read: +ERR1539006.13733
	At position: 1
	leftTip: 1 rightTip: 1
	Suspicious: 1
	Short ext: 0
	Mean extensions: 1
	Avg overlap len: 4252
	Min overlap len: 4252
	Inner reads: 0
	Length: 7627
[2026-09-24 08:41:38] DEBUG: Inner: 12794 covered: 14828 total: 27752
[2026-09-24 08:41:38] DEBUG: Assembled disjointig 462
	With 2 reads
	Start read: +ERR1539006.6153
	At position: 2
	leftTip: 1 rightTip: 1
	Suspicious: 1
	Short ext: 1
	Mean extensions: 0
	Avg overlap len: 1640
	Min overlap len: 1640
	Inner reads: 0
	Length: 14123
[2026-09-24 08:41:38] DEBUG: Inner: 12800 covered: 14850 total: 27752
[2026-09-24 08:41:38] DEBUG: Assembled disjointig 463
	With 3 reads
	Start read: +ERR1539006.11478
	At position: 1
	leftTip: 1 rightTip: 1
	Suspicious: 1
	Short ext: 0
	Mean extensions: 1
	Avg overlap len: 9212
	Min overlap len: 6844
	Inner reads: 0
	Length: 12156
[2026-09-24 08:41:38] DEBUG: Inner: 12814 covered: 14868 total: 27752
[2026-09-24 08:41:38] DEBUG: Assembled disjointig 464
	With 3 reads
	Start read: +ERR1539006.19411
	At position: 2
	leftTip: 1 rightTip: 1
	Suspicious: 2
	Short ext: 1
	Mean extensions: 1
	Avg overlap len: 5376
	Min overlap len: 2656
	Inner reads: 0
	Length: 10849
[2026-09-24 08:41:38] DEBUG: Inner: 12826 covered: 14884 total: 27752
[2026-09-24 08:41:38] DEBUG: Assembled disjointig 465
	With 3 reads
	Start read: +ERR1539006.17986
	At position: 1
	leftTip: 1 rightTip: 1
	Suspicious: 1
	Short ext: 1
	Mean extensions: 2
	Avg overlap len: 5272
	Min overlap len: 1586
	Inner reads: 0
	Length: 22253
[2026-09-24 08:41:38] DEBUG: Inner: 12840 covered: 14898 total: 27752
[2026-09-24 08:41:38] DEBUG: Assembled disjointig 466
	With 1 reads
	Start read: +ERR1539006.17951
	At position: 1
	leftTip: 1 rightTip: 1
	Suspicious: 0
	Short ext: 0
	Mean extensions: 0
	Avg overlap len: 0
	Min overlap len: 0
	Inner reads: 0
	Length: 6135
[2026-09-24 08:41:38] DEBUG: Inner: 12844 covered: 14912 total: 27752
[2026-09-24 08:41:38] DEBUG: Assembled disjointig 467
	With 3 reads
	Start read: +ERR1539006.16954
	At position: 1
	leftTip: 1 rightTip: 1
	Suspicious: 2
	Short ext: 1
	Mean extensions: 2
	Avg overlap len: 5292
	Min overlap len: 1657
	Inner reads: 0
	Length: 13691
[2026-09-24 08:41:38] DEBUG: Inner: 12858 covered: 14924 total: 27752
[2026-09-24 08:41:38] DEBUG: Assembled disjointig 468
	With 4 reads
	Start read: +ERR1539006.13216
	At position: 3
	leftTip: 0 rightTip: 0
	Suspicious: 2
	Short ext: 1
	Mean extensions: 2
	Avg overlap len: 5140
	Min overlap len: 3039
	Inner reads: 0
	Length: 18465
[2026-09-24 08:41:38] DEBUG: Inner: 12864 covered: 14938 total: 27752
[2026-09-24 08:41:38] DEBUG: Assembled disjointig 469
	With 6 reads
	Start read: +ERR1539006.11121
	At position: 4
	leftTip: 1 rightTip: 0
	Suspicious: 4
	Short ext: 4
	Mean extensions: 2
	Avg overlap len: 2884
	Min overlap len: 2701
	Inner reads: 0
	Length: 34775
[2026-09-24 08:41:38] DEBUG: Inner: 12906 covered: 14992 total: 27752
[2026-09-24 08:41:38] DEBUG: Assembled disjointig 470
	With 1 reads
	Start read: +ERR1539006.18059
	At position: 1
	leftTip: 1 rightTip: 1
	Suspicious: 0
	Short ext: 0
	Mean extensions: 0
	Avg overlap len: 0
	Min overlap len: 0
	Inner reads: 0
	Length: 13076
[2026-09-24 08:41:38] DEBUG: Inner: 12910 covered: 15002 total: 27752
[2026-09-24 08:41:38] DEBUG: Assembled disjointig 471
	With 2 reads
	Start read: +ERR1539006.17580
	At position: 1
	leftTip: 1 rightTip: 1
	Suspicious: 1
	Short ext: 0
	Mean extensions: 0
	Avg overlap len: 6344
	Min overlap len: 6344
	Inner reads: 0
	Length: 11941
[2026-09-24 08:41:38] DEBUG: Inner: 12920 covered: 15016 total: 27752
[2026-09-24 08:41:38] DEBUG: Assembled disjointig 472
	With 2 reads
	Start read: +ERR1539006.10955
	At position: 1
	leftTip: 1 rightTip: 0
	Suspicious: 1
	Short ext: 1
	Mean extensions: 1
	Avg overlap len: 2376
	Min overlap len: 2376
	Inner reads: 0
	Length: 11999
[2026-09-24 08:41:38] DEBUG: Inner: 12924 covered: 15034 total: 27752
[2026-09-24 08:41:38] DEBUG: Assembled disjointig 473
	With 1 reads
	Start read: +ERR1539006.6669
	At position: 1
	leftTip: 1 rightTip: 1
	Suspicious: 0
	Short ext: 0
	Mean extensions: 0
	Avg overlap len: 0
	Min overlap len: 0
	Inner reads: 0
	Length: 5421
[2026-09-24 08:41:38] DEBUG: Inner: 12928 covered: 15038 total: 27752
[2026-09-24 08:41:38] DEBUG: Assembled disjointig 474
	With 3 reads
	Start read: +ERR1539006.13300
	At position: 1
	leftTip: 1 rightTip: 1
	Suspicious: 1
	Short ext: 1
	Mean extensions: 1
	Avg overlap len: 4896
	Min overlap len: 2326
	Inner reads: 0
	Length: 13610
[2026-09-24 08:41:38] DEBUG: Inner: 12948 covered: 15058 total: 27752
[2026-09-24 08:41:38] DEBUG: Assembled disjointig 475
	With 1 reads
	Start read: +ERR1539006.10833
	At position: 1
	leftTip: 1 rightTip: 1
	Suspicious: 0
	Short ext: 0
	Mean extensions: 0
	Avg overlap len: 0
	Min overlap len: 0
	Inner reads: 0
	Length: 4852
[2026-09-24 08:41:38] DEBUG: Inner: 12952 covered: 15064 total: 27752
[2026-09-24 08:41:38] DEBUG: Assembled disjointig 476
	With 3 reads
	Start read: +ERR1539006.15420
	At position: 3
	leftTip: 0 rightTip: 1
	Suspicious: 1
	Short ext: 1
	Mean extensions: 1
	Avg overlap len: 4715
	Min overlap len: 1880
	Inner reads: 0
	Length: 11849
[2026-09-24 08:41:38] DEBUG: Inner: 12962 covered: 15098 total: 27752
[2026-09-24 08:41:38] DEBUG: Assembled disjointig 477
	With 4 reads
	Start read: +ERR1539006.12109
	At position: 3
	leftTip: 1 rightTip: 1
	Suspicious: 2
	Short ext: 1
	Mean extensions: 2
	Avg overlap len: 4284
	Min overlap len: 1791
	Inner reads: 0
	Length: 22572
[2026-09-24 08:41:38] DEBUG: Inner: 12988 covered: 15170 total: 27752
[2026-09-24 08:41:38] DEBUG: Assembled disjointig 478
	With 4 reads
	Start read: +ERR1539006.5215
	At position: 1
	leftTip: 1 rightTip: 0
	Suspicious: 3
	Short ext: 3
	Mean extensions: 3
	Avg overlap len: 1891
	Min overlap len: 1172
	Inner reads: 0
	Length: 21756
[2026-09-24 08:41:38] DEBUG: Inner: 13004 covered: 15188 total: 27752
[2026-09-24 08:41:38] DEBUG: Assembled disjointig 479
	With 2 reads
	Start read: +ERR1539006.18982
	At position: 1
	leftTip: 1 rightTip: 1
	Suspicious: 1
	Short ext: 0
	Mean extensions: 0
	Avg overlap len: 4825
	Min overlap len: 4825
	Inner reads: 0
	Length: 7958
[2026-09-24 08:41:38] DEBUG: Inner: 13008 covered: 15218 total: 27752
[2026-09-24 08:41:38] DEBUG: Assembled disjointig 480
	With 6 reads
	Start read: +ERR1539006.19031
	At position: 1
	leftTip: 1 rightTip: 0
	Suspicious: 2
	Short ext: 2
	Mean extensions: 4
	Avg overlap len: 4163
	Min overlap len: 1877
	Inner reads: 0
	Length: 33159
[2026-09-24 08:41:38] DEBUG: Inner: 13030 covered: 15250 total: 27752
[2026-09-24 08:41:38] DEBUG: Assembled disjointig 481
	With 2 reads
	Start read: +ERR1539006.11536
	At position: 1
	leftTip: 1 rightTip: 1
	Suspicious: 1
	Short ext: 0
	Mean extensions: 0
	Avg overlap len: 7298
	Min overlap len: 7298
	Inner reads: 0
	Length: 15423
[2026-09-24 08:41:38] DEBUG: Inner: 13034 covered: 15260 total: 27752
[2026-09-24 08:41:38] DEBUG: Assembled disjointig 482
	With 1 reads
	Start read: +ERR1539006.13658
	At position: 1
	leftTip: 1 rightTip: 1
	Suspicious: 0
	Short ext: 0
	Mean extensions: 0
	Avg overlap len: 0
	Min overlap len: 0
	Inner reads: 0
	Length: 4066
[2026-09-24 08:41:38] DEBUG: Inner: 13038 covered: 15264 total: 27752
[2026-09-24 08:41:38] DEBUG: Assembled disjointig 483
	With 2 reads
	Start read: +ERR1539006.14833
	At position: 2
	leftTip: 1 rightTip: 1
	Suspicious: 1
	Short ext: 1
	Mean extensions: 0
	Avg overlap len: 2956
	Min overlap len: 2956
	Inner reads: 0
	Length: 22847
[2026-09-24 08:41:38] DEBUG: Inner: 13050 covered: 15280 total: 27752
[2026-09-24 08:41:38] DEBUG: Assembled disjointig 484
	With 1 reads
	Start read: +ERR1539006.18533
	At position: 1
	leftTip: 1 rightTip: 1
	Suspicious: 0
	Short ext: 0
	Mean extensions: 0
	Avg overlap len: 0
	Min overlap len: 0
	Inner reads: 0
	Length: 5037
[2026-09-24 08:41:38] DEBUG: Inner: 13054 covered: 15298 total: 27752
[2026-09-24 08:41:38] DEBUG: Assembled disjointig 485
	With 5 reads
	Start read: +ERR1539006.17898
	At position: 3
	leftTip: 0 rightTip: 1
	Suspicious: 4
	Short ext: 3
	Mean extensions: 1
	Avg overlap len: 3596
	Min overlap len: 1984
	Inner reads: 0
	Length: 25929
[2026-09-24 08:41:38] DEBUG: Inner: 13072 covered: 15320 total: 27752
[2026-09-24 08:41:38] DEBUG: Assembled disjointig 486
	With 1 reads
	Start read: +ERR1539006.11216
	At position: 1
	leftTip: 1 rightTip: 1
	Suspicious: 0
	Short ext: 0
	Mean extensions: 0
	Avg overlap len: 0
	Min overlap len: 0
	Inner reads: 0
	Length: 10585
[2026-09-24 08:41:38] DEBUG: Inner: 13076 covered: 15324 total: 27752
[2026-09-24 08:41:38] DEBUG: Assembled disjointig 487
	With 1 reads
	Start read: +ERR1539006.5966
	At position: 1
	leftTip: 1 rightTip: 1
	Suspicious: 0
	Short ext: 0
	Mean extensions: 0
	Avg overlap len: 0
	Min overlap len: 0
	Inner reads: 0
	Length: 10869
[2026-09-24 08:41:38] DEBUG: Inner: 13080 covered: 15328 total: 27752
[2026-09-24 08:41:38] DEBUG: Assembled disjointig 488
	With 2 reads
	Start read: +ERR1539006.11632
	At position: 1
	leftTip: 1 rightTip: 1
	Suspicious: 1
	Short ext: 0
	Mean extensions: 0
	Avg overlap len: 4638
	Min overlap len: 4638
	Inner reads: 0
	Length: 8247
[2026-09-24 08:41:38] DEBUG: Inner: 13086 covered: 15360 total: 27752
[2026-09-24 08:41:38] DEBUG: Assembled disjointig 489
	With 4 reads
	Start read: +ERR1539006.10906
	At position: 2
	leftTip: 0 rightTip: 1
	Suspicious: 2
	Short ext: 2
	Mean extensions: 2
	Avg overlap len: 3721
	Min overlap len: 2315
	Inner reads: 0
	Length: 20723
[2026-09-24 08:41:38] DEBUG: Inner: 13106 covered: 15384 total: 27752
[2026-09-24 08:41:38] DEBUG: Assembled disjointig 490
	With 2 reads
	Start read: +ERR1539006.8811
	At position: 1
	leftTip: 1 rightTip: 0
	Suspicious: 0
	Short ext: 0
	Mean extensions: 1
	Avg overlap len: 4082
	Min overlap len: 4082
	Inner reads: 0
	Length: 17083
[2026-09-24 08:41:38] DEBUG: Inner: 13110 covered: 15396 total: 27752
[2026-09-24 08:41:38] DEBUG: Assembled disjointig 491
	With 3 reads
	Start read: +ERR1539006.17649
	At position: 2
	leftTip: 0 rightTip: 0
	Suspicious: 2
	Short ext: 2
	Mean extensions: 5
	Avg overlap len: 3843
	Min overlap len: 2002
	Inner reads: 0
	Length: 15318
[2026-09-24 08:41:38] DEBUG: Inner: 13114 covered: 15410 total: 27752
[2026-09-24 08:41:38] DEBUG: Assembled disjointig 492
	With 3 reads
	Start read: +ERR1539006.9017
	At position: 2
	leftTip: 1 rightTip: 1
	Suspicious: 2
	Short ext: 2
	Mean extensions: 1
	Avg overlap len: 1305
	Min overlap len: 1138
	Inner reads: 0
	Length: 20094
[2026-09-24 08:41:38] DEBUG: Inner: 13122 covered: 15420 total: 27752
[2026-09-24 08:41:38] DEBUG: Assembled disjointig 493
	With 1 reads
	Start read: +ERR1539006.18020
	At position: 1
	leftTip: 1 rightTip: 1
	Suspicious: 0
	Short ext: 0
	Mean extensions: 0
	Avg overlap len: 0
	Min overlap len: 0
	Inner reads: 0
	Length: 7449
[2026-09-24 08:41:38] DEBUG: Inner: 13126 covered: 15424 total: 27752
[2026-09-24 08:41:38] DEBUG: Assembled disjointig 494
	With 1 reads
	Start read: +ERR1539006.14627
	At position: 1
	leftTip: 1 rightTip: 1
	Suspicious: 0
	Short ext: 0
	Mean extensions: 0
	Avg overlap len: 0
	Min overlap len: 0
	Inner reads: 0
	Length: 7918
[2026-09-24 08:41:38] DEBUG: Inner: 13130 covered: 15436 total: 27752
[2026-09-24 08:41:38] DEBUG: Assembled disjointig 495
	With 2 reads
	Start read: +ERR1539006.16011
	At position: 2
	leftTip: 1 rightTip: 1
	Suspicious: 1
	Short ext: 1
	Mean extensions: 0
	Avg overlap len: 3953
	Min overlap len: 3953
	Inner reads: 0
	Length: 9868
[2026-09-24 08:41:38] DEBUG: Inner: 13140 covered: 15461 total: 27752
[2026-09-24 08:41:38] DEBUG: Assembled disjointig 496
	With 3 reads
	Start read: +ERR1539006.16093
	At position: 2
	leftTip: 1 rightTip: 1
	Suspicious: 2
	Short ext: 2
	Mean extensions: 1
	Avg overlap len: 3539
	Min overlap len: 1078
	Inner reads: 0
	Length: 11719
[2026-09-24 08:41:38] DEBUG: Inner: 13152 covered: 15490 total: 27752
[2026-09-24 08:41:38] DEBUG: Assembled disjointig 497
	With 1 reads
	Start read: +ERR1539006.19467
	At position: 1
	leftTip: 1 rightTip: 1
	Suspicious: 0
	Short ext: 0
	Mean extensions: 0
	Avg overlap len: 0
	Min overlap len: 0
	Inner reads: 0
	Length: 5643
[2026-09-24 08:41:38] DEBUG: Inner: 13156 covered: 15514 total: 27752
[2026-09-24 08:41:38] DEBUG: Assembled disjointig 498
	With 3 reads
	Start read: +ERR1539006.16224
	At position: 3
	leftTip: 0 rightTip: 1
	Suspicious: 0
	Short ext: 0
	Mean extensions: 1
	Avg overlap len: 4621
	Min overlap len: 4335
	Inner reads: 0
	Length: 15311
[2026-09-24 08:41:38] DEBUG: Inner: 13164 covered: 15538 total: 27752
[2026-09-24 08:41:38] DEBUG: Assembled disjointig 499
	With 1 reads
	Start read: +ERR1539006.7612
	At position: 1
	leftTip: 1 rightTip: 1
	Suspicious: 0
	Short ext: 0
	Mean extensions: 0
	Avg overlap len: 0
	Min overlap len: 0
	Inner reads: 0
	Length: 7106
[2026-09-24 08:41:38] DEBUG: Inner: 13168 covered: 15552 total: 27752
[2026-09-24 08:41:38] DEBUG: Assembled disjointig 500
	With 4 reads
	Start read: +ERR1539006.14491
	At position: 3
	leftTip: 0 rightTip: 1
	Suspicious: 2
	Short ext: 0
	Mean extensions: 2
	Avg overlap len: 5195
	Min overlap len: 4748
	Inner reads: 0
	Length: 17661
[2026-09-24 08:41:38] DEBUG: Inner: 13178 covered: 15560 total: 27752
[2026-09-24 08:41:38] DEBUG: Assembled disjointig 501
	With 1 reads
	Start read: +ERR1539006.10530
	At position: 1
	leftTip: 1 rightTip: 1
	Suspicious: 0
	Short ext: 0
	Mean extensions: 0
	Avg overlap len: 0
	Min overlap len: 0
	Inner reads: 0
	Length: 7986
[2026-09-24 08:41:38] DEBUG: Inner: 13182 covered: 15596 total: 27752
[2026-09-24 08:41:38] DEBUG: Assembled disjointig 502
	With 2 reads
	Start read: +ERR1539006.13958
	At position: 2
	leftTip: 1 rightTip: 1
	Suspicious: 1
	Short ext: 0
	Mean extensions: 0
	Avg overlap len: 5034
	Min overlap len: 5034
	Inner reads: 0
	Length: 12095
[2026-09-24 08:41:38] DEBUG: Inner: 13192 covered: 15610 total: 27752
[2026-09-24 08:41:38] DEBUG: Assembled disjointig 503
	With 4 reads
	Start read: +ERR1539006.12988
	At position: 1
	leftTip: 1 rightTip: 1
	Suspicious: 3
	Short ext: 3
	Mean extensions: 1
	Avg overlap len: 3323
	Min overlap len: 2674
	Inner reads: 0
	Length: 18684
[2026-09-24 08:41:38] DEBUG: Inner: 13218 covered: 15644 total: 27752
[2026-09-24 08:41:38] DEBUG: Assembled disjointig 504
	With 3 reads
	Start read: +ERR1539006.17779
	At position: 3
	leftTip: 0 rightTip: 1
	Suspicious: 2
	Short ext: 1
	Mean extensions: 1
	Avg overlap len: 5117
	Min overlap len: 3099
	Inner reads: 0
	Length: 11767
[2026-09-24 08:41:38] DEBUG: Inner: 13234 covered: 15710 total: 27752
[2026-09-24 08:41:38] DEBUG: Assembled disjointig 505
	With 1 reads
	Start read: +ERR1539006.1723
	At position: 1
	leftTip: 1 rightTip: 1
	Suspicious: 0
	Short ext: 0
	Mean extensions: 0
	Avg overlap len: 0
	Min overlap len: 0
	Inner reads: 0
	Length: 9339
[2026-09-24 08:41:38] DEBUG: Inner: 13238 covered: 15718 total: 27752
[2026-09-24 08:41:38] DEBUG: Assembled disjointig 506
	With 3 reads
	Start read: +ERR1539006.19128
	At position: 2
	leftTip: 0 rightTip: 1
	Suspicious: 2
	Short ext: 1
	Mean extensions: 1
	Avg overlap len: 4698
	Min overlap len: 2054
	Inner reads: 0
	Length: 18895
[2026-09-24 08:41:38] DEBUG: Inner: 13244 covered: 15736 total: 27752
[2026-09-24 08:41:38] DEBUG: Assembled disjointig 507
	With 2 reads
	Start read: +ERR1539006.12257
	At position: 1
	leftTip: 1 rightTip: 0
	Suspicious: 1
	Short ext: 1
	Mean extensions: 1
	Avg overlap len: 1140
	Min overlap len: 1140
	Inner reads: 0
	Length: 11627
[2026-09-24 08:41:38] DEBUG: Inner: 13248 covered: 15748 total: 27752
[2026-09-24 08:41:38] DEBUG: Assembled disjointig 508
	With 2 reads
	Start read: +ERR1539006.13568
	At position: 2
	leftTip: 1 rightTip: 1
	Suspicious: 1
	Short ext: 1
	Mean extensions: 0
	Avg overlap len: 1045
	Min overlap len: 1045
	Inner reads: 0
	Length: 18422
[2026-09-24 08:41:38] DEBUG: Inner: 13256 covered: 15756 total: 27752
[2026-09-24 08:41:38] DEBUG: Assembled disjointig 509
	With 1 reads
	Start read: +ERR1539006.16562
	At position: 1
	leftTip: 1 rightTip: 1
	Suspicious: 0
	Short ext: 0
	Mean extensions: 0
	Avg overlap len: 0
	Min overlap len: 0
	Inner reads: 0
	Length: 4232
[2026-09-24 08:41:38] DEBUG: Inner: 13260 covered: 15760 total: 27752
[2026-09-24 08:41:38] DEBUG: Assembled disjointig 510
	With 1 reads
	Start read: +ERR1539006.5110
	At position: 1
	leftTip: 1 rightTip: 1
	Suspicious: 0
	Short ext: 0
	Mean extensions: 0
	Avg overlap len: 0
	Min overlap len: 0
	Inner reads: 0
	Length: 7051
[2026-09-24 08:41:38] DEBUG: Inner: 13262 covered: 15766 total: 27752
[2026-09-24 08:41:38] DEBUG: Assembled disjointig 511
	With 2 reads
	Start read: +ERR1539006.14401
	At position: 2
	leftTip: 1 rightTip: 1
	Suspicious: 1
	Short ext: 0
	Mean extensions: 0
	Avg overlap len: 4729
	Min overlap len: 4729
	Inner reads: 0
	Length: 14694
[2026-09-24 08:41:38] DEBUG: Inner: 13276 covered: 15782 total: 27752
[2026-09-24 08:41:38] DEBUG: Assembled disjointig 512
	With 1 reads
	Start read: +ERR1539006.14810
	At position: 1
	leftTip: 1 rightTip: 1
	Suspicious: 0
	Short ext: 0
	Mean extensions: 0
	Avg overlap len: 0
	Min overlap len: 0
	Inner reads: 0
	Length: 6361
[2026-09-24 08:41:38] DEBUG: Inner: 13284 covered: 15798 total: 27752
[2026-09-24 08:41:38] DEBUG: Assembled disjointig 513
	With 3 reads
	Start read: +ERR1539006.14611
	At position: 2
	leftTip: 1 rightTip: 1
	Suspicious: 2
	Short ext: 2
	Mean extensions: 2
	Avg overlap len: 3737
	Min overlap len: 2132
	Inner reads: 0
	Length: 9782
[2026-09-24 08:41:38] DEBUG: Inner: 13296 covered: 15830 total: 27752
[2026-09-24 08:41:38] DEBUG: Assembled disjointig 514
	With 1 reads
	Start read: +ERR1539006.6466
	At position: 1
	leftTip: 1 rightTip: 1
	Suspicious: 0
	Short ext: 0
	Mean extensions: 0
	Avg overlap len: 0
	Min overlap len: 0
	Inner reads: 0
	Length: 4127
[2026-09-24 08:41:38] DEBUG: Inner: 13300 covered: 15840 total: 27752
[2026-09-24 08:41:38] DEBUG: Assembled disjointig 515
	With 3 reads
	Start read: +ERR1539006.6441
	At position: 3
	leftTip: 1 rightTip: 1
	Suspicious: 2
	Short ext: 1
	Mean extensions: 1
	Avg overlap len: 5931
	Min overlap len: 3172
	Inner reads: 0
	Length: 13638
[2026-09-24 08:41:38] DEBUG: Inner: 13312 covered: 15876 total: 27752
[2026-09-24 08:41:38] DEBUG: Assembled disjointig 516
	With 5 reads
	Start read: +ERR1539006.16513
	At position: 3
	leftTip: 1 rightTip: 1
	Suspicious: 4
	Short ext: 4
	Mean extensions: 2
	Avg overlap len: 1994
	Min overlap len: 1363
	Inner reads: 0
	Length: 30432
[2026-09-24 08:41:38] DEBUG: Inner: 13342 covered: 15928 total: 27752
[2026-09-24 08:41:38] DEBUG: Assembled disjointig 517
	With 2 reads
	Start read: +ERR1539006.4458
	At position: 1
	leftTip: 1 rightTip: 1
	Suspicious: 1
	Short ext: 1
	Mean extensions: 0
	Avg overlap len: 1576
	Min overlap len: 1576
	Inner reads: 0
	Length: 17808
[2026-09-24 08:41:38] DEBUG: Inner: 13348 covered: 15934 total: 27752
[2026-09-24 08:41:38] DEBUG: Assembled disjointig 518
	With 6 reads
	Start read: +ERR1539006.11581
	At position: 5
	leftTip: 0 rightTip: 0
	Suspicious: 5
	Short ext: 4
	Mean extensions: 1
	Avg overlap len: 2056
	Min overlap len: 1216
	Inner reads: 0
	Length: 27546
[2026-09-24 08:41:38] DEBUG: Inner: 13366 covered: 15950 total: 27752
[2026-09-24 08:41:38] DEBUG: Assembled disjointig 519
	With 2 reads
	Start read: +ERR1539006.15266
	At position: 1
	leftTip: 1 rightTip: 0
	Suspicious: 1
	Short ext: 1
	Mean extensions: 1
	Avg overlap len: 1705
	Min overlap len: 1705
	Inner reads: 0
	Length: 14169
[2026-09-24 08:41:38] DEBUG: Inner: 13370 covered: 15972 total: 27752
[2026-09-24 08:41:38] DEBUG: Assembled disjointig 520
	With 4 reads
	Start read: +ERR1539006.17374
	At position: 2
	leftTip: 0 rightTip: 1
	Suspicious: 3
	Short ext: 2
	Mean extensions: 1
	Avg overlap len: 2356
	Min overlap len: 1591
	Inner reads: 0
	Length: 23531
[2026-09-24 08:41:38] DEBUG: Inner: 13394 covered: 15992 total: 27752
[2026-09-24 08:41:38] DEBUG: Assembled disjointig 521
	With 1 reads
	Start read: +ERR1539006.18999
	At position: 1
	leftTip: 1 rightTip: 1
	Suspicious: 0
	Short ext: 0
	Mean extensions: 0
	Avg overlap len: 0
	Min overlap len: 0
	Inner reads: 0
	Length: 6881
[2026-09-24 08:41:38] DEBUG: Inner: 13398 covered: 16002 total: 27752
[2026-09-24 08:41:38] DEBUG: Assembled disjointig 522
	With 1 reads
	Start read: +ERR1539006.16190
	At position: 1
	leftTip: 1 rightTip: 1
	Suspicious: 0
	Short ext: 0
	Mean extensions: 0
	Avg overlap len: 0
	Min overlap len: 0
	Inner reads: 0
	Length: 4514
[2026-09-24 08:41:38] DEBUG: Inner: 13402 covered: 16012 total: 27752
[2026-09-24 08:41:38] DEBUG: Assembled disjointig 523
	With 3 reads
	Start read: +ERR1539006.17092
	At position: 3
	leftTip: 1 rightTip: 1
	Suspicious: 2
	Short ext: 2
	Mean extensions: 1
	Avg overlap len: 2184
	Min overlap len: 1857
	Inner reads: 0
	Length: 22063
[2026-09-24 08:41:38] DEBUG: Inner: 13426 covered: 16034 total: 27752
[2026-09-24 08:41:38] DEBUG: Assembled disjointig 524
	With 3 reads
	Start read: +ERR1539006.17017
	At position: 1
	leftTip: 1 rightTip: 1
	Suspicious: 2
	Short ext: 2
	Mean extensions: 1
	Avg overlap len: 3983
	Min overlap len: 3650
	Inner reads: 0
	Length: 10129
[2026-09-24 08:41:38] DEBUG: Inner: 13440 covered: 16054 total: 27752
[2026-09-24 08:41:38] DEBUG: Assembled disjointig 525
	With 3 reads
	Start read: +ERR1539006.18715
	At position: 2
	leftTip: 0 rightTip: 1
	Suspicious: 1
	Short ext: 1
	Mean extensions: 1
	Avg overlap len: 4712
	Min overlap len: 3408
	Inner reads: 0
	Length: 8229
[2026-09-24 08:41:38] DEBUG: Inner: 13448 covered: 16136 total: 27752
[2026-09-24 08:41:38] DEBUG: Assembled disjointig 526
	With 3 reads
	Start read: +ERR1539006.10215
	At position: 1
	leftTip: 1 rightTip: 0
	Suspicious: 2
	Short ext: 2
	Mean extensions: 2
	Avg overlap len: 2486
	Min overlap len: 1696
	Inner reads: 0
	Length: 15522
[2026-09-24 08:41:38] DEBUG: Inner: 13458 covered: 16154 total: 27752
[2026-09-24 08:41:38] DEBUG: Assembled disjointig 527
	With 2 reads
	Start read: +ERR1539006.8725
	At position: 2
	leftTip: 0 rightTip: 1
	Suspicious: 0
	Short ext: 0
	Mean extensions: 1
	Avg overlap len: 5002
	Min overlap len: 5002
	Inner reads: 0
	Length: 12498
[2026-09-24 08:41:38] DEBUG: Inner: 13462 covered: 16176 total: 27752
[2026-09-24 08:41:38] DEBUG: Assembled disjointig 528
	With 6 reads
	Start read: +ERR1539006.17608
	At position: 3
	leftTip: 1 rightTip: 0
	Suspicious: 3
	Short ext: 2
	Mean extensions: 2
	Avg overlap len: 5052
	Min overlap len: 1571
	Inner reads: 0
	Length: 24416
[2026-09-24 08:41:38] DEBUG: Inner: 13486 covered: 16207 total: 27752
[2026-09-24 08:41:38] DEBUG: Assembled disjointig 529
	With 4 reads
	Start read: +ERR1539006.12669
	At position: 3
	leftTip: 1 rightTip: 0
	Suspicious: 2
	Short ext: 2
	Mean extensions: 1
	Avg overlap len: 1730
	Min overlap len: 1690
	Inner reads: 0
	Length: 28564
[2026-09-24 08:41:38] DEBUG: Inner: 13500 covered: 16226 total: 27752
[2026-09-24 08:41:38] DEBUG: Assembled disjointig 530
	With 2 reads
	Start read: +ERR1539006.14629
	At position: 2
	leftTip: 1 rightTip: 1
	Suspicious: 1
	Short ext: 1
	Mean extensions: 0
	Avg overlap len: 2837
	Min overlap len: 2837
	Inner reads: 0
	Length: 12529
[2026-09-24 08:41:38] DEBUG: Inner: 13506 covered: 16258 total: 27752
[2026-09-24 08:41:38] DEBUG: Assembled disjointig 531
	With 3 reads
	Start read: +ERR1539006.1004
	At position: 1
	leftTip: 1 rightTip: 1
	Suspicious: 2
	Short ext: 2
	Mean extensions: 1
	Avg overlap len: 2690
	Min overlap len: 2385
	Inner reads: 0
	Length: 17452
[2026-09-24 08:41:38] DEBUG: Inner: 13516 covered: 16270 total: 27752
[2026-09-24 08:41:38] DEBUG: Assembled disjointig 532
	With 1 reads
	Start read: +ERR1539006.15785
	At position: 1
	leftTip: 1 rightTip: 1
	Suspicious: 0
	Short ext: 0
	Mean extensions: 0
	Avg overlap len: 0
	Min overlap len: 0
	Inner reads: 0
	Length: 5489
[2026-09-24 08:41:38] DEBUG: Inner: 13520 covered: 16274 total: 27752
[2026-09-24 08:41:38] DEBUG: Assembled disjointig 533
	With 3 reads
	Start read: +ERR1539006.18473
	At position: 1
	leftTip: 1 rightTip: 0
	Suspicious: 1
	Short ext: 1
	Mean extensions: 1
	Avg overlap len: 4593
	Min overlap len: 1505
	Inner reads: 0
	Length: 13213
[2026-09-24 08:41:38] DEBUG: Inner: 13532 covered: 16288 total: 27752
[2026-09-24 08:41:38] DEBUG: Assembled disjointig 534
	With 2 reads
	Start read: +ERR1539006.1827
	At position: 1
	leftTip: 1 rightTip: 1
	Suspicious: 1
	Short ext: 1
	Mean extensions: 0
	Avg overlap len: 1975
	Min overlap len: 1975
	Inner reads: 0
	Length: 14492
[2026-09-24 08:41:38] DEBUG: Inner: 13538 covered: 16304 total: 27752
[2026-09-24 08:41:38] DEBUG: Assembled disjointig 535
	With 3 reads
	Start read: +ERR1539006.13012
	At position: 2
	leftTip: 1 rightTip: 0
	Suspicious: 2
	Short ext: 1
	Mean extensions: 2
	Avg overlap len: 4934
	Min overlap len: 4182
	Inner reads: 0
	Length: 16174
[2026-09-24 08:41:38] DEBUG: Inner: 13544 covered: 16322 total: 27752
[2026-09-24 08:41:38] DEBUG: Assembled disjointig 536
	With 1 reads
	Start read: +ERR1539006.17160
	At position: 1
	leftTip: 1 rightTip: 1
	Suspicious: 0
	Short ext: 0
	Mean extensions: 0
	Avg overlap len: 0
	Min overlap len: 0
	Inner reads: 0
	Length: 7527
[2026-09-24 08:41:38] DEBUG: Inner: 13550 covered: 16334 total: 27752
[2026-09-24 08:41:38] DEBUG: Assembled disjointig 537
	With 1 reads
	Start read: +ERR1539006.18915
	At position: 1
	leftTip: 1 rightTip: 1
	Suspicious: 0
	Short ext: 0
	Mean extensions: 0
	Avg overlap len: 0
	Min overlap len: 0
	Inner reads: 0
	Length: 9061
[2026-09-24 08:41:38] DEBUG: Inner: 13554 covered: 16366 total: 27752
[2026-09-24 08:41:38] DEBUG: Assembled disjointig 538
	With 2 reads
	Start read: +ERR1539006.18714
	At position: 1
	leftTip: 1 rightTip: 0
	Suspicious: 0
	Short ext: 0
	Mean extensions: 1
	Avg overlap len: 4900
	Min overlap len: 4900
	Inner reads: 0
	Length: 14295
[2026-09-24 08:41:38] DEBUG: Inner: 13558 covered: 16390 total: 27752
[2026-09-24 08:41:38] DEBUG: Assembled disjointig 539
	With 8 reads
	Start read: +ERR1539006.13576
	At position: 4
	leftTip: 1 rightTip: 0
	Suspicious: 5
	Short ext: 4
	Mean extensions: 2
	Avg overlap len: 2895
	Min overlap len: 1915
	Inner reads: 0
	Length: 27772
[2026-09-24 08:41:38] DEBUG: Inner: 13582 covered: 16428 total: 27752
[2026-09-24 08:41:38] DEBUG: Assembled disjointig 540
	With 1 reads
	Start read: +ERR1539006.13325
	At position: 1
	leftTip: 1 rightTip: 1
	Suspicious: 0
	Short ext: 0
	Mean extensions: 0
	Avg overlap len: 0
	Min overlap len: 0
	Inner reads: 0
	Length: 9266
[2026-09-24 08:41:38] DEBUG: Inner: 13586 covered: 16442 total: 27752
[2026-09-24 08:41:38] DEBUG: Assembled disjointig 541
	With 2 reads
	Start read: +ERR1539006.2629
	At position: 2
	leftTip: 1 rightTip: 1
	Suspicious: 1
	Short ext: 1
	Mean extensions: 0
	Avg overlap len: 3012
	Min overlap len: 3012
	Inner reads: 0
	Length: 7452
[2026-09-24 08:41:38] DEBUG: Inner: 13592 covered: 16452 total: 27752
[2026-09-24 08:41:38] DEBUG: Assembled disjointig 542
	With 1 reads
	Start read: +ERR1539006.19445
	At position: 1
	leftTip: 1 rightTip: 1
	Suspicious: 0
	Short ext: 0
	Mean extensions: 0
	Avg overlap len: 0
	Min overlap len: 0
	Inner reads: 0
	Length: 5737
[2026-09-24 08:41:38] DEBUG: Inner: 13596 covered: 16456 total: 27752
[2026-09-24 08:41:38] DEBUG: Assembled disjointig 543
	With 2 reads
	Start read: +ERR1539006.12145
	At position: 1
	leftTip: 1 rightTip: 1
	Suspicious: 1
	Short ext: 1
	Mean extensions: 0
	Avg overlap len: 2394
	Min overlap len: 2394
	Inner reads: 0
	Length: 9310
[2026-09-24 08:41:38] DEBUG: Inner: 13608 covered: 16478 total: 27752
[2026-09-24 08:41:38] DEBUG: Assembled disjointig 544
	With 4 reads
	Start read: +ERR1539006.10815
	At position: 2
	leftTip: 0 rightTip: 1
	Suspicious: 3
	Short ext: 2
	Mean extensions: 1
	Avg overlap len: 2034
	Min overlap len: 1626
	Inner reads: 0
	Length: 17500
[2026-09-24 08:41:38] DEBUG: Inner: 13618 covered: 16490 total: 27752
[2026-09-24 08:41:38] DEBUG: Assembled disjointig 545
	With 3 reads
	Start read: +ERR1539006.15290
	At position: 3
	leftTip: 0 rightTip: 1
	Suspicious: 1
	Short ext: 1
	Mean extensions: 1
	Avg overlap len: 5917
	Min overlap len: 3124
	Inner reads: 0
	Length: 14248
[2026-09-24 08:41:38] DEBUG: Inner: 13632 covered: 16514 total: 27752
[2026-09-24 08:41:38] DEBUG: Assembled disjointig 546
	With 1 reads
	Start read: +ERR1539006.15285
	At position: 1
	leftTip: 1 rightTip: 1
	Suspicious: 0
	Short ext: 0
	Mean extensions: 0
	Avg overlap len: 0
	Min overlap len: 0
	Inner reads: 0
	Length: 7440
[2026-09-24 08:41:38] DEBUG: Inner: 13636 covered: 16524 total: 27752
[2026-09-24 08:41:38] DEBUG: Assembled disjointig 547
	With 1 reads
	Start read: +ERR1539006.17265
	At position: 1
	leftTip: 1 rightTip: 1
	Suspicious: 0
	Short ext: 0
	Mean extensions: 0
	Avg overlap len: 0
	Min overlap len: 0
	Inner reads: 0
	Length: 4954
[2026-09-24 08:41:38] DEBUG: Inner: 13640 covered: 16530 total: 27752
[2026-09-24 08:41:38] DEBUG: Assembled disjointig 548
	With 2 reads
	Start read: +ERR1539006.11284
	At position: 2
	leftTip: 1 rightTip: 1
	Suspicious: 1
	Short ext: 1
	Mean extensions: 0
	Avg overlap len: 2815
	Min overlap len: 2815
	Inner reads: 0
	Length: 16786
[2026-09-24 08:41:38] DEBUG: Inner: 13654 covered: 16572 total: 27752
[2026-09-24 08:41:38] DEBUG: Assembled disjointig 549
	With 1 reads
	Start read: +ERR1539006.3323
	At position: 1
	leftTip: 1 rightTip: 1
	Suspicious: 0
	Short ext: 0
	Mean extensions: 0
	Avg overlap len: 0
	Min overlap len: 0
	Inner reads: 0
	Length: 6409
[2026-09-24 08:41:38] DEBUG: Inner: 13658 covered: 16622 total: 27752
[2026-09-24 08:41:38] DEBUG: Assembled disjointig 550
	With 4 reads
	Start read: +ERR1539006.11247
	At position: 4
	leftTip: 0 rightTip: 1
	Suspicious: 2
	Short ext: 2
	Mean extensions: 5
	Avg overlap len: 3416
	Min overlap len: 1190
	Inner reads: 0
	Length: 19088
[2026-09-24 08:41:38] DEBUG: Inner: 13672 covered: 16662 total: 27752
[2026-09-24 08:41:38] DEBUG: Assembled disjointig 551
	With 1 reads
	Start read: +ERR1539006.17331
	At position: 1
	leftTip: 1 rightTip: 1
	Suspicious: 0
	Short ext: 0
	Mean extensions: 0
	Avg overlap len: 0
	Min overlap len: 0
	Inner reads: 0
	Length: 10825
[2026-09-24 08:41:38] DEBUG: Inner: 13676 covered: 16702 total: 27752
[2026-09-24 08:41:38] DEBUG: Assembled disjointig 552
	With 5 reads
	Start read: +ERR1539006.18795
	At position: 3
	leftTip: 0 rightTip: 0
	Suspicious: 2
	Short ext: 2
	Mean extensions: 3
	Avg overlap len: 4194
	Min overlap len: 1799
	Inner reads: 0
	Length: 27883
[2026-09-24 08:41:38] DEBUG: Inner: 13686 covered: 16714 total: 27752
[2026-09-24 08:41:38] DEBUG: Assembled disjointig 553
	With 1 reads
	Start read: +ERR1539006.13515
	At position: 1
	leftTip: 1 rightTip: 1
	Suspicious: 0
	Short ext: 0
	Mean extensions: 0
	Avg overlap len: 0
	Min overlap len: 0
	Inner reads: 0
	Length: 9830
[2026-09-24 08:41:38] DEBUG: Inner: 13690 covered: 16724 total: 27752
[2026-09-24 08:41:38] DEBUG: Assembled disjointig 554
	With 1 reads
	Start read: +ERR1539006.9617
	At position: 1
	leftTip: 1 rightTip: 1
	Suspicious: 0
	Short ext: 0
	Mean extensions: 0
	Avg overlap len: 0
	Min overlap len: 0
	Inner reads: 0
	Length: 4483
[2026-09-24 08:41:38] DEBUG: Inner: 13694 covered: 16728 total: 27752
[2026-09-24 08:41:38] DEBUG: Assembled disjointig 555
	With 7 reads
	Start read: +ERR1539006.4895
	At position: 4
	leftTip: 0 rightTip: 1
	Suspicious: 5
	Short ext: 5
	Mean extensions: 1
	Avg overlap len: 2548
	Min overlap len: 1076
	Inner reads: 0
	Length: 33121
[2026-09-24 08:41:38] DEBUG: Inner: 13710 covered: 16762 total: 27752
[2026-09-24 08:41:38] DEBUG: Assembled disjointig 556
	With 3 reads
	Start read: +ERR1539006.14398
	At position: 3
	leftTip: 1 rightTip: 1
	Suspicious: 2
	Short ext: 1
	Mean extensions: 3
	Avg overlap len: 6486
	Min overlap len: 3495
	Inner reads: 0
	Length: 15208
[2026-09-24 08:41:38] DEBUG: Inner: 13724 covered: 16806 total: 27752
[2026-09-24 08:41:38] DEBUG: Assembled disjointig 557
	With 1 reads
	Start read: +ERR1539006.17471
	At position: 1
	leftTip: 1 rightTip: 1
	Suspicious: 0
	Short ext: 0
	Mean extensions: 0
	Avg overlap len: 0
	Min overlap len: 0
	Inner reads: 0
	Length: 4834
[2026-09-24 08:41:38] DEBUG: Inner: 13728 covered: 16814 total: 27752
[2026-09-24 08:41:38] DEBUG: Assembled disjointig 558
	With 3 reads
	Start read: +ERR1539006.18910
	At position: 3
	leftTip: 1 rightTip: 1
	Suspicious: 1
	Short ext: 0
	Mean extensions: 2
	Avg overlap len: 5000
	Min overlap len: 4360
	Inner reads: 0
	Length: 11717
[2026-09-24 08:41:38] DEBUG: Inner: 13754 covered: 16876 total: 27752
[2026-09-24 08:41:38] DEBUG: Assembled disjointig 559
	With 1 reads
	Start read: +ERR1539006.9972
	At position: 1
	leftTip: 1 rightTip: 1
	Suspicious: 0
	Short ext: 0
	Mean extensions: 0
	Avg overlap len: 0
	Min overlap len: 0
	Inner reads: 0
	Length: 7004
[2026-09-24 08:41:38] DEBUG: Inner: 13758 covered: 16916 total: 27752
[2026-09-24 08:41:38] DEBUG: Assembled disjointig 560
	With 3 reads
	Start read: +ERR1539006.15253
	At position: 2
	leftTip: 0 rightTip: 0
	Suspicious: 2
	Short ext: 2
	Mean extensions: 2
	Avg overlap len: 2096
	Min overlap len: 1488
	Inner reads: 0
	Length: 13705
[2026-09-24 08:41:38] DEBUG: Inner: 13770 covered: 16976 total: 27752
[2026-09-24 08:41:38] DEBUG: Assembled disjointig 561
	With 1 reads
	Start read: +ERR1539006.17837
	At position: 1
	leftTip: 1 rightTip: 1
	Suspicious: 0
	Short ext: 0
	Mean extensions: 0
	Avg overlap len: 0
	Min overlap len: 0
	Inner reads: 0
	Length: 4120
[2026-09-24 08:41:38] DEBUG: Inner: 13774 covered: 16980 total: 27752
[2026-09-24 08:41:38] DEBUG: Assembled disjointig 562
	With 3 reads
	Start read: +ERR1539006.1155
	At position: 1
	leftTip: 1 rightTip: 0
	Suspicious: 2
	Short ext: 2
	Mean extensions: 1
	Avg overlap len: 3342
	Min overlap len: 2789
	Inner reads: 0
	Length: 14090
[2026-09-24 08:41:38] DEBUG: Inner: 13782 covered: 16992 total: 27752
[2026-09-24 08:41:38] DEBUG: Assembled disjointig 563
	With 1 reads
	Start read: +ERR1539006.11416
	At position: 1
	leftTip: 1 rightTip: 1
	Suspicious: 0
	Short ext: 0
	Mean extensions: 0
	Avg overlap len: 0
	Min overlap len: 0
	Inner reads: 0
	Length: 7835
[2026-09-24 08:41:38] DEBUG: Inner: 13786 covered: 17002 total: 27752
[2026-09-24 08:41:38] DEBUG: Assembled disjointig 564
	With 2 reads
	Start read: +ERR1539006.9043
	At position: 1
	leftTip: 1 rightTip: 0
	Suspicious: 0
	Short ext: 0
	Mean extensions: 1
	Avg overlap len: 5508
	Min overlap len: 5508
	Inner reads: 0
	Length: 10884
[2026-09-24 08:41:38] DEBUG: Inner: 13792 covered: 17030 total: 27752
[2026-09-24 08:41:38] DEBUG: Assembled disjointig 565
	With 1 reads
	Start read: +ERR1539006.11789
	At position: 1
	leftTip: 1 rightTip: 1
	Suspicious: 0
	Short ext: 0
	Mean extensions: 0
	Avg overlap len: 0
	Min overlap len: 0
	Inner reads: 0
	Length: 6259
[2026-09-24 08:41:38] DEBUG: Inner: 13796 covered: 17036 total: 27752
[2026-09-24 08:41:38] DEBUG: Assembled disjointig 566
	With 2 reads
	Start read: +ERR1539006.1678
	At position: 2
	leftTip: 0 rightTip: 1
	Suspicious: 1
	Short ext: 1
	Mean extensions: 8
	Avg overlap len: 2392
	Min overlap len: 2392
	Inner reads: 0
	Length: 9022
[2026-09-24 08:41:38] DEBUG: Inner: 13798 covered: 17058 total: 27752
[2026-09-24 08:41:38] DEBUG: Assembled disjointig 567
	With 2 reads
	Start read: +ERR1539006.19308
	At position: 1
	leftTip: 1 rightTip: 0
	Suspicious: 0
	Short ext: 0
	Mean extensions: 4
	Avg overlap len: 5205
	Min overlap len: 5205
	Inner reads: 0
	Length: 19828
[2026-09-24 08:41:38] DEBUG: Inner: 13810 covered: 17076 total: 27752
[2026-09-24 08:41:38] DEBUG: Assembled disjointig 568
	With 2 reads
	Start read: +ERR1539006.1437
	At position: 1
	leftTip: 1 rightTip: 1
	Suspicious: 1
	Short ext: 1
	Mean extensions: 0
	Avg overlap len: 1043
	Min overlap len: 1043
	Inner reads: 0
	Length: 9415
[2026-09-24 08:41:38] DEBUG: Inner: 13822 covered: 17088 total: 27752
[2026-09-24 08:41:38] DEBUG: Assembled disjointig 569
	With 5 reads
	Start read: +ERR1539006.7308
	At position: 4
	leftTip: 0 rightTip: 0
	Suspicious: 3
	Short ext: 3
	Mean extensions: 1
	Avg overlap len: 2994
	Min overlap len: 1596
	Inner reads: 0
	Length: 19599
[2026-09-24 08:41:38] DEBUG: Inner: 13840 covered: 17128 total: 27752
[2026-09-24 08:41:38] DEBUG: Assembled disjointig 570
	With 1 reads
	Start read: +ERR1539006.14151
	At position: 1
	leftTip: 1 rightTip: 1
	Suspicious: 0
	Short ext: 0
	Mean extensions: 0
	Avg overlap len: 0
	Min overlap len: 0
	Inner reads: 0
	Length: 5231
[2026-09-24 08:41:38] DEBUG: Inner: 13844 covered: 17182 total: 27752
[2026-09-24 08:41:38] DEBUG: Assembled disjointig 571
	With 3 reads
	Start read: +ERR1539006.10344
	At position: 1
	leftTip: 1 rightTip: 0
	Suspicious: 1
	Short ext: 1
	Mean extensions: 2
	Avg overlap len: 7729
	Min overlap len: 1656
	Inner reads: 0
	Length: 12564
[2026-09-24 08:41:38] DEBUG: Inner: 13860 covered: 17234 total: 27752
[2026-09-24 08:41:38] DEBUG: Assembled disjointig 572
	With 4 reads
	Start read: +ERR1539006.6727
	At position: 2
	leftTip: 1 rightTip: 0
	Suspicious: 3
	Short ext: 3
	Mean extensions: 1
	Avg overlap len: 3393
	Min overlap len: 2980
	Inner reads: 0
	Length: 29834
[2026-09-24 08:41:38] DEBUG: Inner: 13872 covered: 17276 total: 27752
[2026-09-24 08:41:38] DEBUG: Assembled disjointig 573
	With 2 reads
	Start read: +ERR1539006.10717
	At position: 1
	leftTip: 1 rightTip: 1
	Suspicious: 1
	Short ext: 1
	Mean extensions: 0
	Avg overlap len: 2964
	Min overlap len: 2964
	Inner reads: 0
	Length: 9728
[2026-09-24 08:41:38] DEBUG: Inner: 13882 covered: 17286 total: 27752
[2026-09-24 08:41:39] DEBUG: Assembled disjointig 574
	With 1 reads
	Start read: +ERR1539006.18782
	At position: 1
	leftTip: 1 rightTip: 1
	Suspicious: 0
	Short ext: 0
	Mean extensions: 0
	Avg overlap len: 0
	Min overlap len: 0
	Inner reads: 0
	Length: 5882
[2026-09-24 08:41:39] DEBUG: Inner: 13886 covered: 17354 total: 27752
[2026-09-24 08:41:39] DEBUG: Assembled disjointig 575
	With 1 reads
	Start read: +ERR1539006.18674
	At position: 1
	leftTip: 1 rightTip: 1
	Suspicious: 0
	Short ext: 0
	Mean extensions: 0
	Avg overlap len: 0
	Min overlap len: 0
	Inner reads: 0
	Length: 11162
[2026-09-24 08:41:39] DEBUG: Inner: 13894 covered: 17360 total: 27752
[2026-09-24 08:41:39] DEBUG: Assembled disjointig 576
	With 2 reads
	Start read: +ERR1539006.17172
	At position: 2
	leftTip: 1 rightTip: 1
	Suspicious: 1
	Short ext: 1
	Mean extensions: 0
	Avg overlap len: 1101
	Min overlap len: 1101
	Inner reads: 0
	Length: 10681
[2026-09-24 08:41:39] DEBUG: Inner: 13910 covered: 17380 total: 27752
[2026-09-24 08:41:39] DEBUG: Assembled disjointig 577
	With 4 reads
	Start read: +ERR1539006.7555
	At position: 3
	leftTip: 0 rightTip: 1
	Suspicious: 3
	Short ext: 1
	Mean extensions: 1
	Avg overlap len: 4143
	Min overlap len: 2773
	Inner reads: 0
	Length: 14044
[2026-09-24 08:41:39] DEBUG: Inner: 13916 covered: 17422 total: 27752
[2026-09-24 08:41:39] DEBUG: Assembled disjointig 578
	With 2 reads
	Start read: +ERR1539006.16080
	At position: 2
	leftTip: 0 rightTip: 1
	Suspicious: 1
	Short ext: 1
	Mean extensions: 1
	Avg overlap len: 1895
	Min overlap len: 1895
	Inner reads: 0
	Length: 10870
[2026-09-24 08:41:39] DEBUG: Inner: 13922 covered: 17454 total: 27752
[2026-09-24 08:41:39] DEBUG: Assembled disjointig 579
	With 2 reads
	Start read: +ERR1539006.18390
	At position: 1
	leftTip: 1 rightTip: 1
	Suspicious: 1
	Short ext: 1
	Mean extensions: 0
	Avg overlap len: 3154
	Min overlap len: 3154
	Inner reads: 0
	Length: 18255
[2026-09-24 08:41:39] DEBUG: Inner: 13930 covered: 17460 total: 27752
[2026-09-24 08:41:39] DEBUG: Assembled disjointig 580
	With 3 reads
	Start read: +ERR1539006.15628
	At position: 2
	leftTip: 0 rightTip: 0
	Suspicious: 0
	Short ext: 0
	Mean extensions: 8
	Avg overlap len: 6195
	Min overlap len: 4807
	Inner reads: 0
	Length: 19505
[2026-09-24 08:41:39] DEBUG: Inner: 13938 covered: 17478 total: 27752
[2026-09-24 08:41:39] DEBUG: Assembled disjointig 581
	With 1 reads
	Start read: +ERR1539006.11618
	At position: 1
	leftTip: 1 rightTip: 1
	Suspicious: 0
	Short ext: 0
	Mean extensions: 0
	Avg overlap len: 0
	Min overlap len: 0
	Inner reads: 0
	Length: 11428
[2026-09-24 08:41:39] DEBUG: Inner: 13942 covered: 17484 total: 27752
[2026-09-24 08:41:39] DEBUG: Assembled disjointig 582
	With 1 reads
	Start read: +ERR1539006.13802
	At position: 1
	leftTip: 1 rightTip: 1
	Suspicious: 0
	Short ext: 0
	Mean extensions: 0
	Avg overlap len: 0
	Min overlap len: 0
	Inner reads: 0
	Length: 6966
[2026-09-24 08:41:39] DEBUG: Inner: 13946 covered: 17528 total: 27752
[2026-09-24 08:41:39] DEBUG: Assembled disjointig 583
	With 3 reads
	Start read: +ERR1539006.14110
	At position: 3
	leftTip: 1 rightTip: 1
	Suspicious: 2
	Short ext: 2
	Mean extensions: 2
	Avg overlap len: 3150
	Min overlap len: 3039
	Inner reads: 0
	Length: 10821
[2026-09-24 08:41:39] DEBUG: Inner: 13966 covered: 17550 total: 27752
[2026-09-24 08:41:39] DEBUG: Assembled disjointig 584
	With 1 reads
	Start read: +ERR1539006.15967
	At position: 1
	leftTip: 1 rightTip: 1
	Suspicious: 0
	Short ext: 0
	Mean extensions: 0
	Avg overlap len: 0
	Min overlap len: 0
	Inner reads: 0
	Length: 10225
[2026-09-24 08:41:39] DEBUG: Inner: 13974 covered: 17570 total: 27752
[2026-09-24 08:41:39] DEBUG: Assembled disjointig 585
	With 3 reads
	Start read: +ERR1539006.13335
	At position: 1
	leftTip: 1 rightTip: 1
	Suspicious: 1
	Short ext: 1
	Mean extensions: 1
	Avg overlap len: 6556
	Min overlap len: 1277
	Inner reads: 0
	Length: 13371
[2026-09-24 08:41:39] DEBUG: Inner: 13992 covered: 17608 total: 27752
[2026-09-24 08:41:39] DEBUG: Assembled disjointig 586
	With 1 reads
	Start read: +ERR1539006.1671
	At position: 1
	leftTip: 1 rightTip: 1
	Suspicious: 0
	Short ext: 0
	Mean extensions: 0
	Avg overlap len: 0
	Min overlap len: 0
	Inner reads: 0
	Length: 4820
[2026-09-24 08:41:39] DEBUG: Inner: 13996 covered: 17688 total: 27752
[2026-09-24 08:41:39] DEBUG: Assembled disjointig 587
	With 2 reads
	Start read: +ERR1539006.17906
	At position: 2
	leftTip: 1 rightTip: 1
	Suspicious: 1
	Short ext: 1
	Mean extensions: 0
	Avg overlap len: 3779
	Min overlap len: 3779
	Inner reads: 0
	Length: 13261
[2026-09-24 08:41:39] DEBUG: Inner: 14004 covered: 17700 total: 27752
[2026-09-24 08:41:39] DEBUG: Assembled disjointig 588
	With 1 reads
	Start read: +ERR1539006.19001
	At position: 1
	leftTip: 1 rightTip: 1
	Suspicious: 0
	Short ext: 0
	Mean extensions: 0
	Avg overlap len: 0
	Min overlap len: 0
	Inner reads: 0
	Length: 9602
[2026-09-24 08:41:39] DEBUG: Inner: 14008 covered: 17702 total: 27752
[2026-09-24 08:41:39] DEBUG: Assembled disjointig 589
	With 2 reads
	Start read: +ERR1539006.15895
	At position: 1
	leftTip: 1 rightTip: 1
	Suspicious: 1
	Short ext: 1
	Mean extensions: 0
	Avg overlap len: 3242
	Min overlap len: 3242
	Inner reads: 0
	Length: 13386
[2026-09-24 08:41:39] DEBUG: Inner: 14022 covered: 17726 total: 27752
[2026-09-24 08:41:39] DEBUG: Assembled disjointig 590
	With 1 reads
	Start read: +ERR1539006.17853
	At position: 1
	leftTip: 1 rightTip: 1
	Suspicious: 0
	Short ext: 0
	Mean extensions: 0
	Avg overlap len: 0
	Min overlap len: 0
	Inner reads: 0
	Length: 7378
[2026-09-24 08:41:39] DEBUG: Inner: 14026 covered: 17746 total: 27752
[2026-09-24 08:41:39] DEBUG: Assembled disjointig 591
	With 1 reads
	Start read: +ERR1539006.19469
	At position: 1
	leftTip: 1 rightTip: 1
	Suspicious: 0
	Short ext: 0
	Mean extensions: 0
	Avg overlap len: 0
	Min overlap len: 0
	Inner reads: 0
	Length: 5894
[2026-09-24 08:41:39] DEBUG: Inner: 14030 covered: 17788 total: 27752
[2026-09-24 08:41:39] DEBUG: Assembled disjointig 592
	With 4 reads
	Start read: +ERR1539006.12875
	At position: 2
	leftTip: 0 rightTip: 0
	Suspicious: 3
	Short ext: 2
	Mean extensions: 2
	Avg overlap len: 3118
	Min overlap len: 1142
	Inner reads: 0
	Length: 26072
[2026-09-24 08:41:39] DEBUG: Inner: 14040 covered: 17832 total: 27752
[2026-09-24 08:41:39] DEBUG: Assembled disjointig 593
	With 4 reads
	Start read: +ERR1539006.15045
	At position: 4
	leftTip: 1 rightTip: 1
	Suspicious: 1
	Short ext: 1
	Mean extensions: 1
	Avg overlap len: 5671
	Min overlap len: 1833
	Inner reads: 0
	Length: 16850
[2026-09-24 08:41:39] DEBUG: Inner: 14056 covered: 17868 total: 27752
[2026-09-24 08:41:39] DEBUG: Assembled disjointig 594
	With 1 reads
	Start read: +ERR1539006.17193
	At position: 1
	leftTip: 1 rightTip: 1
	Suspicious: 0
	Short ext: 0
	Mean extensions: 0
	Avg overlap len: 0
	Min overlap len: 0
	Inner reads: 0
	Length: 7899
[2026-09-24 08:41:39] DEBUG: Inner: 14060 covered: 17890 total: 27752
[2026-09-24 08:41:39] DEBUG: Assembled disjointig 595
	With 1 reads
	Start read: +ERR1539006.4906
	At position: 1
	leftTip: 1 rightTip: 1
	Suspicious: 0
	Short ext: 0
	Mean extensions: 0
	Avg overlap len: 0
	Min overlap len: 0
	Inner reads: 0
	Length: 7497
[2026-09-24 08:41:39] DEBUG: Inner: 14064 covered: 17906 total: 27752
[2026-09-24 08:41:39] DEBUG: Assembled disjointig 596
	With 1 reads
	Start read: +ERR1539006.12861
	At position: 1
	leftTip: 1 rightTip: 1
	Suspicious: 0
	Short ext: 0
	Mean extensions: 0
	Avg overlap len: 0
	Min overlap len: 0
	Inner reads: 0
	Length: 10625
[2026-09-24 08:41:39] DEBUG: Inner: 14068 covered: 17920 total: 27752
[2026-09-24 08:41:39] DEBUG: Assembled disjointig 597
	With 2 reads
	Start read: +ERR1539006.4664
	At position: 1
	leftTip: 1 rightTip: 0
	Suspicious: 0
	Short ext: 0
	Mean extensions: 1
	Avg overlap len: 6509
	Min overlap len: 6509
	Inner reads: 0
	Length: 10479
[2026-09-24 08:41:39] DEBUG: Inner: 14080 covered: 17938 total: 27752
[2026-09-24 08:41:39] DEBUG: Assembled disjointig 598
	With 1 reads
	Start read: +ERR1539006.8406
	At position: 1
	leftTip: 1 rightTip: 1
	Suspicious: 0
	Short ext: 0
	Mean extensions: 0
	Avg overlap len: 0
	Min overlap len: 0
	Inner reads: 0
	Length: 5926
[2026-09-24 08:41:39] DEBUG: Inner: 14084 covered: 17994 total: 27752
[2026-09-24 08:41:39] DEBUG: Assembled disjointig 599
	With 4 reads
	Start read: +ERR1539006.16564
	At position: 2
	leftTip: 0 rightTip: 0
	Suspicious: 1
	Short ext: 0
	Mean extensions: 1
	Avg overlap len: 7640
	Min overlap len: 7314
	Inner reads: 0
	Length: 27938
[2026-09-24 08:41:39] DEBUG: Inner: 14096 covered: 18010 total: 27752
[2026-09-24 08:41:39] DEBUG: Assembled disjointig 600
	With 1 reads
	Start read: +ERR1539006.15236
	At position: 1
	leftTip: 1 rightTip: 1
	Suspicious: 0
	Short ext: 0
	Mean extensions: 0
	Avg overlap len: 0
	Min overlap len: 0
	Inner reads: 0
	Length: 5924
[2026-09-24 08:41:39] DEBUG: Inner: 14100 covered: 18022 total: 27752
[2026-09-24 08:41:39] DEBUG: Assembled disjointig 601
	With 1 reads
	Start read: +ERR1539006.16057
	At position: 1
	leftTip: 1 rightTip: 1
	Suspicious: 0
	Short ext: 0
	Mean extensions: 0
	Avg overlap len: 0
	Min overlap len: 0
	Inner reads: 0
	Length: 8302
[2026-09-24 08:41:39] DEBUG: Inner: 14108 covered: 18086 total: 27752
[2026-09-24 08:41:39] DEBUG: Assembled disjointig 602
	With 1 reads
	Start read: +ERR1539006.10338
	At position: 1
	leftTip: 1 rightTip: 1
	Suspicious: 0
	Short ext: 0
	Mean extensions: 0
	Avg overlap len: 0
	Min overlap len: 0
	Inner reads: 0
	Length: 7162
[2026-09-24 08:41:39] DEBUG: Inner: 14112 covered: 18196 total: 27752
[2026-09-24 08:41:39] DEBUG: Assembled disjointig 603
	With 2 reads
	Start read: +ERR1539006.12381
	At position: 1
	leftTip: 1 rightTip: 1
	Suspicious: 1
	Short ext: 0
	Mean extensions: 0
	Avg overlap len: 7174
	Min overlap len: 7174
	Inner reads: 0
	Length: 12430
[2026-09-24 08:41:39] DEBUG: Inner: 14122 covered: 18244 total: 27752
[2026-09-24 08:41:39] DEBUG: Assembled disjointig 604
	With 1 reads
	Start read: +ERR1539006.14799
	At position: 1
	leftTip: 1 rightTip: 1
	Suspicious: 0
	Short ext: 0
	Mean extensions: 0
	Avg overlap len: 0
	Min overlap len: 0
	Inner reads: 0
	Length: 5685
[2026-09-24 08:41:39] DEBUG: Inner: 14126 covered: 18262 total: 27752
[2026-09-24 08:41:39] DEBUG: Assembled disjointig 605
	With 2 reads
	Start read: +ERR1539006.14088
	At position: 1
	leftTip: 1 rightTip: 1
	Suspicious: 1
	Short ext: 1
	Mean extensions: 0
	Avg overlap len: 1533
	Min overlap len: 1533
	Inner reads: 0
	Length: 12452
[2026-09-24 08:41:39] DEBUG: Inner: 14130 covered: 18271 total: 27752
[2026-09-24 08:41:39] DEBUG: Assembled disjointig 606
	With 2 reads
	Start read: +ERR1539006.18679
	At position: 1
	leftTip: 1 rightTip: 1
	Suspicious: 1
	Short ext: 1
	Mean extensions: 0
	Avg overlap len: 2077
	Min overlap len: 2077
	Inner reads: 0
	Length: 12363
[2026-09-24 08:41:39] DEBUG: Inner: 14138 covered: 18398 total: 27752
[2026-09-24 08:41:39] DEBUG: Assembled disjointig 607
	With 1 reads
	Start read: +ERR1539006.10525
	At position: 1
	leftTip: 1 rightTip: 1
	Suspicious: 0
	Short ext: 0
	Mean extensions: 0
	Avg overlap len: 0
	Min overlap len: 0
	Inner reads: 0
	Length: 4649
[2026-09-24 08:41:39] DEBUG: Inner: 14144 covered: 18442 total: 27752
[2026-09-24 08:41:39] DEBUG: Assembled disjointig 608
	With 1 reads
	Start read: +ERR1539006.15009
	At position: 1
	leftTip: 1 rightTip: 1
	Suspicious: 0
	Short ext: 0
	Mean extensions: 0
	Avg overlap len: 0
	Min overlap len: 0
	Inner reads: 0
	Length: 9949
[2026-09-24 08:41:39] DEBUG: Inner: 14148 covered: 18502 total: 27752
[2026-09-24 08:41:39] DEBUG: Assembled disjointig 609
	With 1 reads
	Start read: +ERR1539006.18645
	At position: 1
	leftTip: 1 rightTip: 1
	Suspicious: 0
	Short ext: 0
	Mean extensions: 0
	Avg overlap len: 0
	Min overlap len: 0
	Inner reads: 0
	Length: 6282
[2026-09-24 08:41:39] DEBUG: Inner: 14152 covered: 18514 total: 27752
[2026-09-24 08:41:39] DEBUG: Assembled disjointig 610
	With 1 reads
	Start read: +ERR1539006.7048
	At position: 1
	leftTip: 1 rightTip: 1
	Suspicious: 0
	Short ext: 0
	Mean extensions: 0
	Avg overlap len: 0
	Min overlap len: 0
	Inner reads: 0
	Length: 8684
[2026-09-24 08:41:39] DEBUG: Inner: 14160 covered: 18528 total: 27752
[2026-09-24 08:41:39] DEBUG: Assembled disjointig 611
	With 2 reads
	Start read: +ERR1539006.17213
	At position: 1
	leftTip: 1 rightTip: 0
	Suspicious: 1
	Short ext: 1
	Mean extensions: 2
	Avg overlap len: 3956
	Min overlap len: 3956
	Inner reads: 0
	Length: 10424
[2026-09-24 08:41:39] DEBUG: Inner: 14168 covered: 18596 total: 27752
[2026-09-24 08:41:39] DEBUG: Assembled disjointig 612
	With 2 reads
	Start read: +ERR1539006.12463
	At position: 2
	leftTip: 1 rightTip: 1
	Suspicious: 1
	Short ext: 1
	Mean extensions: 0
	Avg overlap len: 1469
	Min overlap len: 1469
	Inner reads: 0
	Length: 15110
[2026-09-24 08:41:39] DEBUG: Inner: 14178 covered: 18670 total: 27752
[2026-09-24 08:41:39] DEBUG: Assembled disjointig 613
	With 1 reads
	Start read: +ERR1539006.14045
	At position: 1
	leftTip: 1 rightTip: 1
	Suspicious: 0
	Short ext: 0
	Mean extensions: 0
	Avg overlap len: 0
	Min overlap len: 0
	Inner reads: 0
	Length: 5662
[2026-09-24 08:41:39] DEBUG: Inner: 14182 covered: 18676 total: 27752
[2026-09-24 08:41:39] DEBUG: Assembled disjointig 614
	With 3 reads
	Start read: +ERR1539006.2916
	At position: 1
	leftTip: 1 rightTip: 0
	Suspicious: 1
	Short ext: 1
	Mean extensions: 1
	Avg overlap len: 4876
	Min overlap len: 1045
	Inner reads: 0
	Length: 15916
[2026-09-24 08:41:39] DEBUG: Inner: 14192 covered: 18700 total: 27752
[2026-09-24 08:41:39] DEBUG: Assembled disjointig 615
	With 2 reads
	Start read: +ERR1539006.16595
	At position: 1
	leftTip: 1 rightTip: 0
	Suspicious: 1
	Short ext: 1
	Mean extensions: 1
	Avg overlap len: 1611
	Min overlap len: 1611
	Inner reads: 0
	Length: 15858
[2026-09-24 08:41:39] DEBUG: Inner: 14196 covered: 18721 total: 27752
[2026-09-24 08:41:39] DEBUG: Assembled disjointig 616
	With 1 reads
	Start read: +ERR1539006.12282
	At position: 1
	leftTip: 1 rightTip: 1
	Suspicious: 0
	Short ext: 0
	Mean extensions: 0
	Avg overlap len: 0
	Min overlap len: 0
	Inner reads: 0
	Length: 9019
[2026-09-24 08:41:39] DEBUG: Inner: 14200 covered: 18732 total: 27752
[2026-09-24 08:41:39] DEBUG: Assembled disjointig 617
	With 2 reads
	Start read: +ERR1539006.13671
	At position: 2
	leftTip: 0 rightTip: 1
	Suspicious: 1
	Short ext: 1
	Mean extensions: 1
	Avg overlap len: 1818
	Min overlap len: 1818
	Inner reads: 0
	Length: 9653
[2026-09-24 08:41:39] DEBUG: Inner: 14206 covered: 18740 total: 27752
[2026-09-24 08:41:39] DEBUG: Assembled disjointig 618
	With 1 reads
	Start read: +ERR1539006.4433
	At position: 1
	leftTip: 1 rightTip: 1
	Suspicious: 0
	Short ext: 0
	Mean extensions: 0
	Avg overlap len: 0
	Min overlap len: 0
	Inner reads: 0
	Length: 5821
[2026-09-24 08:41:39] DEBUG: Inner: 14210 covered: 18772 total: 27752
[2026-09-24 08:41:39] DEBUG: Assembled disjointig 619
	With 1 reads
	Start read: +ERR1539006.14375
	At position: 1
	leftTip: 1 rightTip: 1
	Suspicious: 0
	Short ext: 0
	Mean extensions: 0
	Avg overlap len: 0
	Min overlap len: 0
	Inner reads: 0
	Length: 6739
[2026-09-24 08:41:39] DEBUG: Inner: 14214 covered: 18794 total: 27752
[2026-09-24 08:41:39] DEBUG: Assembled disjointig 620
	With 1 reads
	Start read: +ERR1539006.10937
	At position: 1
	leftTip: 1 rightTip: 1
	Suspicious: 0
	Short ext: 0
	Mean extensions: 0
	Avg overlap len: 0
	Min overlap len: 0
	Inner reads: 0
	Length: 5156
[2026-09-24 08:41:39] DEBUG: Inner: 14218 covered: 18820 total: 27752
[2026-09-24 08:41:39] DEBUG: Assembled disjointig 621
	With 1 reads
	Start read: +ERR1539006.19341
	At position: 1
	leftTip: 1 rightTip: 1
	Suspicious: 0
	Short ext: 0
	Mean extensions: 0
	Avg overlap len: 0
	Min overlap len: 0
	Inner reads: 0
	Length: 13880
[2026-09-24 08:41:39] DEBUG: Inner: 14222 covered: 18830 total: 27752
[2026-09-24 08:41:39] DEBUG: Assembled disjointig 622
	With 1 reads
	Start read: +ERR1539006.19136
	At position: 1
	leftTip: 1 rightTip: 1
	Suspicious: 0
	Short ext: 0
	Mean extensions: 0
	Avg overlap len: 0
	Min overlap len: 0
	Inner reads: 0
	Length: 7979
[2026-09-24 08:41:39] DEBUG: Inner: 14226 covered: 18846 total: 27752
[2026-09-24 08:41:39] DEBUG: Assembled disjointig 623
	With 1 reads
	Start read: +ERR1539006.12420
	At position: 1
	leftTip: 1 rightTip: 1
	Suspicious: 0
	Short ext: 0
	Mean extensions: 0
	Avg overlap len: 0
	Min overlap len: 0
	Inner reads: 0
	Length: 6304
[2026-09-24 08:41:39] DEBUG: Inner: 14230 covered: 18866 total: 27752
[2026-09-24 08:41:39] DEBUG: Assembled disjointig 624
	With 3 reads
	Start read: +ERR1539006.14623
	At position: 1
	leftTip: 1 rightTip: 1
	Suspicious: 2
	Short ext: 1
	Mean extensions: 1
	Avg overlap len: 5195
	Min overlap len: 3038
	Inner reads: 0
	Length: 12284
[2026-09-24 08:41:39] DEBUG: Inner: 14242 covered: 18898 total: 27752
[2026-09-24 08:41:39] DEBUG: Assembled disjointig 625
	With 1 reads
	Start read: +ERR1539006.10151
	At position: 1
	leftTip: 1 rightTip: 1
	Suspicious: 0
	Short ext: 0
	Mean extensions: 0
	Avg overlap len: 0
	Min overlap len: 0
	Inner reads: 0
	Length: 7939
[2026-09-24 08:41:39] DEBUG: Inner: 14248 covered: 18904 total: 27752
[2026-09-24 08:41:39] DEBUG: Assembled disjointig 626
	With 3 reads
	Start read: +ERR1539006.11509
	At position: 1
	leftTip: 1 rightTip: 1
	Suspicious: 2
	Short ext: 2
	Mean extensions: 1
	Avg overlap len: 3728
	Min overlap len: 1369
	Inner reads: 0
	Length: 17941
[2026-09-24 08:41:39] DEBUG: Inner: 14262 covered: 18968 total: 27752
[2026-09-24 08:41:39] DEBUG: Assembled disjointig 627
	With 1 reads
	Start read: +ERR1539006.15218
	At position: 1
	leftTip: 1 rightTip: 1
	Suspicious: 0
	Short ext: 0
	Mean extensions: 0
	Avg overlap len: 0
	Min overlap len: 0
	Inner reads: 0
	Length: 5241
[2026-09-24 08:41:39] DEBUG: Inner: 14264 covered: 18970 total: 27752
[2026-09-24 08:41:39] DEBUG: Assembled disjointig 628
	With 1 reads
	Start read: +ERR1539006.12261
	At position: 1
	leftTip: 1 rightTip: 1
	Suspicious: 0
	Short ext: 0
	Mean extensions: 0
	Avg overlap len: 0
	Min overlap len: 0
	Inner reads: 0
	Length: 7051
[2026-09-24 08:41:39] DEBUG: Inner: 14268 covered: 19036 total: 27752
[2026-09-24 08:41:39] DEBUG: Assembled disjointig 629
	With 2 reads
	Start read: +ERR1539006.15533
	At position: 1
	leftTip: 1 rightTip: 0
	Suspicious: 0
	Short ext: 0
	Mean extensions: 2
	Avg overlap len: 5764
	Min overlap len: 5764
	Inner reads: 0
	Length: 21647
[2026-09-24 08:41:39] DEBUG: Inner: 14272 covered: 19068 total: 27752
[2026-09-24 08:41:39] DEBUG: Assembled disjointig 630
	With 4 reads
	Start read: +ERR1539006.10428
	At position: 3
	leftTip: 0 rightTip: 0
	Suspicious: 3
	Short ext: 2
	Mean extensions: 1
	Avg overlap len: 2559
	Min overlap len: 1226
	Inner reads: 0
	Length: 24393
[2026-09-24 08:41:39] DEBUG: Inner: 14288 covered: 19104 total: 27752
[2026-09-24 08:41:39] DEBUG: Assembled disjointig 631
	With 2 reads
	Start read: +ERR1539006.12329
	At position: 1
	leftTip: 1 rightTip: 1
	Suspicious: 1
	Short ext: 1
	Mean extensions: 0
	Avg overlap len: 2699
	Min overlap len: 2699
	Inner reads: 0
	Length: 10251
[2026-09-24 08:41:39] DEBUG: Inner: 14294 covered: 19114 total: 27752
[2026-09-24 08:41:39] DEBUG: Assembled disjointig 632
	With 1 reads
	Start read: +ERR1539006.13725
	At position: 1
	leftTip: 1 rightTip: 1
	Suspicious: 0
	Short ext: 0
	Mean extensions: 0
	Avg overlap len: 0
	Min overlap len: 0
	Inner reads: 0
	Length: 7514
[2026-09-24 08:41:39] DEBUG: Inner: 14298 covered: 19120 total: 27752
[2026-09-24 08:41:39] DEBUG: Assembled disjointig 633
	With 1 reads
	Start read: +ERR1539006.13856
	At position: 1
	leftTip: 1 rightTip: 1
	Suspicious: 0
	Short ext: 0
	Mean extensions: 0
	Avg overlap len: 0
	Min overlap len: 0
	Inner reads: 0
	Length: 4581
[2026-09-24 08:41:39] DEBUG: Inner: 14302 covered: 19136 total: 27752
[2026-09-24 08:41:39] DEBUG: Assembled disjointig 634
	With 1 reads
	Start read: +ERR1539006.5909
	At position: 1
	leftTip: 1 rightTip: 1
	Suspicious: 0
	Short ext: 0
	Mean extensions: 0
	Avg overlap len: 0
	Min overlap len: 0
	Inner reads: 0
	Length: 4287
[2026-09-24 08:41:39] DEBUG: Inner: 14306 covered: 19152 total: 27752
[2026-09-24 08:41:39] DEBUG: Assembled disjointig 635
	With 2 reads
	Start read: +ERR1539006.150
	At position: 1
	leftTip: 1 rightTip: 0
	Suspicious: 0
	Short ext: 0
	Mean extensions: 2
	Avg overlap len: 4303
	Min overlap len: 4303
	Inner reads: 0
	Length: 9366
[2026-09-24 08:41:39] DEBUG: Inner: 14312 covered: 19168 total: 27752
[2026-09-24 08:41:39] DEBUG: Assembled disjointig 636
	With 1 reads
	Start read: +ERR1539006.17028
	At position: 1
	leftTip: 1 rightTip: 1
	Suspicious: 0
	Short ext: 0
	Mean extensions: 0
	Avg overlap len: 0
	Min overlap len: 0
	Inner reads: 0
	Length: 8325
[2026-09-24 08:41:39] DEBUG: Inner: 14316 covered: 19188 total: 27752
[2026-09-24 08:41:39] DEBUG: Assembled disjointig 637
	With 2 reads
	Start read: +ERR1539006.8571
	At position: 1
	leftTip: 1 rightTip: 1
	Suspicious: 1
	Short ext: 0
	Mean extensions: 0
	Avg overlap len: 7162
	Min overlap len: 7162
	Inner reads: 0
	Length: 10104
[2026-09-24 08:41:39] DEBUG: Inner: 14320 covered: 19198 total: 27752
[2026-09-24 08:41:39] DEBUG: Assembled disjointig 638
	With 2 reads
	Start read: +ERR1539006.18095
	At position: 2
	leftTip: 1 rightTip: 1
	Suspicious: 1
	Short ext: 1
	Mean extensions: 0
	Avg overlap len: 1541
	Min overlap len: 1541
	Inner reads: 0
	Length: 16406
[2026-09-24 08:41:39] DEBUG: Inner: 14326 covered: 19232 total: 27752
[2026-09-24 08:41:39] DEBUG: Assembled disjointig 639
	With 1 reads
	Start read: +ERR1539006.13692
	At position: 1
	leftTip: 1 rightTip: 1
	Suspicious: 0
	Short ext: 0
	Mean extensions: 0
	Avg overlap len: 0
	Min overlap len: 0
	Inner reads: 0
	Length: 8731
[2026-09-24 08:41:39] DEBUG: Inner: 14330 covered: 19264 total: 27752
[2026-09-24 08:41:39] DEBUG: Assembled disjointig 640
	With 4 reads
	Start read: +ERR1539006.13108
	At position: 2
	leftTip: 0 rightTip: 0
	Suspicious: 3
	Short ext: 2
	Mean extensions: 2
	Avg overlap len: 2462
	Min overlap len: 1431
	Inner reads: 0
	Length: 24526
[2026-09-24 08:41:39] DEBUG: Inner: 14336 covered: 19274 total: 27752
[2026-09-24 08:41:39] DEBUG: Assembled disjointig 641
	With 1 reads
	Start read: +ERR1539006.17959
	At position: 1
	leftTip: 1 rightTip: 1
	Suspicious: 0
	Short ext: 0
	Mean extensions: 0
	Avg overlap len: 0
	Min overlap len: 0
	Inner reads: 0
	Length: 7361
[2026-09-24 08:41:39] DEBUG: Inner: 14342 covered: 19324 total: 27752
[2026-09-24 08:41:39] DEBUG: Assembled disjointig 642
	With 2 reads
	Start read: +ERR1539006.1845
	At position: 2
	leftTip: 1 rightTip: 1
	Suspicious: 1
	Short ext: 0
	Mean extensions: 0
	Avg overlap len: 4380
	Min overlap len: 4380
	Inner reads: 0
	Length: 7270
[2026-09-24 08:41:39] DEBUG: Inner: 14346 covered: 19342 total: 27752
[2026-09-24 08:41:39] DEBUG: Assembled disjointig 643
	With 4 reads
	Start read: +ERR1539006.18828
	At position: 1
	leftTip: 1 rightTip: 1
	Suspicious: 2
	Short ext: 1
	Mean extensions: 1
	Avg overlap len: 5875
	Min overlap len: 2025
	Inner reads: 0
	Length: 22357
[2026-09-24 08:41:39] DEBUG: Inner: 14364 covered: 19372 total: 27752
[2026-09-24 08:41:39] DEBUG: Assembled disjointig 644
	With 4 reads
	Start read: +ERR1539006.8900
	At position: 2
	leftTip: 0 rightTip: 0
	Suspicious: 2
	Short ext: 2
	Mean extensions: 1
	Avg overlap len: 3965
	Min overlap len: 2564
	Inner reads: 0
	Length: 19760
[2026-09-24 08:41:39] DEBUG: Inner: 14370 covered: 19384 total: 27752
[2026-09-24 08:41:39] DEBUG: Assembled disjointig 645
	With 4 reads
	Start read: +ERR1539006.15939
	At position: 1
	leftTip: 1 rightTip: 0
	Suspicious: 3
	Short ext: 3
	Mean extensions: 1
	Avg overlap len: 1600
	Min overlap len: 1165
	Inner reads: 0
	Length: 17687
[2026-09-24 08:41:39] DEBUG: Inner: 14378 covered: 19390 total: 27752
[2026-09-24 08:41:39] DEBUG: Assembled disjointig 646
	With 2 reads
	Start read: +ERR1539006.10091
	At position: 1
	leftTip: 1 rightTip: 0
	Suspicious: 1
	Short ext: 1
	Mean extensions: 1
	Avg overlap len: 2101
	Min overlap len: 2101
	Inner reads: 0
	Length: 6161
[2026-09-24 08:41:39] DEBUG: Inner: 14384 covered: 19402 total: 27752
[2026-09-24 08:41:39] DEBUG: Assembled disjointig 647
	With 1 reads
	Start read: +ERR1539006.15098
	At position: 1
	leftTip: 1 rightTip: 1
	Suspicious: 0
	Short ext: 0
	Mean extensions: 0
	Avg overlap len: 0
	Min overlap len: 0
	Inner reads: 0
	Length: 4681
[2026-09-24 08:41:39] DEBUG: Inner: 14388 covered: 19404 total: 27752
[2026-09-24 08:41:39] DEBUG: Assembled disjointig 648
	With 1 reads
	Start read: +ERR1539006.12156
	At position: 1
	leftTip: 1 rightTip: 1
	Suspicious: 0
	Short ext: 0
	Mean extensions: 0
	Avg overlap len: 0
	Min overlap len: 0
	Inner reads: 0
	Length: 6746
[2026-09-24 08:41:39] DEBUG: Inner: 14392 covered: 19416 total: 27752
[2026-09-24 08:41:39] DEBUG: Assembled disjointig 649
	With 3 reads
	Start read: +ERR1539006.12319
	At position: 3
	leftTip: 1 rightTip: 1
	Suspicious: 2
	Short ext: 2
	Mean extensions: 1
	Avg overlap len: 3207
	Min overlap len: 2352
	Inner reads: 0
	Length: 13699
[2026-09-24 08:41:39] DEBUG: Inner: 14402 covered: 19436 total: 27752
[2026-09-24 08:41:39] DEBUG: Assembled disjointig 650
	With 1 reads
	Start read: +ERR1539006.13232
	At position: 1
	leftTip: 1 rightTip: 1
	Suspicious: 0
	Short ext: 0
	Mean extensions: 0
	Avg overlap len: 0
	Min overlap len: 0
	Inner reads: 0
	Length: 5364
[2026-09-24 08:41:39] DEBUG: Inner: 14406 covered: 19456 total: 27752
[2026-09-24 08:41:39] DEBUG: Assembled disjointig 651
	With 3 reads
	Start read: +ERR1539006.15325
	At position: 3
	leftTip: 0 rightTip: 1
	Suspicious: 2
	Short ext: 2
	Mean extensions: 1
	Avg overlap len: 1802
	Min overlap len: 1651
	Inner reads: 0
	Length: 10957
[2026-09-24 08:41:39] DEBUG: Inner: 14416 covered: 19474 total: 27752
[2026-09-24 08:41:39] DEBUG: Assembled disjointig 652
	With 2 reads
	Start read: +ERR1539006.16567
	At position: 2
	leftTip: 0 rightTip: 1
	Suspicious: 1
	Short ext: 0
	Mean extensions: 2
	Avg overlap len: 4509
	Min overlap len: 4509
	Inner reads: 0
	Length: 7001
[2026-09-24 08:41:39] DEBUG: Inner: 14424 covered: 19530 total: 27752
[2026-09-24 08:41:39] DEBUG: Assembled disjointig 653
	With 1 reads
	Start read: +ERR1539006.2381
	At position: 1
	leftTip: 1 rightTip: 1
	Suspicious: 0
	Short ext: 0
	Mean extensions: 0
	Avg overlap len: 0
	Min overlap len: 0
	Inner reads: 0
	Length: 5614
[2026-09-24 08:41:39] DEBUG: Inner: 14428 covered: 19536 total: 27752
[2026-09-24 08:41:39] DEBUG: Assembled disjointig 654
	With 1 reads
	Start read: +ERR1539006.15202
	At position: 1
	leftTip: 1 rightTip: 1
	Suspicious: 0
	Short ext: 0
	Mean extensions: 0
	Avg overlap len: 0
	Min overlap len: 0
	Inner reads: 0
	Length: 5348
[2026-09-24 08:41:39] DEBUG: Inner: 14432 covered: 19550 total: 27752
[2026-09-24 08:41:39] DEBUG: Assembled disjointig 655
	With 1 reads
	Start read: +ERR1539006.13182
	At position: 1
	leftTip: 1 rightTip: 1
	Suspicious: 0
	Short ext: 0
	Mean extensions: 0
	Avg overlap len: 0
	Min overlap len: 0
	Inner reads: 0
	Length: 8634
[2026-09-24 08:41:39] DEBUG: Inner: 14438 covered: 19586 total: 27752
[2026-09-24 08:41:39] DEBUG: Assembled disjointig 656
	With 1 reads
	Start read: +ERR1539006.10407
	At position: 1
	leftTip: 1 rightTip: 1
	Suspicious: 0
	Short ext: 0
	Mean extensions: 0
	Avg overlap len: 0
	Min overlap len: 0
	Inner reads: 0
	Length: 5247
[2026-09-24 08:41:39] DEBUG: Inner: 14442 covered: 19642 total: 27752
[2026-09-24 08:41:39] DEBUG: Assembled disjointig 657
	With 4 reads
	Start read: +ERR1539006.9308
	At position: 3
	leftTip: 0 rightTip: 1
	Suspicious: 3
	Short ext: 2
	Mean extensions: 1
	Avg overlap len: 1590
	Min overlap len: 1279
	Inner reads: 0
	Length: 14779
[2026-09-24 08:41:39] DEBUG: Inner: 14448 covered: 19654 total: 27752
[2026-09-24 08:41:39] DEBUG: Assembled disjointig 658
	With 2 reads
	Start read: +ERR1539006.10405
	At position: 1
	leftTip: 1 rightTip: 1
	Suspicious: 1
	Short ext: 1
	Mean extensions: 0
	Avg overlap len: 1974
	Min overlap len: 1974
	Inner reads: 0
	Length: 6820
[2026-09-24 08:41:39] DEBUG: Inner: 14452 covered: 19666 total: 27752
[2026-09-24 08:41:39] DEBUG: Assembled disjointig 659
	With 2 reads
	Start read: +ERR1539006.17801
	At position: 2
	leftTip: 0 rightTip: 1
	Suspicious: 1
	Short ext: 1
	Mean extensions: 1
	Avg overlap len: 1138
	Min overlap len: 1138
	Inner reads: 0
	Length: 9981
[2026-09-24 08:41:39] DEBUG: Inner: 14458 covered: 19740 total: 27752
[2026-09-24 08:41:39] DEBUG: Assembled disjointig 660
	With 1 reads
	Start read: +ERR1539006.17415
	At position: 1
	leftTip: 1 rightTip: 1
	Suspicious: 0
	Short ext: 0
	Mean extensions: 0
	Avg overlap len: 0
	Min overlap len: 0
	Inner reads: 0
	Length: 6045
[2026-09-24 08:41:39] DEBUG: Inner: 14462 covered: 19746 total: 27752
[2026-09-24 08:41:39] DEBUG: Assembled disjointig 661
	With 2 reads
	Start read: +ERR1539006.16089
	At position: 1
	leftTip: 1 rightTip: 0
	Suspicious: 1
	Short ext: 1
	Mean extensions: 1
	Avg overlap len: 2896
	Min overlap len: 2896
	Inner reads: 0
	Length: 12715
[2026-09-24 08:41:39] DEBUG: Inner: 14466 covered: 19790 total: 27752
[2026-09-24 08:41:39] DEBUG: Assembled disjointig 662
	With 2 reads
	Start read: +ERR1539006.18951
	At position: 2
	leftTip: 0 rightTip: 1
	Suspicious: 0
	Short ext: 0
	Mean extensions: 2
	Avg overlap len: 7465
	Min overlap len: 7465
	Inner reads: 0
	Length: 11845
[2026-09-24 08:41:39] DEBUG: Inner: 14478 covered: 19802 total: 27752
[2026-09-24 08:41:39] DEBUG: Assembled disjointig 663
	With 2 reads
	Start read: +ERR1539006.1230
	At position: 1
	leftTip: 1 rightTip: 0
	Suspicious: 1
	Short ext: 1
	Mean extensions: 1
	Avg overlap len: 2251
	Min overlap len: 2251
	Inner reads: 0
	Length: 9199
[2026-09-24 08:41:39] DEBUG: Inner: 14482 covered: 19822 total: 27752
[2026-09-24 08:41:39] DEBUG: Assembled disjointig 664
	With 5 reads
	Start read: +ERR1539006.4646
	At position: 3
	leftTip: 0 rightTip: 0
	Suspicious: 4
	Short ext: 4
	Mean extensions: 3
	Avg overlap len: 2793
	Min overlap len: 1580
	Inner reads: 0
	Length: 20980
[2026-09-24 08:41:39] DEBUG: Inner: 14498 covered: 19868 total: 27752
[2026-09-24 08:41:39] DEBUG: Assembled disjointig 665
	With 1 reads
	Start read: +ERR1539006.8861
	At position: 1
	leftTip: 1 rightTip: 1
	Suspicious: 0
	Short ext: 0
	Mean extensions: 0
	Avg overlap len: 0
	Min overlap len: 0
	Inner reads: 0
	Length: 6237
[2026-09-24 08:41:39] DEBUG: Inner: 14502 covered: 19894 total: 27752
[2026-09-24 08:41:39] DEBUG: Assembled disjointig 666
	With 2 reads
	Start read: +ERR1539006.9746
	At position: 1
	leftTip: 1 rightTip: 0
	Suspicious: 1
	Short ext: 1
	Mean extensions: 1
	Avg overlap len: 2977
	Min overlap len: 2977
	Inner reads: 0
	Length: 9549
[2026-09-24 08:41:39] DEBUG: Inner: 14506 covered: 19914 total: 27752
[2026-09-24 08:41:39] DEBUG: Assembled disjointig 667
	With 2 reads
	Start read: +ERR1539006.3461
	At position: 1
	leftTip: 1 rightTip: 0
	Suspicious: 1
	Short ext: 1
	Mean extensions: 1
	Avg overlap len: 1155
	Min overlap len: 1155
	Inner reads: 0
	Length: 14000
[2026-09-24 08:41:39] DEBUG: Inner: 14510 covered: 19924 total: 27752
[2026-09-24 08:41:39] DEBUG: Assembled disjointig 668
	With 1 reads
	Start read: +ERR1539006.12115
	At position: 1
	leftTip: 1 rightTip: 1
	Suspicious: 0
	Short ext: 0
	Mean extensions: 0
	Avg overlap len: 0
	Min overlap len: 0
	Inner reads: 0
	Length: 6929
[2026-09-24 08:41:39] DEBUG: Inner: 14516 covered: 19930 total: 27752
[2026-09-24 08:41:39] DEBUG: Assembled disjointig 669
	With 1 reads
	Start read: +ERR1539006.16264
	At position: 1
	leftTip: 1 rightTip: 1
	Suspicious: 0
	Short ext: 0
	Mean extensions: 0
	Avg overlap len: 0
	Min overlap len: 0
	Inner reads: 0
	Length: 10561
[2026-09-24 08:41:39] DEBUG: Inner: 14522 covered: 19938 total: 27752
[2026-09-24 08:41:39] DEBUG: Assembled disjointig 670
	With 2 reads
	Start read: +ERR1539006.10040
	At position: 1
	leftTip: 1 rightTip: 0
	Suspicious: 1
	Short ext: 1
	Mean extensions: 1
	Avg overlap len: 2731
	Min overlap len: 2731
	Inner reads: 0
	Length: 7133
[2026-09-24 08:41:39] DEBUG: Inner: 14526 covered: 19970 total: 27752
[2026-09-24 08:41:39] DEBUG: Assembled disjointig 671
	With 1 reads
	Start read: +ERR1539006.16656
	At position: 1
	leftTip: 1 rightTip: 1
	Suspicious: 0
	Short ext: 0
	Mean extensions: 0
	Avg overlap len: 0
	Min overlap len: 0
	Inner reads: 0
	Length: 6216
[2026-09-24 08:41:39] DEBUG: Inner: 14530 covered: 20098 total: 27752
[2026-09-24 08:41:39] DEBUG: Assembled disjointig 672
	With 2 reads
	Start read: +ERR1539006.17854
	At position: 1
	leftTip: 1 rightTip: 0
	Suspicious: 0
	Short ext: 0
	Mean extensions: 3
	Avg overlap len: 6141
	Min overlap len: 6141
	Inner reads: 0
	Length: 8653
[2026-09-24 08:41:39] DEBUG: Inner: 14538 covered: 20238 total: 27752
[2026-09-24 08:41:39] DEBUG: Assembled disjointig 673
	With 1 reads
	Start read: +ERR1539006.17369
	At position: 1
	leftTip: 1 rightTip: 1
	Suspicious: 0
	Short ext: 0
	Mean extensions: 0
	Avg overlap len: 0
	Min overlap len: 0
	Inner reads: 0
	Length: 6270
[2026-09-24 08:41:39] DEBUG: Inner: 14542 covered: 20280 total: 27752
[2026-09-24 08:41:39] DEBUG: Assembled disjointig 674
	With 1 reads
	Start read: +ERR1539006.12917
	At position: 1
	leftTip: 1 rightTip: 1
	Suspicious: 0
	Short ext: 0
	Mean extensions: 0
	Avg overlap len: 0
	Min overlap len: 0
	Inner reads: 0
	Length: 5930
[2026-09-24 08:41:39] DEBUG: Inner: 14546 covered: 20300 total: 27752
[2026-09-24 08:41:39] DEBUG: Assembled disjointig 675
	With 1 reads
	Start read: +ERR1539006.16349
	At position: 1
	leftTip: 1 rightTip: 1
	Suspicious: 0
	Short ext: 0
	Mean extensions: 0
	Avg overlap len: 0
	Min overlap len: 0
	Inner reads: 0
	Length: 6281
[2026-09-24 08:41:39] DEBUG: Inner: 14550 covered: 20331 total: 27752
[2026-09-24 08:41:39] DEBUG: Assembled disjointig 676
	With 1 reads
	Start read: +ERR1539006.16239
	At position: 1
	leftTip: 1 rightTip: 1
	Suspicious: 0
	Short ext: 0
	Mean extensions: 0
	Avg overlap len: 0
	Min overlap len: 0
	Inner reads: 0
	Length: 10236
[2026-09-24 08:41:39] DEBUG: Inner: 14556 covered: 20406 total: 27752
[2026-09-24 08:41:39] DEBUG: Assembled disjointig 677
	With 2 reads
	Start read: +ERR1539006.2196
	At position: 1
	leftTip: 1 rightTip: 0
	Suspicious: 1
	Short ext: 1
	Mean extensions: 1
	Avg overlap len: 1094
	Min overlap len: 1094
	Inner reads: 0
	Length: 8673
[2026-09-24 08:41:39] DEBUG: Inner: 14560 covered: 20428 total: 27752
[2026-09-24 08:41:39] DEBUG: Assembled disjointig 678
	With 1 reads
	Start read: +ERR1539006.11059
	At position: 1
	leftTip: 1 rightTip: 1
	Suspicious: 0
	Short ext: 0
	Mean extensions: 1
	Avg overlap len: 0
	Min overlap len: 0
	Inner reads: 0
	Length: 7618
[2026-09-24 08:41:39] DEBUG: Inner: 14564 covered: 20498 total: 27752
[2026-09-24 08:41:39] DEBUG: Assembled disjointig 679
	With 1 reads
	Start read: +ERR1539006.14547
	At position: 1
	leftTip: 1 rightTip: 1
	Suspicious: 0
	Short ext: 0
	Mean extensions: 0
	Avg overlap len: 0
	Min overlap len: 0
	Inner reads: 0
	Length: 4742
[2026-09-24 08:41:39] DEBUG: Inner: 14568 covered: 20502 total: 27752
[2026-09-24 08:41:39] DEBUG: Assembled disjointig 680
	With 1 reads
	Start read: +ERR1539006.8678
	At position: 1
	leftTip: 1 rightTip: 1
	Suspicious: 0
	Short ext: 0
	Mean extensions: 0
	Avg overlap len: 0
	Min overlap len: 0
	Inner reads: 0
	Length: 6382
[2026-09-24 08:41:39] DEBUG: Inner: 14572 covered: 20528 total: 27752
[2026-09-24 08:41:39] DEBUG: Assembled disjointig 681
	With 2 reads
	Start read: +ERR1539006.18630
	At position: 2
	leftTip: 0 rightTip: 1
	Suspicious: 1
	Short ext: 1
	Mean extensions: 1
	Avg overlap len: 1448
	Min overlap len: 1448
	Inner reads: 0
	Length: 13909
[2026-09-24 08:41:39] DEBUG: Inner: 14578 covered: 20552 total: 27752
[2026-09-24 08:41:39] DEBUG: Assembled disjointig 682
	With 2 reads
	Start read: +ERR1539006.7340
	At position: 1
	leftTip: 1 rightTip: 0
	Suspicious: 1
	Short ext: 1
	Mean extensions: 1
	Avg overlap len: 1484
	Min overlap len: 1484
	Inner reads: 0
	Length: 12274
[2026-09-24 08:41:39] DEBUG: Inner: 14582 covered: 20620 total: 27752
[2026-09-24 08:41:39] DEBUG: Assembled disjointig 683
	With 2 reads
	Start read: +ERR1539006.14955
	At position: 2
	leftTip: 0 rightTip: 1
	Suspicious: 1
	Short ext: 1
	Mean extensions: 1
	Avg overlap len: 3929
	Min overlap len: 3929
	Inner reads: 0
	Length: 11951
[2026-09-24 08:41:39] DEBUG: Inner: 14586 covered: 20654 total: 27752
[2026-09-24 08:41:39] DEBUG: Assembled disjointig 684
	With 2 reads
	Start read: +ERR1539006.17271
	At position: 2
	leftTip: 0 rightTip: 1
	Suspicious: 1
	Short ext: 1
	Mean extensions: 4
	Avg overlap len: 1553
	Min overlap len: 1553
	Inner reads: 0
	Length: 8763
[2026-09-24 08:41:39] DEBUG: Inner: 14590 covered: 20668 total: 27752
[2026-09-24 08:41:39] DEBUG: Assembled disjointig 685
	With 1 reads
	Start read: +ERR1539006.12486
	At position: 1
	leftTip: 1 rightTip: 1
	Suspicious: 0
	Short ext: 0
	Mean extensions: 0
	Avg overlap len: 0
	Min overlap len: 0
	Inner reads: 0
	Length: 9893
[2026-09-24 08:41:39] DEBUG: Inner: 14594 covered: 20728 total: 27752
[2026-09-24 08:41:39] DEBUG: Assembled disjointig 686
	With 2 reads
	Start read: +ERR1539006.11134
	At position: 2
	leftTip: 1 rightTip: 1
	Suspicious: 1
	Short ext: 1
	Mean extensions: 0
	Avg overlap len: 2375
	Min overlap len: 2375
	Inner reads: 0
	Length: 7232
[2026-09-24 08:41:39] DEBUG: Inner: 14602 covered: 20740 total: 27752
[2026-09-24 08:41:39] DEBUG: Assembled disjointig 687
	With 3 reads
	Start read: +ERR1539006.2359
	At position: 2
	leftTip: 1 rightTip: 1
	Suspicious: 2
	Short ext: 2
	Mean extensions: 2
	Avg overlap len: 1585
	Min overlap len: 1562
	Inner reads: 0
	Length: 20106
[2026-09-24 08:41:39] DEBUG: Inner: 14614 covered: 20754 total: 27752
[2026-09-24 08:41:39] DEBUG: Assembled disjointig 688
	With 2 reads
	Start read: +ERR1539006.15707
	At position: 2
	leftTip: 0 rightTip: 1
	Suspicious: 0
	Short ext: 0
	Mean extensions: 1
	Avg overlap len: 6444
	Min overlap len: 6444
	Inner reads: 0
	Length: 12395
[2026-09-24 08:41:39] DEBUG: Inner: 14618 covered: 20816 total: 27752
[2026-09-24 08:41:39] DEBUG: Assembled disjointig 689
	With 1 reads
	Start read: +ERR1539006.11700
	At position: 1
	leftTip: 1 rightTip: 1
	Suspicious: 0
	Short ext: 0
	Mean extensions: 0
	Avg overlap len: 0
	Min overlap len: 0
	Inner reads: 0
	Length: 11962
[2026-09-24 08:41:39] DEBUG: Inner: 14622 covered: 20849 total: 27752
[2026-09-24 08:41:39] DEBUG: Assembled disjointig 690
	With 1 reads
	Start read: +ERR1539006.14965
	At position: 1
	leftTip: 1 rightTip: 1
	Suspicious: 0
	Short ext: 0
	Mean extensions: 0
	Avg overlap len: 0
	Min overlap len: 0
	Inner reads: 0
	Length: 7323
[2026-09-24 08:41:39] DEBUG: Inner: 14626 covered: 20920 total: 27752
[2026-09-24 08:41:39] DEBUG: Assembled disjointig 691
	With 1 reads
	Start read: +ERR1539006.18522
	At position: 1
	leftTip: 1 rightTip: 1
	Suspicious: 0
	Short ext: 0
	Mean extensions: 0
	Avg overlap len: 0
	Min overlap len: 0
	Inner reads: 0
	Length: 8299
[2026-09-24 08:41:39] DEBUG: Inner: 14630 covered: 20978 total: 27752
[2026-09-24 08:41:39] DEBUG: Assembled disjointig 692
	With 2 reads
	Start read: +ERR1539006.14711
	At position: 2
	leftTip: 1 rightTip: 1
	Suspicious: 1
	Short ext: 1
	Mean extensions: 0
	Avg overlap len: 1241
	Min overlap len: 1241
	Inner reads: 0
	Length: 10614
[2026-09-24 08:41:39] DEBUG: Inner: 14634 covered: 21006 total: 27752
[2026-09-24 08:41:39] DEBUG: Assembled disjointig 693
	With 2 reads
	Start read: +ERR1539006.10131
	At position: 1
	leftTip: 1 rightTip: 0
	Suspicious: 0
	Short ext: 0
	Mean extensions: 1
	Avg overlap len: 5554
	Min overlap len: 5554
	Inner reads: 0
	Length: 11978
[2026-09-24 08:41:39] DEBUG: Inner: 14650 covered: 21046 total: 27752
[2026-09-24 08:41:39] DEBUG: Assembled disjointig 694
	With 2 reads
	Start read: +ERR1539006.13716
	At position: 1
	leftTip: 1 rightTip: 0
	Suspicious: 1
	Short ext: 1
	Mean extensions: 2
	Avg overlap len: 2107
	Min overlap len: 2107
	Inner reads: 0
	Length: 15673
[2026-09-24 08:41:39] DEBUG: Inner: 14656 covered: 21082 total: 27752
[2026-09-24 08:41:39] DEBUG: Assembled disjointig 695
	With 2 reads
	Start read: +ERR1539006.19066
	At position: 1
	leftTip: 1 rightTip: 0
	Suspicious: 0
	Short ext: 0
	Mean extensions: 1
	Avg overlap len: 5491
	Min overlap len: 5491
	Inner reads: 0
	Length: 11359
[2026-09-24 08:41:39] DEBUG: Inner: 14660 covered: 21086 total: 27752
[2026-09-24 08:41:39] DEBUG: Assembled disjointig 696
	With 3 reads
	Start read: +ERR1539006.18600
	At position: 2
	leftTip: 0 rightTip: 1
	Suspicious: 2
	Short ext: 2
	Mean extensions: 1
	Avg overlap len: 2547
	Min overlap len: 1411
	Inner reads: 0
	Length: 20327
[2026-09-24 08:41:39] DEBUG: Inner: 14676 covered: 21105 total: 27752
[2026-09-24 08:41:39] DEBUG: Assembled disjointig 697
	With 3 reads
	Start read: +ERR1539006.10645
	At position: 2
	leftTip: 1 rightTip: 1
	Suspicious: 2
	Short ext: 2
	Mean extensions: 1
	Avg overlap len: 2450
	Min overlap len: 1225
	Inner reads: 0
	Length: 17264
[2026-09-24 08:41:39] DEBUG: Inner: 14684 covered: 21150 total: 27752
[2026-09-24 08:41:39] DEBUG: Assembled disjointig 698
	With 1 reads
	Start read: +ERR1539006.7071
	At position: 1
	leftTip: 1 rightTip: 1
	Suspicious: 0
	Short ext: 0
	Mean extensions: 0
	Avg overlap len: 0
	Min overlap len: 0
	Inner reads: 0
	Length: 7036
[2026-09-24 08:41:39] DEBUG: Inner: 14688 covered: 21176 total: 27752
[2026-09-24 08:41:39] DEBUG: Assembled disjointig 699
	With 2 reads
	Start read: +ERR1539006.12529
	At position: 2
	leftTip: 0 rightTip: 1
	Suspicious: 0
	Short ext: 0
	Mean extensions: 4
	Avg overlap len: 6767
	Min overlap len: 6767
	Inner reads: 0
	Length: 13001
[2026-09-24 08:41:39] DEBUG: Inner: 14694 covered: 21218 total: 27752
[2026-09-24 08:41:39] DEBUG: Assembled disjointig 700
	With 2 reads
	Start read: +ERR1539006.595
	At position: 2
	leftTip: 1 rightTip: 1
	Suspicious: 1
	Short ext: 1
	Mean extensions: 0
	Avg overlap len: 1290
	Min overlap len: 1290
	Inner reads: 0
	Length: 10745
[2026-09-24 08:41:39] DEBUG: Inner: 14700 covered: 21234 total: 27752
[2026-09-24 08:41:39] DEBUG: Assembled disjointig 701
	With 2 reads
	Start read: +ERR1539006.18843
	At position: 2
	leftTip: 0 rightTip: 1
	Suspicious: 1
	Short ext: 1
	Mean extensions: 1
	Avg overlap len: 2593
	Min overlap len: 2593
	Inner reads: 0
	Length: 12025
[2026-09-24 08:41:39] DEBUG: Inner: 14706 covered: 21322 total: 27752
[2026-09-24 08:41:39] DEBUG: Assembled disjointig 702
	With 1 reads
	Start read: +ERR1539006.12281
	At position: 1
	leftTip: 1 rightTip: 1
	Suspicious: 0
	Short ext: 0
	Mean extensions: 0
	Avg overlap len: 0
	Min overlap len: 0
	Inner reads: 0
	Length: 5211
[2026-09-24 08:41:39] DEBUG: Inner: 14708 covered: 21342 total: 27752
[2026-09-24 08:41:39] DEBUG: Assembled disjointig 703
	With 1 reads
	Start read: +ERR1539006.13501
	At position: 1
	leftTip: 1 rightTip: 1
	Suspicious: 0
	Short ext: 0
	Mean extensions: 0
	Avg overlap len: 0
	Min overlap len: 0
	Inner reads: 0
	Length: 6351
[2026-09-24 08:41:39] DEBUG: Inner: 14714 covered: 21426 total: 27752
[2026-09-24 08:41:39] DEBUG: Assembled disjointig 704
	With 3 reads
	Start read: +ERR1539006.9598
	At position: 2
	leftTip: 1 rightTip: 0
	Suspicious: 2
	Short ext: 0
	Mean extensions: 1
	Avg overlap len: 7982
	Min overlap len: 7237
	Inner reads: 0
	Length: 13572
[2026-09-24 08:41:39] DEBUG: Inner: 14724 covered: 21466 total: 27752
[2026-09-24 08:41:39] DEBUG: Assembled disjointig 705
	With 1 reads
	Start read: +ERR1539006.9630
	At position: 1
	leftTip: 1 rightTip: 1
	Suspicious: 0
	Short ext: 0
	Mean extensions: 0
	Avg overlap len: 0
	Min overlap len: 0
	Inner reads: 0
	Length: 7536
[2026-09-24 08:41:39] DEBUG: Inner: 14728 covered: 21616 total: 27752
[2026-09-24 08:41:39] DEBUG: Assembled disjointig 706
	With 2 reads
	Start read: +ERR1539006.13105
	At position: 1
	leftTip: 1 rightTip: 1
	Suspicious: 1
	Short ext: 0
	Mean extensions: 0
	Avg overlap len: 8281
	Min overlap len: 8281
	Inner reads: 0
	Length: 12161
[2026-09-24 08:41:39] DEBUG: Inner: 14736 covered: 21630 total: 27752
[2026-09-24 08:41:39] DEBUG: Assembled disjointig 707
	With 1 reads
	Start read: +ERR1539006.8377
	At position: 1
	leftTip: 1 rightTip: 1
	Suspicious: 0
	Short ext: 0
	Mean extensions: 0
	Avg overlap len: 0
	Min overlap len: 0
	Inner reads: 0
	Length: 4513
[2026-09-24 08:41:39] DEBUG: Inner: 14740 covered: 21646 total: 27752
[2026-09-24 08:41:39] DEBUG: Assembled disjointig 708
	With 1 reads
	Start read: +ERR1539006.8229
	At position: 1
	leftTip: 1 rightTip: 1
	Suspicious: 0
	Short ext: 0
	Mean extensions: 0
	Avg overlap len: 0
	Min overlap len: 0
	Inner reads: 0
	Length: 8320
[2026-09-24 08:41:39] DEBUG: Inner: 14744 covered: 21732 total: 27752
[2026-09-24 08:41:39] DEBUG: Assembled disjointig 709
	With 1 reads
	Start read: +ERR1539006.12232
	At position: 1
	leftTip: 1 rightTip: 1
	Suspicious: 0
	Short ext: 0
	Mean extensions: 0
	Avg overlap len: 0
	Min overlap len: 0
	Inner reads: 0
	Length: 4103
[2026-09-24 08:41:39] DEBUG: Inner: 14748 covered: 21734 total: 27752
[2026-09-24 08:41:39] DEBUG: Assembled disjointig 710
	With 1 reads
	Start read: +ERR1539006.6124
	At position: 1
	leftTip: 1 rightTip: 1
	Suspicious: 0
	Short ext: 0
	Mean extensions: 0
	Avg overlap len: 0
	Min overlap len: 0
	Inner reads: 0
	Length: 5060
[2026-09-24 08:41:39] DEBUG: Inner: 14752 covered: 21820 total: 27752
[2026-09-24 08:41:39] DEBUG: Assembled disjointig 711
	With 2 reads
	Start read: +ERR1539006.11353
	At position: 2
	leftTip: 0 rightTip: 1
	Suspicious: 1
	Short ext: 1
	Mean extensions: 2
	Avg overlap len: 2486
	Min overlap len: 2486
	Inner reads: 0
	Length: 16104
[2026-09-24 08:41:39] DEBUG: Inner: 14758 covered: 21846 total: 27752
[2026-09-24 08:41:39] DEBUG: Assembled disjointig 712
	With 1 reads
	Start read: +ERR1539006.12081
	At position: 1
	leftTip: 1 rightTip: 1
	Suspicious: 0
	Short ext: 0
	Mean extensions: 0
	Avg overlap len: 0
	Min overlap len: 0
	Inner reads: 0
	Length: 4983
[2026-09-24 08:41:39] DEBUG: Inner: 14762 covered: 21886 total: 27752
[2026-09-24 08:41:39] DEBUG: Assembled disjointig 713
	With 2 reads
	Start read: +ERR1539006.12652
	At position: 1
	leftTip: 1 rightTip: 1
	Suspicious: 1
	Short ext: 0
	Mean extensions: 0
	Avg overlap len: 7002
	Min overlap len: 7002
	Inner reads: 0
	Length: 10169
[2026-09-24 08:41:39] DEBUG: Inner: 14770 covered: 21928 total: 27752
[2026-09-24 08:41:39] DEBUG: Assembled disjointig 714
	With 1 reads
	Start read: +ERR1539006.5300
	At position: 1
	leftTip: 1 rightTip: 1
	Suspicious: 0
	Short ext: 0
	Mean extensions: 0
	Avg overlap len: 0
	Min overlap len: 0
	Inner reads: 0
	Length: 4574
[2026-09-24 08:41:39] DEBUG: Inner: 14772 covered: 21948 total: 27752
[2026-09-24 08:41:39] DEBUG: Assembled disjointig 715
	With 3 reads
	Start read: +ERR1539006.13653
	At position: 1
	leftTip: 1 rightTip: 1
	Suspicious: 2
	Short ext: 1
	Mean extensions: 1
	Avg overlap len: 11362
	Min overlap len: 1439
	Inner reads: 0
	Length: 19150
[2026-09-24 08:41:39] DEBUG: Inner: 14782 covered: 21964 total: 27752
[2026-09-24 08:41:39] DEBUG: Assembled disjointig 716
	With 2 reads
	Start read: +ERR1539006.6086
	At position: 2
	leftTip: 0 rightTip: 1
	Suspicious: 1
	Short ext: 1
	Mean extensions: 2
	Avg overlap len: 3160
	Min overlap len: 3160
	Inner reads: 0
	Length: 10430
[2026-09-24 08:41:39] DEBUG: Inner: 14784 covered: 22146 total: 27752
[2026-09-24 08:41:39] DEBUG: Assembled disjointig 717
	With 1 reads
	Start read: +ERR1539006.12041
	At position: 1
	leftTip: 1 rightTip: 1
	Suspicious: 0
	Short ext: 0
	Mean extensions: 0
	Avg overlap len: 0
	Min overlap len: 0
	Inner reads: 0
	Length: 8994
[2026-09-24 08:41:39] DEBUG: Inner: 14788 covered: 22156 total: 27752
[2026-09-24 08:41:39] DEBUG: Assembled disjointig 718
	With 2 reads
	Start read: +ERR1539006.2941
	At position: 2
	leftTip: 0 rightTip: 1
	Suspicious: 1
	Short ext: 1
	Mean extensions: 1
	Avg overlap len: 2150
	Min overlap len: 2150
	Inner reads: 0
	Length: 7085
[2026-09-24 08:41:39] DEBUG: Inner: 14794 covered: 22190 total: 27752
[2026-09-24 08:41:39] DEBUG: Assembled disjointig 719
	With 4 reads
	Start read: +ERR1539006.7865
	At position: 3
	leftTip: 0 rightTip: 1
	Suspicious: 3
	Short ext: 3
	Mean extensions: 5
	Avg overlap len: 3244
	Min overlap len: 2888
	Inner reads: 0
	Length: 13572
[2026-09-24 08:41:39] DEBUG: Inner: 14814 covered: 22232 total: 27752
[2026-09-24 08:41:39] DEBUG: Assembled disjointig 720
	With 1 reads
	Start read: +ERR1539006.12525
	At position: 1
	leftTip: 1 rightTip: 1
	Suspicious: 0
	Short ext: 0
	Mean extensions: 0
	Avg overlap len: 0
	Min overlap len: 0
	Inner reads: 0
	Length: 9378
[2026-09-24 08:41:39] DEBUG: Inner: 14818 covered: 22236 total: 27752
[2026-09-24 08:41:39] DEBUG: Assembled disjointig 721
	With 2 reads
	Start read: +ERR1539006.15004
	At position: 1
	leftTip: 1 rightTip: 1
	Suspicious: 1
	Short ext: 1
	Mean extensions: 0
	Avg overlap len: 1107
	Min overlap len: 1107
	Inner reads: 0
	Length: 10110
[2026-09-24 08:41:39] DEBUG: Inner: 14826 covered: 22262 total: 27752
[2026-09-24 08:41:39] DEBUG: Assembled disjointig 722
	With 1 reads
	Start read: +ERR1539006.14499
	At position: 1
	leftTip: 1 rightTip: 1
	Suspicious: 0
	Short ext: 0
	Mean extensions: 0
	Avg overlap len: 0
	Min overlap len: 0
	Inner reads: 0
	Length: 6819
[2026-09-24 08:41:39] DEBUG: Inner: 14830 covered: 22316 total: 27752
[2026-09-24 08:41:39] DEBUG: Assembled disjointig 723
	With 1 reads
	Start read: +ERR1539006.10209
	At position: 1
	leftTip: 1 rightTip: 1
	Suspicious: 0
	Short ext: 0
	Mean extensions: 0
	Avg overlap len: 0
	Min overlap len: 0
	Inner reads: 0
	Length: 4815
[2026-09-24 08:41:39] DEBUG: Inner: 14836 covered: 22332 total: 27752
[2026-09-24 08:41:39] DEBUG: Assembled disjointig 724
	With 3 reads
	Start read: +ERR1539006.2136
	At position: 1
	leftTip: 1 rightTip: 0
	Suspicious: 1
	Short ext: 1
	Mean extensions: 1
	Avg overlap len: 7180
	Min overlap len: 3864
	Inner reads: 0
	Length: 17635
[2026-09-24 08:41:39] DEBUG: Inner: 14840 covered: 22348 total: 27752
[2026-09-24 08:41:39] DEBUG: Assembled disjointig 725
	With 1 reads
	Start read: +ERR1539006.16735
	At position: 1
	leftTip: 1 rightTip: 1
	Suspicious: 0
	Short ext: 0
	Mean extensions: 0
	Avg overlap len: 0
	Min overlap len: 0
	Inner reads: 0
	Length: 5775
[2026-09-24 08:41:39] DEBUG: Inner: 14846 covered: 22362 total: 27752
[2026-09-24 08:41:39] DEBUG: Assembled disjointig 726
	With 1 reads
	Start read: +ERR1539006.14813
	At position: 1
	leftTip: 1 rightTip: 1
	Suspicious: 0
	Short ext: 0
	Mean extensions: 0
	Avg overlap len: 0
	Min overlap len: 0
	Inner reads: 0
	Length: 6580
[2026-09-24 08:41:39] DEBUG: Inner: 14850 covered: 22386 total: 27752
[2026-09-24 08:41:39] DEBUG: Assembled disjointig 727
	With 1 reads
	Start read: +ERR1539006.12037
	At position: 1
	leftTip: 1 rightTip: 1
	Suspicious: 0
	Short ext: 0
	Mean extensions: 1
	Avg overlap len: 0
	Min overlap len: 0
	Inner reads: 0
	Length: 4236
[2026-09-24 08:41:39] DEBUG: Inner: 14854 covered: 22470 total: 27752
[2026-09-24 08:41:39] DEBUG: Assembled disjointig 728
	With 1 reads
	Start read: +ERR1539006.13839
	At position: 1
	leftTip: 1 rightTip: 1
	Suspicious: 0
	Short ext: 0
	Mean extensions: 0
	Avg overlap len: 0
	Min overlap len: 0
	Inner reads: 0
	Length: 5347
[2026-09-24 08:41:39] DEBUG: Inner: 14858 covered: 22646 total: 27752
[2026-09-24 08:41:39] DEBUG: Assembled disjointig 729
	With 3 reads
	Start read: +ERR1539006.11389
	At position: 1
	leftTip: 1 rightTip: 0
	Suspicious: 2
	Short ext: 1
	Mean extensions: 1
	Avg overlap len: 7572
	Min overlap len: 3072
	Inner reads: 0
	Length: 16358
[2026-09-24 08:41:39] DEBUG: Inner: 14868 covered: 22660 total: 27752
[2026-09-24 08:41:39] DEBUG: Assembled disjointig 730
	With 3 reads
	Start read: +ERR1539006.16464
	At position: 3
	leftTip: 0 rightTip: 1
	Suspicious: 2
	Short ext: 2
	Mean extensions: 1
	Avg overlap len: 3415
	Min overlap len: 1246
	Inner reads: 0
	Length: 19378
[2026-09-24 08:41:39] DEBUG: Inner: 14880 covered: 22692 total: 27752
[2026-09-24 08:41:39] DEBUG: Assembled disjointig 731
	With 2 reads
	Start read: +ERR1539006.10529
	At position: 2
	leftTip: 1 rightTip: 1
	Suspicious: 1
	Short ext: 1
	Mean extensions: 0
	Avg overlap len: 2303
	Min overlap len: 2303
	Inner reads: 0
	Length: 10506
[2026-09-24 08:41:39] DEBUG: Inner: 14884 covered: 22706 total: 27752
[2026-09-24 08:41:39] DEBUG: Assembled disjointig 732
	With 1 reads
	Start read: +ERR1539006.4871
	At position: 1
	leftTip: 1 rightTip: 1
	Suspicious: 0
	Short ext: 0
	Mean extensions: 0
	Avg overlap len: 0
	Min overlap len: 0
	Inner reads: 0
	Length: 8573
[2026-09-24 08:41:39] DEBUG: Inner: 14888 covered: 22758 total: 27752
[2026-09-24 08:41:39] DEBUG: Assembled disjointig 733
	With 1 reads
	Start read: +ERR1539006.11559
	At position: 1
	leftTip: 1 rightTip: 1
	Suspicious: 0
	Short ext: 0
	Mean extensions: 0
	Avg overlap len: 0
	Min overlap len: 0
	Inner reads: 0
	Length: 7038
[2026-09-24 08:41:39] DEBUG: Inner: 14892 covered: 22776 total: 27752
[2026-09-24 08:41:39] DEBUG: Assembled disjointig 734
	With 2 reads
	Start read: +ERR1539006.2651
	At position: 1
	leftTip: 1 rightTip: 0
	Suspicious: 0
	Short ext: 0
	Mean extensions: 1
	Avg overlap len: 4523
	Min overlap len: 4523
	Inner reads: 0
	Length: 12236
[2026-09-24 08:41:39] DEBUG: Inner: 14902 covered: 22780 total: 27752
[2026-09-24 08:41:39] DEBUG: Assembled disjointig 735
	With 3 reads
	Start read: +ERR1539006.13150
	At position: 2
	leftTip: 1 rightTip: 1
	Suspicious: 2
	Short ext: 2
	Mean extensions: 1
	Avg overlap len: 2813
	Min overlap len: 1339
	Inner reads: 0
	Length: 14231
[2026-09-24 08:41:39] DEBUG: Inner: 14912 covered: 22799 total: 27752
[2026-09-24 08:41:39] DEBUG: Assembled disjointig 736
	With 2 reads
	Start read: +ERR1539006.12387
	At position: 2
	leftTip: 0 rightTip: 1
	Suspicious: 1
	Short ext: 1
	Mean extensions: 1
	Avg overlap len: 1166
	Min overlap len: 1166
	Inner reads: 0
	Length: 8908
[2026-09-24 08:41:39] DEBUG: Inner: 14916 covered: 22960 total: 27752
[2026-09-24 08:41:39] DEBUG: Assembled disjointig 737
	With 2 reads
	Start read: +ERR1539006.18644
	At position: 1
	leftTip: 1 rightTip: 1
	Suspicious: 1
	Short ext: 1
	Mean extensions: 0
	Avg overlap len: 1632
	Min overlap len: 1632
	Inner reads: 0
	Length: 18175
[2026-09-24 08:41:39] DEBUG: Inner: 14920 covered: 23004 total: 27752
[2026-09-24 08:41:39] DEBUG: Assembled disjointig 738
	With 3 reads
	Start read: +ERR1539006.9402
	At position: 3
	leftTip: 0 rightTip: 1
	Suspicious: 2
	Short ext: 2
	Mean extensions: 1
	Avg overlap len: 2499
	Min overlap len: 1138
	Inner reads: 0
	Length: 25445
[2026-09-24 08:41:39] DEBUG: Inner: 14926 covered: 23206 total: 27752
[2026-09-24 08:41:39] DEBUG: Assembled disjointig 739
	With 1 reads
	Start read: +ERR1539006.9862
	At position: 1
	leftTip: 1 rightTip: 1
	Suspicious: 0
	Short ext: 0
	Mean extensions: 0
	Avg overlap len: 0
	Min overlap len: 0
	Inner reads: 0
	Length: 7377
[2026-09-24 08:41:39] DEBUG: Inner: 14930 covered: 23214 total: 27752
[2026-09-24 08:41:39] DEBUG: Assembled disjointig 740
	With 2 reads
	Start read: +ERR1539006.7558
	At position: 1
	leftTip: 1 rightTip: 0
	Suspicious: 1
	Short ext: 0
	Mean extensions: 1
	Avg overlap len: 5254
	Min overlap len: 5254
	Inner reads: 0
	Length: 10726
[2026-09-24 08:41:39] DEBUG: Inner: 14934 covered: 23284 total: 27752
[2026-09-24 08:41:39] DEBUG: Assembled disjointig 741
	With 4 reads
	Start read: +ERR1539006.6893
	At position: 2
	leftTip: 0 rightTip: 0
	Suspicious: 3
	Short ext: 2
	Mean extensions: 2
	Avg overlap len: 3693
	Min overlap len: 2982
	Inner reads: 0
	Length: 12918
[2026-09-24 08:41:39] DEBUG: Inner: 14938 covered: 23292 total: 27752
[2026-09-24 08:41:39] DEBUG: Assembled disjointig 742
	With 1 reads
	Start read: +ERR1539006.15162
	At position: 1
	leftTip: 1 rightTip: 1
	Suspicious: 0
	Short ext: 0
	Mean extensions: 0
	Avg overlap len: 0
	Min overlap len: 0
	Inner reads: 0
	Length: 4622
[2026-09-24 08:41:39] DEBUG: Inner: 14942 covered: 23307 total: 27752
[2026-09-24 08:41:39] DEBUG: Assembled disjointig 743
	With 2 reads
	Start read: +ERR1539006.5774
	At position: 1
	leftTip: 1 rightTip: 0
	Suspicious: 1
	Short ext: 1
	Mean extensions: 1
	Avg overlap len: 1051
	Min overlap len: 1051
	Inner reads: 0
	Length: 10057
[2026-09-24 08:41:39] DEBUG: Inner: 14946 covered: 23354 total: 27752
[2026-09-24 08:41:39] DEBUG: Assembled disjointig 744
	With 2 reads
	Start read: +ERR1539006.8433
	At position: 1
	leftTip: 1 rightTip: 0
	Suspicious: 1
	Short ext: 1
	Mean extensions: 1
	Avg overlap len: 1304
	Min overlap len: 1304
	Inner reads: 0
	Length: 11072
[2026-09-24 08:41:39] DEBUG: Inner: 14948 covered: 23408 total: 27752
[2026-09-24 08:41:39] DEBUG: Assembled disjointig 745
	With 1 reads
	Start read: +ERR1539006.12803
	At position: 1
	leftTip: 1 rightTip: 1
	Suspicious: 0
	Short ext: 0
	Mean extensions: 0
	Avg overlap len: 0
	Min overlap len: 0
	Inner reads: 0
	Length: 11506
[2026-09-24 08:41:39] DEBUG: Inner: 14950 covered: 23426 total: 27752
[2026-09-24 08:41:39] DEBUG: Assembled disjointig 746
	With 2 reads
	Start read: +ERR1539006.11584
	At position: 2
	leftTip: 1 rightTip: 1
	Suspicious: 1
	Short ext: 0
	Mean extensions: 0
	Avg overlap len: 4321
	Min overlap len: 4321
	Inner reads: 0
	Length: 7034
[2026-09-24 08:41:39] DEBUG: Inner: 14958 covered: 23430 total: 27752
[2026-09-24 08:41:39] DEBUG: Assembled disjointig 747
	With 1 reads
	Start read: +ERR1539006.19130
	At position: 1
	leftTip: 1 rightTip: 1
	Suspicious: 0
	Short ext: 0
	Mean extensions: 0
	Avg overlap len: 0
	Min overlap len: 0
	Inner reads: 0
	Length: 6187
[2026-09-24 08:41:39] DEBUG: Inner: 14962 covered: 23609 total: 27752
[2026-09-24 08:41:39] DEBUG: Assembled disjointig 748
	With 2 reads
	Start read: +ERR1539006.11798
	At position: 2
	leftTip: 1 rightTip: 1
	Suspicious: 1
	Short ext: 1
	Mean extensions: 0
	Avg overlap len: 1158
	Min overlap len: 1158
	Inner reads: 0
	Length: 11013
[2026-09-24 08:41:39] DEBUG: Inner: 14966 covered: 23612 total: 27752
[2026-09-24 08:41:39] DEBUG: Assembled disjointig 749
	With 2 reads
	Start read: +ERR1539006.10979
	At position: 2
	leftTip: 0 rightTip: 1
	Suspicious: 1
	Short ext: 1
	Mean extensions: 1
	Avg overlap len: 2568
	Min overlap len: 2568
	Inner reads: 0
	Length: 6721
[2026-09-24 08:41:39] DEBUG: Inner: 14970 covered: 23640 total: 27752
[2026-09-24 08:41:39] DEBUG: Assembled disjointig 750
	With 1 reads
	Start read: +ERR1539006.17300
	At position: 1
	leftTip: 1 rightTip: 1
	Suspicious: 0
	Short ext: 0
	Mean extensions: 0
	Avg overlap len: 0
	Min overlap len: 0
	Inner reads: 0
	Length: 8767
[2026-09-24 08:41:39] DEBUG: Inner: 14974 covered: 23678 total: 27752
[2026-09-24 08:41:39] DEBUG: Assembled disjointig 751
	With 1 reads
	Start read: +ERR1539006.5829
	At position: 1
	leftTip: 1 rightTip: 1
	Suspicious: 0
	Short ext: 0
	Mean extensions: 0
	Avg overlap len: 0
	Min overlap len: 0
	Inner reads: 0
	Length: 5991
[2026-09-24 08:41:39] DEBUG: Inner: 14978 covered: 23702 total: 27752
[2026-09-24 08:41:39] DEBUG: Assembled disjointig 752
	With 1 reads
	Start read: +ERR1539006.5536
	At position: 1
	leftTip: 1 rightTip: 1
	Suspicious: 0
	Short ext: 0
	Mean extensions: 0
	Avg overlap len: 0
	Min overlap len: 0
	Inner reads: 0
	Length: 8094
[2026-09-24 08:41:39] DEBUG: Inner: 14982 covered: 23782 total: 27752
[2026-09-24 08:41:39] DEBUG: Assembled disjointig 753
	With 1 reads
	Start read: +ERR1539006.16773
	At position: 1
	leftTip: 1 rightTip: 1
	Suspicious: 0
	Short ext: 0
	Mean extensions: 0
	Avg overlap len: 0
	Min overlap len: 0
	Inner reads: 0
	Length: 4949
[2026-09-24 08:41:39] DEBUG: Inner: 14986 covered: 23809 total: 27752
[2026-09-24 08:41:39] DEBUG: Assembled disjointig 754
	With 1 reads
	Start read: +ERR1539006.3601
	At position: 1
	leftTip: 1 rightTip: 1
	Suspicious: 0
	Short ext: 0
	Mean extensions: 0
	Avg overlap len: 0
	Min overlap len: 0
	Inner reads: 0
	Length: 6431
[2026-09-24 08:41:39] DEBUG: Inner: 14990 covered: 23854 total: 27752
[2026-09-24 08:41:39] DEBUG: Assembled disjointig 755
	With 4 reads
	Start read: +ERR1539006.12673
	At position: 3
	leftTip: 0 rightTip: 1
	Suspicious: 1
	Short ext: 0
	Mean extensions: 2
	Avg overlap len: 5102
	Min overlap len: 4960
	Inner reads: 0
	Length: 16213
[2026-09-24 08:41:39] DEBUG: Inner: 15000 covered: 24134 total: 27752
[2026-09-24 08:41:39] DEBUG: Assembled disjointig 756
	With 2 reads
	Start read: +ERR1539006.2087
	At position: 1
	leftTip: 1 rightTip: 1
	Suspicious: 1
	Short ext: 1
	Mean extensions: 0
	Avg overlap len: 1111
	Min overlap len: 1111
	Inner reads: 0
	Length: 10284
[2026-09-24 08:41:39] DEBUG: Inner: 15008 covered: 24194 total: 27752
[2026-09-24 08:41:39] DEBUG: Assembled disjointig 757
	With 1 reads
	Start read: +ERR1539006.9201
	At position: 1
	leftTip: 1 rightTip: 1
	Suspicious: 0
	Short ext: 0
	Mean extensions: 0
	Avg overlap len: 0
	Min overlap len: 0
	Inner reads: 0
	Length: 7665
[2026-09-24 08:41:39] DEBUG: Inner: 15012 covered: 24220 total: 27752
[2026-09-24 08:41:39] DEBUG: Assembled disjointig 758
	With 1 reads
	Start read: +ERR1539006.6529
	At position: 1
	leftTip: 1 rightTip: 1
	Suspicious: 0
	Short ext: 0
	Mean extensions: 0
	Avg overlap len: 0
	Min overlap len: 0
	Inner reads: 0
	Length: 9073
[2026-09-24 08:41:39] DEBUG: Inner: 15016 covered: 24284 total: 27752
[2026-09-24 08:41:39] DEBUG: Assembled disjointig 759
	With 1 reads
	Start read: +ERR1539006.7624
	At position: 1
	leftTip: 1 rightTip: 1
	Suspicious: 0
	Short ext: 0
	Mean extensions: 0
	Avg overlap len: 0
	Min overlap len: 0
	Inner reads: 0
	Length: 8371
[2026-09-24 08:41:39] DEBUG: Inner: 15020 covered: 24392 total: 27752
[2026-09-24 08:41:39] DEBUG: Assembled disjointig 760
	With 1 reads
	Start read: +ERR1539006.5292
	At position: 1
	leftTip: 1 rightTip: 1
	Suspicious: 0
	Short ext: 0
	Mean extensions: 0
	Avg overlap len: 0
	Min overlap len: 0
	Inner reads: 0
	Length: 8020
[2026-09-24 08:41:39] DEBUG: Inner: 15024 covered: 24436 total: 27752
[2026-09-24 08:41:39] DEBUG: Assembled disjointig 761
	With 2 reads
	Start read: +ERR1539006.1089
	At position: 1
	leftTip: 1 rightTip: 0
	Suspicious: 1
	Short ext: 1
	Mean extensions: 2
	Avg overlap len: 3405
	Min overlap len: 3405
	Inner reads: 0
	Length: 9536
[2026-09-24 08:41:39] DEBUG: Inner: 15030 covered: 24458 total: 27752
[2026-09-24 08:41:40] DEBUG: Assembled disjointig 762
	With 1 reads
	Start read: +ERR1539006.10905
	At position: 1
	leftTip: 1 rightTip: 1
	Suspicious: 0
	Short ext: 0
	Mean extensions: 0
	Avg overlap len: 0
	Min overlap len: 0
	Inner reads: 0
	Length: 13054
[2026-09-24 08:41:40] DEBUG: Inner: 15034 covered: 24486 total: 27752
[2026-09-24 08:41:40] DEBUG: Assembled disjointig 763
	With 1 reads
	Start read: +ERR1539006.6649
	At position: 1
	leftTip: 1 rightTip: 1
	Suspicious: 0
	Short ext: 0
	Mean extensions: 0
	Avg overlap len: 0
	Min overlap len: 0
	Inner reads: 0
	Length: 4062
[2026-09-24 08:41:40] DEBUG: Inner: 15038 covered: 24692 total: 27752
[2026-09-24 08:41:40] DEBUG: Assembled disjointig 764
	With 3 reads
	Start read: +ERR1539006.17436
	At position: 1
	leftTip: 1 rightTip: 0
	Suspicious: 2
	Short ext: 1
	Mean extensions: 1
	Avg overlap len: 5510
	Min overlap len: 1338
	Inner reads: 0
	Length: 16389
[2026-09-24 08:41:40] DEBUG: Inner: 15042 covered: 24842 total: 27752
[2026-09-24 08:41:40] DEBUG: Assembled disjointig 765
	With 4 reads
	Start read: +ERR1539006.8254
	At position: 2
	leftTip: 0 rightTip: 0
	Suspicious: 3
	Short ext: 3
	Mean extensions: 1
	Avg overlap len: 3246
	Min overlap len: 2037
	Inner reads: 0
	Length: 15155
[2026-09-24 08:41:40] DEBUG: Inner: 15048 covered: 25206 total: 27752
[2026-09-24 08:41:40] DEBUG: Assembled disjointig 766
	With 4 reads
	Start read: +ERR1539006.3223
	At position: 2
	leftTip: 0 rightTip: 0
	Suspicious: 1
	Short ext: 1
	Mean extensions: 3
	Avg overlap len: 4509
	Min overlap len: 3845
	Inner reads: 0
	Length: 15833
[2026-09-24 08:41:40] DEBUG: Inner: 15056 covered: 25336 total: 27752
[2026-09-24 08:41:40] DEBUG: Assembled disjointig 767
	With 2 reads
	Start read: +ERR1539006.19299
	At position: 1
	leftTip: 1 rightTip: 0
	Suspicious: 1
	Short ext: 1
	Mean extensions: 1
	Avg overlap len: 1315
	Min overlap len: 1315
	Inner reads: 0
	Length: 15328
[2026-09-24 08:41:40] DEBUG: Inner: 15060 covered: 25446 total: 27752
[2026-09-24 08:41:40] DEBUG: Assembled disjointig 768
	With 3 reads
	Start read: +ERR1539006.13158
	At position: 2
	leftTip: 1 rightTip: 0
	Suspicious: 1
	Short ext: 1
	Mean extensions: 1
	Avg overlap len: 6331
	Min overlap len: 3825
	Inner reads: 0
	Length: 22722
[2026-09-24 08:41:40] DEBUG: Inner: 15064 covered: 25466 total: 27752
[2026-09-24 08:41:40] DEBUG: Assembled disjointig 769
	With 2 reads
	Start read: +ERR1539006.18152
	At position: 1
	leftTip: 1 rightTip: 1
	Suspicious: 1
	Short ext: 1
	Mean extensions: 0
	Avg overlap len: 1447
	Min overlap len: 1447
	Inner reads: 0
	Length: 11894
[2026-09-24 08:41:40] DEBUG: Inner: 15070 covered: 25502 total: 27752
[2026-09-24 08:41:40] DEBUG: Assembled disjointig 770
	With 2 reads
	Start read: +ERR1539006.800
	At position: 1
	leftTip: 1 rightTip: 1
	Suspicious: 1
	Short ext: 1
	Mean extensions: 1
	Avg overlap len: 3986
	Min overlap len: 3986
	Inner reads: 0
	Length: 12277
[2026-09-24 08:41:40] DEBUG: Inner: 15074 covered: 25546 total: 27752
[2026-09-24 08:41:40] DEBUG: Assembled disjointig 771
	With 1 reads
	Start read: +ERR1539006.9059
	At position: 1
	leftTip: 1 rightTip: 1
	Suspicious: 0
	Short ext: 0
	Mean extensions: 0
	Avg overlap len: 0
	Min overlap len: 0
	Inner reads: 0
	Length: 9690
[2026-09-24 08:41:40] DEBUG: Inner: 15078 covered: 25590 total: 27752
[2026-09-24 08:41:40] DEBUG: Assembled disjointig 772
	With 3 reads
	Start read: +ERR1539006.18934
	At position: 2
	leftTip: 0 rightTip: 0
	Suspicious: 1
	Short ext: 1
	Mean extensions: 2
	Avg overlap len: 6592
	Min overlap len: 1402
	Inner reads: 0
	Length: 13861
[2026-09-24 08:41:40] DEBUG: Inner: 15088 covered: 25592 total: 27752
[2026-09-24 08:41:40] DEBUG: Assembled disjointig 773
	With 2 reads
	Start read: +ERR1539006.3177
	At position: 2
	leftTip: 0 rightTip: 1
	Suspicious: 1
	Short ext: 0
	Mean extensions: 1
	Avg overlap len: 5052
	Min overlap len: 5052
	Inner reads: 0
	Length: 13531
[2026-09-24 08:41:40] DEBUG: Inner: 15094 covered: 25816 total: 27752
[2026-09-24 08:41:40] DEBUG: Assembled disjointig 774
	With 1 reads
	Start read: +ERR1539006.5263
	At position: 1
	leftTip: 1 rightTip: 1
	Suspicious: 0
	Short ext: 0
	Mean extensions: 0
	Avg overlap len: 0
	Min overlap len: 0
	Inner reads: 0
	Length: 7091
[2026-09-24 08:41:40] DEBUG: Inner: 15098 covered: 26132 total: 27752
[2026-09-24 08:41:40] DEBUG: Assembled disjointig 775
	With 3 reads
	Start read: +ERR1539006.7515
	At position: 2
	leftTip: 0 rightTip: 1
	Suspicious: 2
	Short ext: 2
	Mean extensions: 1
	Avg overlap len: 3486
	Min overlap len: 1638
	Inner reads: 0
	Length: 18474
[2026-09-24 08:41:40] DEBUG: Inner: 15102 covered: 26212 total: 27752
[2026-09-24 08:41:40] DEBUG: Assembled disjointig 776
	With 1 reads
	Start read: +ERR1539006.19188
	At position: 1
	leftTip: 1 rightTip: 1
	Suspicious: 0
	Short ext: 0
	Mean extensions: 0
	Avg overlap len: 0
	Min overlap len: 0
	Inner reads: 0
	Length: 6372
[2026-09-24 08:41:40] DEBUG: Inner: 15104 covered: 26388 total: 27752
[2026-09-24 08:41:40] DEBUG: Assembled disjointig 777
	With 1 reads
	Start read: +ERR1539006.2024
	At position: 1
	leftTip: 1 rightTip: 1
	Suspicious: 0
	Short ext: 0
	Mean extensions: 0
	Avg overlap len: 0
	Min overlap len: 0
	Inner reads: 0
	Length: 6782
[2026-09-24 08:41:40] DEBUG: Inner: 15108 covered: 26686 total: 27752
[2026-09-24 08:41:40] DEBUG: Assembled disjointig 778
	With 2 reads
	Start read: +ERR1539006.5912
	At position: 1
	leftTip: 1 rightTip: 1
	Suspicious: 1
	Short ext: 1
	Mean extensions: 0
	Avg overlap len: 1293
	Min overlap len: 1293
	Inner reads: 0
	Length: 7467
[2026-09-24 08:41:40] DEBUG: Inner: 15112 covered: 26732 total: 27752
[2026-09-24 08:41:41] INFO: Assembled 778 disjointigs
[2026-09-24 08:41:41] INFO: Generating sequence
[2026-09-24 08:41:41] DEBUG: Building positional index
[2026-09-24 08:41:41] DEBUG: Total sequence: 13974959 bp
[2026-09-24 08:41:42] DEBUG: Mean k-mer frequency: 1.05479
[2026-09-24 08:41:42] DEBUG: Repetitive k-mer frequency: 105
[2026-09-24 08:41:42] DEBUG: Filtered 123 repetitive k-mers (8.80979e-06)
[2026-09-24 08:41:42] DEBUG: Sorting k-mer index
[2026-09-24 08:41:42] DEBUG: Selected k-mers: 13236488
[2026-09-24 08:41:42] DEBUG: K-mer index size: 13961610
[2026-09-24 08:41:42] DEBUG: Mean k-mer frequency: 1.05478
[2026-09-24 08:41:42] DEBUG: Minimizer rate: 1.00096
[2026-09-24 08:41:42] INFO: Filtering contained disjointigs
[2026-09-24 08:41:43] DEBUG: Computing transitive closure for overlaps
[2026-09-24 08:41:43] DEBUG: Found 944 overlaps
[2026-09-24 08:41:43] DEBUG: Left 384 overlaps after filtering
[2026-09-24 08:41:43] INFO: Contained seqs: 41
[2026-09-24 08:41:43] DEBUG: Writing FASTA
[2026-09-24 08:41:43] DEBUG: Peak RAM usage: 6 Gb
-----------End assembly log------------
[2026-09-24 08:41:43] root: DEBUG: Disjointigs length: 13589072, N50: 24701
[2026-09-24 08:41:43] root: INFO: >>>STAGE: consensus
[2026-09-24 08:41:43] root: INFO: Running Minimap2
[2026-09-24 08:41:55] root: INFO: Computing consensus
[2026-09-24 08:42:06] root: INFO: Alignment error rate: 0.251024
[2026-09-24 08:42:06] root: INFO: >>>STAGE: repeat
[2026-09-24 08:42:06] root: INFO: Building and resolving repeat graph
[2026-09-24 08:42:06] root: DEBUG: -----Begin repeat analyser log------
[2026-09-24 08:42:06] root: DEBUG: Running: flye-modules repeat --disjointigs /Users/alee083/outputs/flye_output/10-consensus/consensus.fasta --reads /Users/alee083/data/ERR1539006.fastq.gz --out-dir /Users/alee083/outputs/flye_output/20-repeat --config /Users/alee083/miniconda3/envs/flye-env/lib/python3.10/site-packages/flye/config/bin_cfg/asm_raw_reads.cfg --log /Users/alee083/outputs/flye_output/flye.log --threads 8 --min-ovlp 4000
[2026-09-24 08:42:06] DEBUG: Build date: Apr 13 2026 04:09:08
[2026-09-24 08:42:06] DEBUG: Total RAM: 16 Gb
[2026-09-24 08:42:06] DEBUG: Available RAM: 0 Gb
[2026-09-24 08:42:06] DEBUG: Total CPUs: 8
[2026-09-24 08:42:06] DEBUG: Loading /Users/alee083/miniconda3/envs/flye-env/lib/python3.10/site-packages/flye/config/bin_cfg/asm_raw_reads.cfg
[2026-09-24 08:42:06] DEBUG: Loading /Users/alee083/miniconda3/envs/flye-env/lib/python3.10/site-packages/flye/config/bin_cfg/asm_defaults.cfg
[2026-09-24 08:42:06] DEBUG: 	big_genome_threshold=29000000
[2026-09-24 08:42:06] DEBUG: 	meta_read_filter_kmer_freq=100
[2026-09-24 08:42:06] DEBUG: 	chain_large_gap_penalty=2
[2026-09-24 08:42:06] DEBUG: 	chain_small_gap_penalty=0.5
[2026-09-24 08:42:06] DEBUG: 	chain_gap_jump_threshold=100
[2026-09-24 08:42:06] DEBUG: 	max_jump_gap=500
[2026-09-24 08:42:06] DEBUG: 	max_coverage_drop_rate=5
[2026-09-24 08:42:06] DEBUG: 	max_extensions_drop_rate=5
[2026-09-24 08:42:06] DEBUG: 	chimera_window=100
[2026-09-24 08:42:06] DEBUG: 	chimera_overhang=1000
[2026-09-24 08:42:06] DEBUG: 	min_reads_in_disjointig=4
[2026-09-24 08:42:06] DEBUG: 	max_inner_reads=10
[2026-09-24 08:42:06] DEBUG: 	max_inner_fraction=0.25
[2026-09-24 08:42:06] DEBUG: 	aggressive_dup_filter=1
[2026-09-24 08:42:06] DEBUG: 	max_separation=500
[2026-09-24 08:42:06] DEBUG: 	unique_edge_length=50000
[2026-09-24 08:42:06] DEBUG: 	min_repeat_res_support=0.51
[2026-09-24 08:42:06] DEBUG: 	out_paths_ratio=5
[2026-09-24 08:42:06] DEBUG: 	graph_cov_drop_rate=5
[2026-09-24 08:42:06] DEBUG: 	coverage_estimate_window=100
[2026-09-24 08:42:06] DEBUG: 	max_bubble_length=50000
[2026-09-24 08:42:06] DEBUG: 	loop_coverage_rate=1.5
[2026-09-24 08:42:06] DEBUG: 	repeat_edge_cov_mult=1.75
[2026-09-24 08:42:06] DEBUG: 	weak_detach_rate=5
[2026-09-24 08:42:06] DEBUG: 	tip_coverage_rate=2
[2026-09-24 08:42:06] DEBUG: 	tip_length_rate=2
[2026-09-24 08:42:06] DEBUG: 	output_gfa_before_rr=1
[2026-09-24 08:42:06] DEBUG: 	remove_alt_edges=0
[2026-09-24 08:42:06] DEBUG: 	low_cutoff_warning=1
[2026-09-24 08:42:06] DEBUG: 	kmer_size=17
[2026-09-24 08:42:06] DEBUG: 	use_minimizers=0
[2026-09-24 08:42:06] DEBUG: 	reads_base_alignment=0
[2026-09-24 08:42:06] DEBUG: 	meta_read_top_kmer_rate=0.40
[2026-09-24 08:42:06] DEBUG: 	maximum_jump=1500
[2026-09-24 08:42:06] DEBUG: 	maximum_overhang=1500
[2026-09-24 08:42:06] DEBUG: 	repeat_kmer_rate=100
[2026-09-24 08:42:06] DEBUG: 	assemble_ovlp_divergence=0.10
[2026-09-24 08:42:06] DEBUG: 	assemble_divergence_relative=1
[2026-09-24 08:42:06] DEBUG: 	repeat_graph_ovlp_divergence=0.08
[2026-09-24 08:42:06] DEBUG: 	read_align_ovlp_divergence=0.25
[2026-09-24 08:42:06] DEBUG: 	hpc_scoring_on=0
[2026-09-24 08:42:06] DEBUG: 	add_unassembled_reads=0
[2026-09-24 08:42:06] DEBUG: 	extend_contigs_with_repeats=0
[2026-09-24 08:42:06] DEBUG: 	min_read_cov_cutoff=3
[2026-09-24 08:42:06] DEBUG: 	short_tip_length=20000
[2026-09-24 08:42:06] DEBUG: 	long_tip_length=100000
[2026-09-24 08:42:06] DEBUG: Running with k-mer size: 17
[2026-09-24 08:42:06] DEBUG: Selected minimum overlap 4000
[2026-09-24 08:42:06] DEBUG: Metagenome mode: N
[2026-09-24 08:42:06] INFO: Parsing disjointigs
[2026-09-24 08:42:06] DEBUG: Building positional index
[2026-09-24 08:42:06] DEBUG: Total sequence: 13113270 bp
[2026-09-24 08:42:06] INFO: Building repeat graph
[2026-09-24 08:42:06] DEBUG: Mean k-mer frequency: 1.01769
[2026-09-24 08:42:06] DEBUG: Repetitive k-mer frequency: 101
[2026-09-24 08:42:06] DEBUG: Filtered 0 repetitive k-mers (0)
[2026-09-24 08:42:07] DEBUG: Sorting k-mer index
[2026-09-24 08:42:07] DEBUG: Selected k-mers: 12872994
[2026-09-24 08:42:07] DEBUG: K-mer index size: 13100741
[2026-09-24 08:42:07] DEBUG: Mean k-mer frequency: 1.01769
[2026-09-24 08:42:07] DEBUG: Minimizer rate: 1.00096
[2026-09-24 08:42:09] DEBUG: Computing transitive closure for overlaps
[2026-09-24 08:42:09] DEBUG: Found 18 overlaps
[2026-09-24 08:42:09] DEBUG: Left 8 overlaps after filtering
[2026-09-24 08:42:09] INFO: Median overlap divergence: 0.262192
[2026-09-24 08:42:09] DEBUG: Sequence divergence distribution: 

    |                |                                                *                                  
    |                |                                                *                                  
    |                |                                        *       *                                  
    |                |                            *           *    *  **                                 
    |                |                           **           *    *  **                                 
    |                |                           **          **    * ***                                 
    |                |                           **          **    * ***                                 
    |                |                           ** *   *    **    * ****                                
    |                |                   *    *  ** *   **   **    * ****                                
    |                |                   *    ** ** *  ***   **    ******                                
    |                |                   **   ***** * *****  **  * ******  *                             
    |                |               *   **  ****** * *****  **  * ******  *                             
    |                |               *   ** **************** **  * ******  *                             
    |                |               *   ** **************** **  * ******  *                             
    |                |            *  *  *** **************** ************  *                             
    |                |            * **  ********************************** *                             
    |                |          * * *** ************************************* *                          
    |                |          * * *** *************************************** *                        
    |                |          * * *** *************************************** *     *                  
    |                |          * * *** *************************************** *     *                  
    ----------------------------------------------------------------------------------------------------
    0%        5%        10%       15%       20%       25%       30%       35%       40%       45%       

    Q25 = 0.22, Q50 = 0.26, Q75 = 0.32

[2026-09-24 08:42:09] DEBUG: Computing gluepoints
[2026-09-24 08:42:09] DEBUG: Added 0 gluepoint projections
[2026-09-24 08:42:09] DEBUG: Created 2958 gluepoints
[2026-09-24 08:42:09] DEBUG: Artificial loops removed: 0 left, 0 right, 0 both
[2026-09-24 08:42:09] DEBUG: Initializing edges
[2026-09-24 08:42:09] DEBUG: Edges length checksum: 323319868844
[2026-09-24 08:42:09] DEBUG: Filtered 0 singleton segments
[2026-09-24 08:42:09] DEBUG: Removed 0 simple and 0 double chimeric junctions
[2026-09-24 08:42:09] DEBUG: Collapsed 1 edges
[2026-09-24 08:42:09] DEBUG: *	1	+disjointig_1	0	8111	8111	
[2026-09-24 08:42:09] DEBUG: *	2	+disjointig_10	0	20544	20544	
[2026-09-24 08:42:09] DEBUG: *	3	+disjointig_100	0	45881	45881	
[2026-09-24 08:42:09] DEBUG: *	4	+disjointig_101	0	22778	22778	
[2026-09-24 08:42:09] DEBUG: *	5	+disjointig_102	0	15857	15857	
[2026-09-24 08:42:09] DEBUG: *	6	+disjointig_103	0	17773	17773	
[2026-09-24 08:42:09] DEBUG: *	7	+disjointig_104	0	35895	35895	
[2026-09-24 08:42:09] DEBUG: *	8	+disjointig_105	0	48388	48388	
[2026-09-24 08:42:09] DEBUG: *	9	+disjointig_106	0	6604	6604	
[2026-09-24 08:42:09] DEBUG: *	10	+disjointig_107	0	28931	28931	
[2026-09-24 08:42:09] DEBUG: *	11	+disjointig_108	0	43431	43431	
[2026-09-24 08:42:09] DEBUG: *	12	+disjointig_11	0	7774	7774	
[2026-09-24 08:42:09] DEBUG: *	13	+disjointig_110	0	26508	26508	
[2026-09-24 08:42:09] DEBUG: *	14	+disjointig_111	0	13802	13802	
[2026-09-24 08:42:09] DEBUG: *	15	+disjointig_112	0	13354	13354	
[2026-09-24 08:42:09] DEBUG: *	16	+disjointig_113	0	6494	6494	
[2026-09-24 08:42:09] DEBUG: *	17	+disjointig_114	0	4609	4609	
[2026-09-24 08:42:09] DEBUG: *	18	+disjointig_115	0	17897	17897	
[2026-09-24 08:42:09] DEBUG: *	19	+disjointig_116	0	63244	63244	
[2026-09-24 08:42:09] DEBUG: *	20	+disjointig_117	0	14505	14505	
[2026-09-24 08:42:09] DEBUG: *	21	+disjointig_12	0	74435	74435	
[2026-09-24 08:42:09] DEBUG: *	22	+disjointig_120	0	29488	29488	
[2026-09-24 08:42:09] DEBUG: *	23	+disjointig_121	0	43996	43996	
[2026-09-24 08:42:09] DEBUG: *	24	+disjointig_123	0	17626	17626	
[2026-09-24 08:42:09] DEBUG: *	25	+disjointig_124	0	38771	38771	
[2026-09-24 08:42:09] DEBUG: *	26	+disjointig_125	0	18708	18708	
[2026-09-24 08:42:09] DEBUG: *	27	+disjointig_126	0	4289	4289	
[2026-09-24 08:42:09] DEBUG: *	28	+disjointig_127	0	24775	24775	
[2026-09-24 08:42:09] DEBUG: *	29	+disjointig_128	0	13689	13689	
[2026-09-24 08:42:09] DEBUG: *	30	+disjointig_129	0	32465	32465	
[2026-09-24 08:42:09] DEBUG: *	31	+disjointig_13	0	5389	5389	
[2026-09-24 08:42:09] DEBUG: *	32	+disjointig_130	0	13958	13958	
[2026-09-24 08:42:09] DEBUG: *	33	+disjointig_131	0	6668	6668	
[2026-09-24 08:42:09] DEBUG: *	34	+disjointig_132	0	11490	11490	
[2026-09-24 08:42:09] DEBUG: *	35	+disjointig_133	0	22670	22670	
[2026-09-24 08:42:09] DEBUG: *	36	+disjointig_135	0	40672	40672	
[2026-09-24 08:42:09] DEBUG: *	37	+disjointig_136	0	29277	29277	
[2026-09-24 08:42:09] DEBUG: *	38	+disjointig_137	0	72277	72277	
[2026-09-24 08:42:09] DEBUG: *	39	+disjointig_138	0	29582	29582	
[2026-09-24 08:42:09] DEBUG: *	40	+disjointig_139	0	81790	81790	
[2026-09-24 08:42:09] DEBUG: *	41	+disjointig_14	0	14589	14589	
[2026-09-24 08:42:09] DEBUG: *	42	+disjointig_140	0	44156	44156	
[2026-09-24 08:42:09] DEBUG: *	43	+disjointig_141	0	27109	27109	
[2026-09-24 08:42:09] DEBUG: *	44	+disjointig_142	0	51742	51742	
[2026-09-24 08:42:09] DEBUG: *	45	+disjointig_143	0	23653	23653	
[2026-09-24 08:42:09] DEBUG: *	46	+disjointig_144	0	46017	46017	
[2026-09-24 08:42:09] DEBUG: *	47	+disjointig_145	0	44416	44416	
[2026-09-24 08:42:09] DEBUG: *	48	+disjointig_146	0	21982	21982	
[2026-09-24 08:42:09] DEBUG: *	49	+disjointig_147	0	40280	40280	
[2026-09-24 08:42:09] DEBUG: *	50	+disjointig_148	0	12856	12856	
[2026-09-24 08:42:09] DEBUG: *	51	+disjointig_149	0	49753	49753	
[2026-09-24 08:42:09] DEBUG: *	52	+disjointig_15	0	7203	7203	
[2026-09-24 08:42:09] DEBUG: *	53	+disjointig_150	0	32175	32175	
[2026-09-24 08:42:09] DEBUG: *	54	+disjointig_151	0	11064	11064	
[2026-09-24 08:42:09] DEBUG: *	55	+disjointig_152	0	6279	6279	
[2026-09-24 08:42:09] DEBUG: *	56	+disjointig_153	0	10304	10304	
[2026-09-24 08:42:09] DEBUG: *	57	+disjointig_154	0	27228	27228	
[2026-09-24 08:42:09] DEBUG: *	58	+disjointig_155	0	8632	8632	
[2026-09-24 08:42:09] DEBUG: *	59	+disjointig_156	0	4605	4605	
[2026-09-24 08:42:09] DEBUG: *	60	+disjointig_157	0	15939	15939	
[2026-09-24 08:42:09] DEBUG: *	61	+disjointig_158	0	25065	25065	
[2026-09-24 08:42:09] DEBUG: *	62	+disjointig_159	0	45508	45508	
[2026-09-24 08:42:09] DEBUG: *	63	+disjointig_16	0	5993	5993	
[2026-09-24 08:42:09] DEBUG: *	64	+disjointig_160	0	40093	40093	
[2026-09-24 08:42:09] DEBUG: *	65	+disjointig_161	0	4524	4524	
[2026-09-24 08:42:09] DEBUG: *	66	+disjointig_162	0	21801	21801	
[2026-09-24 08:42:09] DEBUG: *	67	+disjointig_163	0	5717	5717	
[2026-09-24 08:42:09] DEBUG: *	68	+disjointig_164	0	12664	12664	
[2026-09-24 08:42:09] DEBUG: *	69	+disjointig_165	0	41791	41791	
[2026-09-24 08:42:09] DEBUG: *	70	+disjointig_166	0	16434	16434	
[2026-09-24 08:42:09] DEBUG: *	71	+disjointig_167	0	20443	20443	
[2026-09-24 08:42:09] DEBUG: *	72	+disjointig_168	0	13914	13914	
[2026-09-24 08:42:09] DEBUG: *	73	+disjointig_169	0	18799	18799	
[2026-09-24 08:42:09] DEBUG: *	74	+disjointig_17	0	50719	50719	
[2026-09-24 08:42:09] DEBUG: *	75	+disjointig_170	0	34419	34419	
[2026-09-24 08:42:09] DEBUG: *	76	+disjointig_172	0	23074	23074	
[2026-09-24 08:42:09] DEBUG: *	77	+disjointig_173	0	19334	19334	
[2026-09-24 08:42:09] DEBUG: *	78	+disjointig_174	0	19646	19646	
[2026-09-24 08:42:09] DEBUG: *	79	+disjointig_175	0	9566	9566	
[2026-09-24 08:42:09] DEBUG: *	80	+disjointig_176	0	12203	12203	
[2026-09-24 08:42:09] DEBUG: *	81	+disjointig_177	0	24268	24268	
[2026-09-24 08:42:09] DEBUG: *	82	+disjointig_178	0	27685	27685	
[2026-09-24 08:42:09] DEBUG: *	83	+disjointig_179	0	9069	9069	
[2026-09-24 08:42:09] DEBUG: *	84	+disjointig_18	0	37885	37885	
[2026-09-24 08:42:09] DEBUG: *	85	+disjointig_180	0	27471	27471	
[2026-09-24 08:42:09] DEBUG: *	86	+disjointig_182	0	12407	12407	
[2026-09-24 08:42:09] DEBUG: *	87	+disjointig_183	0	24255	24255	
[2026-09-24 08:42:09] DEBUG: *	88	+disjointig_184	0	4333	4333	
[2026-09-24 08:42:09] DEBUG: *	89	+disjointig_185	0	35959	35959	
[2026-09-24 08:42:09] DEBUG: *	90	+disjointig_186	0	69457	69457	
[2026-09-24 08:42:09] DEBUG: *	91	+disjointig_187	0	26812	26812	
[2026-09-24 08:42:09] DEBUG: *	92	+disjointig_188	0	32564	32564	
[2026-09-24 08:42:09] DEBUG: *	93	+disjointig_19	0	56459	56459	
[2026-09-24 08:42:09] DEBUG: *	94	+disjointig_190	0	22628	22628	
[2026-09-24 08:42:09] DEBUG: *	95	+disjointig_191	0	28400	28400	
[2026-09-24 08:42:09] DEBUG: *	96	+disjointig_192	0	37307	37307	
[2026-09-24 08:42:09] DEBUG: *	97	+disjointig_193	0	24166	24166	
[2026-09-24 08:42:09] DEBUG: *	98	+disjointig_194	0	7813	7813	
[2026-09-24 08:42:09] DEBUG: *	99	+disjointig_195	0	41252	41252	
[2026-09-24 08:42:09] DEBUG: *	100	+disjointig_196	0	37550	37550	
[2026-09-24 08:42:09] DEBUG: *	101	+disjointig_197	0	73889	73889	
[2026-09-24 08:42:09] DEBUG: *	102	+disjointig_198	0	32134	32134	
[2026-09-24 08:42:09] DEBUG: *	103	+disjointig_199	0	33023	33023	
[2026-09-24 08:42:09] DEBUG: *	104	+disjointig_2	0	18823	18823	
[2026-09-24 08:42:09] DEBUG: *	105	+disjointig_20	0	52522	52522	
[2026-09-24 08:42:09] DEBUG: *	106	+disjointig_200	0	6128	6128	
[2026-09-24 08:42:09] DEBUG: *	107	+disjointig_201	0	12722	12722	
[2026-09-24 08:42:09] DEBUG: *	108	+disjointig_202	0	21679	21679	
[2026-09-24 08:42:09] DEBUG: *	109	+disjointig_203	0	11741	11741	
[2026-09-24 08:42:09] DEBUG: *	110	+disjointig_204	0	26164	26164	
[2026-09-24 08:42:09] DEBUG: *	111	+disjointig_205	0	46860	46860	
[2026-09-24 08:42:09] DEBUG: *	112	+disjointig_206	0	10041	10041	
[2026-09-24 08:42:09] DEBUG: *	113	+disjointig_207	0	37356	37356	
[2026-09-24 08:42:09] DEBUG: *	114	+disjointig_208	0	30509	30509	
[2026-09-24 08:42:09] DEBUG: *	115	+disjointig_209	0	10080	10080	
[2026-09-24 08:42:09] DEBUG: *	116	+disjointig_21	0	19706	19706	
[2026-09-24 08:42:09] DEBUG: *	117	+disjointig_210	0	30778	30778	
[2026-09-24 08:42:09] DEBUG: *	118	+disjointig_211	0	37166	37166	
[2026-09-24 08:42:09] DEBUG: *	119	+disjointig_212	0	50252	50252	
[2026-09-24 08:42:09] DEBUG: *	120	+disjointig_213	0	9507	9507	
[2026-09-24 08:42:09] DEBUG: *	121	+disjointig_214	0	20980	20980	
[2026-09-24 08:42:09] DEBUG: *	122	+disjointig_215	0	39626	39626	
[2026-09-24 08:42:09] DEBUG: *	123	+disjointig_216	0	44783	44783	
[2026-09-24 08:42:09] DEBUG: *	124	+disjointig_217	0	6139	6139	
[2026-09-24 08:42:09] DEBUG: *	125	+disjointig_218	0	26857	26857	
[2026-09-24 08:42:09] DEBUG: *	126	+disjointig_219	0	25667	25667	
[2026-09-24 08:42:09] DEBUG: *	127	+disjointig_22	0	21078	21078	
[2026-09-24 08:42:09] DEBUG: *	128	+disjointig_220	0	10916	10916	
[2026-09-24 08:42:09] DEBUG: *	129	+disjointig_221	0	17704	17704	
[2026-09-24 08:42:09] DEBUG: *	130	+disjointig_222	0	15780	15780	
[2026-09-24 08:42:09] DEBUG: *	131	+disjointig_223	0	17209	17209	
[2026-09-24 08:42:09] DEBUG: *	132	+disjointig_225	0	7108	7108	
[2026-09-24 08:42:09] DEBUG: *	133	+disjointig_226	0	12837	12837	
[2026-09-24 08:42:09] DEBUG: *	134	+disjointig_227	0	11447	11447	
[2026-09-24 08:42:09] DEBUG: *	135	+disjointig_228	0	11973	11973	
[2026-09-24 08:42:09] DEBUG: *	136	+disjointig_229	0	12589	12589	
[2026-09-24 08:42:09] DEBUG: *	137	+disjointig_23	0	21970	21970	
[2026-09-24 08:42:09] DEBUG: *	138	+disjointig_230	0	36087	36087	
[2026-09-24 08:42:09] DEBUG: *	139	+disjointig_231	0	21831	21831	
[2026-09-24 08:42:09] DEBUG: *	140	+disjointig_232	0	14199	14199	
[2026-09-24 08:42:09] DEBUG: *	141	+disjointig_233	0	23348	23348	
[2026-09-24 08:42:09] DEBUG: *	142	+disjointig_234	0	28606	28606	
[2026-09-24 08:42:09] DEBUG: *	143	+disjointig_235	0	20780	20780	
[2026-09-24 08:42:09] DEBUG: *	144	+disjointig_236	0	6342	6342	
[2026-09-24 08:42:09] DEBUG: *	145	+disjointig_237	0	41364	41364	
[2026-09-24 08:42:09] DEBUG: *	146	+disjointig_238	0	51036	51036	
[2026-09-24 08:42:09] DEBUG: *	147	+disjointig_239	0	29275	29275	
[2026-09-24 08:42:09] DEBUG: *	148	+disjointig_24	0	36769	36769	
[2026-09-24 08:42:09] DEBUG: *	149	+disjointig_240	0	9021	9021	
[2026-09-24 08:42:09] DEBUG: *	150	+disjointig_241	0	44180	44180	
[2026-09-24 08:42:09] DEBUG: *	151	+disjointig_242	0	36329	36329	
[2026-09-24 08:42:09] DEBUG: *	152	+disjointig_243	0	48490	48490	
[2026-09-24 08:42:09] DEBUG: *	153	+disjointig_244	0	7884	7884	
[2026-09-24 08:42:09] DEBUG: *	154	+disjointig_245	0	5104	5104	
[2026-09-24 08:42:09] DEBUG: *	155	+disjointig_246	0	23287	23287	
[2026-09-24 08:42:09] DEBUG: *	156	+disjointig_247	0	38308	38308	
[2026-09-24 08:42:09] DEBUG: *	157	+disjointig_248	0	20781	20781	
[2026-09-24 08:42:09] DEBUG: *	158	+disjointig_249	0	7775	7775	
[2026-09-24 08:42:09] DEBUG: *	159	+disjointig_25	0	9741	9741	
[2026-09-24 08:42:09] DEBUG: *	160	+disjointig_250	0	22879	22879	
[2026-09-24 08:42:09] DEBUG: *	161	+disjointig_251	0	9012	9012	
[2026-09-24 08:42:09] DEBUG: *	162	+disjointig_252	0	38076	38076	
[2026-09-24 08:42:09] DEBUG: *	163	+disjointig_253	0	16049	16049	
[2026-09-24 08:42:09] DEBUG: *	164	+disjointig_254	0	29327	29327	
[2026-09-24 08:42:09] DEBUG: *	165	+disjointig_255	0	24768	24768	
[2026-09-24 08:42:09] DEBUG: *	166	+disjointig_256	0	15227	15227	
[2026-09-24 08:42:09] DEBUG: *	167	+disjointig_257	0	9730	9730	
[2026-09-24 08:42:09] DEBUG: *	168	+disjointig_258	0	27646	27646	
[2026-09-24 08:42:09] DEBUG: *	169	+disjointig_259	0	5535	5535	
[2026-09-24 08:42:09] DEBUG: *	170	+disjointig_26	0	29304	29304	
[2026-09-24 08:42:09] DEBUG: *	171	+disjointig_260	0	16640	16640	
[2026-09-24 08:42:09] DEBUG: *	172	+disjointig_261	0	26357	26357	
[2026-09-24 08:42:09] DEBUG: *	173	+disjointig_262	0	25762	25762	
[2026-09-24 08:42:09] DEBUG: *	174	+disjointig_263	0	9480	9480	
[2026-09-24 08:42:09] DEBUG: *	175	+disjointig_264	0	8763	8763	
[2026-09-24 08:42:09] DEBUG: *	176	+disjointig_265	0	7994	7994	
[2026-09-24 08:42:09] DEBUG: *	177	+disjointig_266	0	10876	10876	
[2026-09-24 08:42:09] DEBUG: *	178	+disjointig_267	0	4820	4820	
[2026-09-24 08:42:09] DEBUG: *	179	+disjointig_268	0	19011	19011	
[2026-09-24 08:42:09] DEBUG: *	180	+disjointig_269	0	15495	15495	
[2026-09-24 08:42:09] DEBUG: *	181	+disjointig_27	0	46423	46423	
[2026-09-24 08:42:09] DEBUG: *	182	+disjointig_270	0	15906	15906	
[2026-09-24 08:42:09] DEBUG: *	183	+disjointig_271	0	5914	5914	
[2026-09-24 08:42:09] DEBUG: *	184	+disjointig_272	0	23331	23331	
[2026-09-24 08:42:09] DEBUG: *	185	+disjointig_273	0	38148	38148	
[2026-09-24 08:42:09] DEBUG: *	186	+disjointig_274	0	28203	28203	
[2026-09-24 08:42:09] DEBUG: *	187	+disjointig_275	0	16924	16924	
[2026-09-24 08:42:09] DEBUG: *	188	+disjointig_276	0	7853	7853	
[2026-09-24 08:42:09] DEBUG: *	189	+disjointig_277	0	5674	5674	
[2026-09-24 08:42:09] DEBUG: *	190	+disjointig_278	0	21949	21949	
[2026-09-24 08:42:09] DEBUG: *	191	+disjointig_279	0	8779	8779	
[2026-09-24 08:42:09] DEBUG: *	192	+disjointig_28	0	37643	37643	
[2026-09-24 08:42:09] DEBUG: *	193	+disjointig_280	0	11955	11955	
[2026-09-24 08:42:09] DEBUG: *	194	+disjointig_281	0	23914	23914	
[2026-09-24 08:42:09] DEBUG: *	195	+disjointig_282	0	28232	28232	
[2026-09-24 08:42:09] DEBUG: *	196	+disjointig_283	0	9974	9974	
[2026-09-24 08:42:09] DEBUG: *	197	+disjointig_284	0	4260	4260	
[2026-09-24 08:42:09] DEBUG: *	198	+disjointig_285	0	6050	6050	
[2026-09-24 08:42:09] DEBUG: *	199	+disjointig_286	0	17624	17624	
[2026-09-24 08:42:09] DEBUG: *	200	+disjointig_287	0	17106	17106	
[2026-09-24 08:42:09] DEBUG: *	201	+disjointig_288	0	32740	32740	
[2026-09-24 08:42:09] DEBUG: *	202	+disjointig_289	0	27339	27339	
[2026-09-24 08:42:09] DEBUG: *	203	+disjointig_29	0	48028	48028	
[2026-09-24 08:42:09] DEBUG: *	204	+disjointig_290	0	27503	27503	
[2026-09-24 08:42:09] DEBUG: *	205	+disjointig_291	0	31836	31836	
[2026-09-24 08:42:09] DEBUG: *	206	+disjointig_292	0	23179	23179	
[2026-09-24 08:42:09] DEBUG: *	207	+disjointig_293	0	11585	11585	
[2026-09-24 08:42:09] DEBUG: *	208	+disjointig_294	0	5105	5105	
[2026-09-24 08:42:09] DEBUG: *	209	+disjointig_295	0	22644	22644	
[2026-09-24 08:42:09] DEBUG: *	210	+disjointig_296	0	26492	26492	
[2026-09-24 08:42:09] DEBUG: *	211	+disjointig_297	0	19261	19261	
[2026-09-24 08:42:09] DEBUG: *	212	+disjointig_298	0	18534	18534	
[2026-09-24 08:42:09] DEBUG: *	213	+disjointig_299	0	49510	49510	
[2026-09-24 08:42:09] DEBUG: *	214	+disjointig_3	0	17455	17455	
[2026-09-24 08:42:09] DEBUG: *	215	+disjointig_300	0	10420	10420	
[2026-09-24 08:42:09] DEBUG: *	216	+disjointig_301	0	30824	30824	
[2026-09-24 08:42:09] DEBUG: *	217	+disjointig_302	0	28154	28154	
[2026-09-24 08:42:09] DEBUG: *	218	+disjointig_303	0	21815	21815	
[2026-09-24 08:42:09] DEBUG: *	219	+disjointig_304	0	7188	7188	
[2026-09-24 08:42:09] DEBUG: *	220	+disjointig_305	0	35043	35043	
[2026-09-24 08:42:09] DEBUG: *	221	+disjointig_306	0	16332	16332	
[2026-09-24 08:42:09] DEBUG: *	222	+disjointig_307	0	6262	6262	
[2026-09-24 08:42:09] DEBUG: *	223	+disjointig_309	0	4242	4242	
[2026-09-24 08:42:09] DEBUG: *	224	+disjointig_31	0	11193	11193	
[2026-09-24 08:42:09] DEBUG: *	225	+disjointig_310	0	18959	18959	
[2026-09-24 08:42:09] DEBUG: *	226	+disjointig_311	0	10666	10666	
[2026-09-24 08:42:09] DEBUG: *	227	+disjointig_312	0	29361	29361	
[2026-09-24 08:42:09] DEBUG: *	228	+disjointig_313	0	12854	12854	
[2026-09-24 08:42:09] DEBUG: *	229	+disjointig_314	0	31573	31573	
[2026-09-24 08:42:09] DEBUG: *	230	+disjointig_315	0	27224	27224	
[2026-09-24 08:42:09] DEBUG: *	231	+disjointig_316	0	16562	16562	
[2026-09-24 08:42:09] DEBUG: *	232	+disjointig_317	0	23541	23541	
[2026-09-24 08:42:09] DEBUG: *	233	+disjointig_318	0	22482	22482	
[2026-09-24 08:42:09] DEBUG: *	234	+disjointig_319	0	9624	9624	
[2026-09-24 08:42:09] DEBUG: *	235	+disjointig_32	0	55300	55300	
[2026-09-24 08:42:09] DEBUG: *	236	+disjointig_320	0	27517	27517	
[2026-09-24 08:42:09] DEBUG: *	237	+disjointig_321	0	6091	6091	
[2026-09-24 08:42:09] DEBUG: *	238	+disjointig_322	0	7499	7499	
[2026-09-24 08:42:09] DEBUG: *	239	+disjointig_324	0	10898	10898	
[2026-09-24 08:42:09] DEBUG: *	240	+disjointig_325	0	17955	17955	
[2026-09-24 08:42:09] DEBUG: *	241	+disjointig_326	0	10006	10006	
[2026-09-24 08:42:09] DEBUG: *	242	+disjointig_327	0	15538	15538	
[2026-09-24 08:42:09] DEBUG: *	243	+disjointig_328	0	28705	28705	
[2026-09-24 08:42:09] DEBUG: *	244	+disjointig_329	0	22032	22032	
[2026-09-24 08:42:09] DEBUG: *	245	+disjointig_33	0	26632	26632	
[2026-09-24 08:42:09] DEBUG: *	246	+disjointig_330	0	23535	23535	
[2026-09-24 08:42:09] DEBUG: *	247	+disjointig_331	0	10744	10744	
[2026-09-24 08:42:09] DEBUG: *	248	+disjointig_332	0	14324	14324	
[2026-09-24 08:42:09] DEBUG: *	249	+disjointig_333	0	11801	11801	
[2026-09-24 08:42:09] DEBUG: *	250	+disjointig_334	0	21362	21362	
[2026-09-24 08:42:09] DEBUG: *	251	+disjointig_335	0	6542	6542	
[2026-09-24 08:42:09] DEBUG: *	252	+disjointig_336	0	18453	18453	
[2026-09-24 08:42:09] DEBUG: *	253	+disjointig_337	0	5767	5767	
[2026-09-24 08:42:09] DEBUG: *	254	+disjointig_339	0	12526	12526	
[2026-09-24 08:42:09] DEBUG: *	255	+disjointig_34	0	11007	11007	
[2026-09-24 08:42:09] DEBUG: *	256	+disjointig_340	0	22367	22367	
[2026-09-24 08:42:09] DEBUG: *	257	+disjointig_341	0	11046	11046	
[2026-09-24 08:42:09] DEBUG: *	258	+disjointig_342	0	18827	18827	
[2026-09-24 08:42:09] DEBUG: *	259	+disjointig_343	0	16462	16462	
[2026-09-24 08:42:09] DEBUG: *	260	+disjointig_344	0	7649	7649	
[2026-09-24 08:42:09] DEBUG:  	261	+disjointig_345	1373	5750	4377	
[2026-09-24 08:42:09] DEBUG: *	262	+disjointig_345	5750	20891	15141	
[2026-09-24 08:42:09] DEBUG: *	264	+disjointig_346	0	7860	7860	
[2026-09-24 08:42:09] DEBUG: *	265	+disjointig_347	0	12457	12457	
[2026-09-24 08:42:09] DEBUG: *	266	+disjointig_348	0	11364	11364	
[2026-09-24 08:42:09] DEBUG: *	267	+disjointig_349	0	32156	32156	
[2026-09-24 08:42:09] DEBUG: *	268	+disjointig_35	0	48528	48528	
[2026-09-24 08:42:09] DEBUG: *	269	+disjointig_350	0	28923	28923	
[2026-09-24 08:42:09] DEBUG: *	270	+disjointig_351	0	38192	38192	
[2026-09-24 08:42:09] DEBUG: *	271	+disjointig_352	0	32075	32075	
[2026-09-24 08:42:09] DEBUG: *	272	+disjointig_353	0	23420	23420	
[2026-09-24 08:42:09] DEBUG: *	273	+disjointig_354	0	16256	16256	
[2026-09-24 08:42:09] DEBUG: *	274	+disjointig_356	0	13623	13623	
[2026-09-24 08:42:09] DEBUG: *	275	+disjointig_357	0	26307	26307	
[2026-09-24 08:42:09] DEBUG: *	276	+disjointig_358	0	17910	17910	
[2026-09-24 08:42:09] DEBUG: *	277	+disjointig_359	0	5049	5049	
[2026-09-24 08:42:09] DEBUG: *	278	+disjointig_36	0	40667	40667	
[2026-09-24 08:42:09] DEBUG: *	279	+disjointig_360	0	19317	19317	
[2026-09-24 08:42:09] DEBUG: *	280	+disjointig_361	0	8283	8283	
[2026-09-24 08:42:09] DEBUG: *	281	+disjointig_362	0	27584	27584	
[2026-09-24 08:42:09] DEBUG: *	282	+disjointig_363	0	31742	31742	
[2026-09-24 08:42:09] DEBUG: *	283	+disjointig_364	0	10313	10313	
[2026-09-24 08:42:09] DEBUG: *	284	+disjointig_365	0	21282	21282	
[2026-09-24 08:42:09] DEBUG: *	285	+disjointig_366	0	7032	7032	
[2026-09-24 08:42:09] DEBUG: *	286	+disjointig_367	0	25871	25871	
[2026-09-24 08:42:09] DEBUG: *	287	+disjointig_368	0	7161	7161	
[2026-09-24 08:42:09] DEBUG: *	288	+disjointig_369	0	24626	24626	
[2026-09-24 08:42:09] DEBUG: *	289	+disjointig_37	0	56541	56541	
[2026-09-24 08:42:09] DEBUG: *	290	+disjointig_370	0	5311	5311	
[2026-09-24 08:42:09] DEBUG: *	-263	+disjointig_372	0	15344	15344	
[2026-09-24 08:42:09] DEBUG:  	-261	+disjointig_372	15344	19662	4318	
[2026-09-24 08:42:09] DEBUG: *	291	+disjointig_373	0	6542	6542	
[2026-09-24 08:42:09] DEBUG: *	292	+disjointig_374	0	20430	20430	
[2026-09-24 08:42:09] DEBUG: *	293	+disjointig_375	0	33593	33593	
[2026-09-24 08:42:09] DEBUG: *	294	+disjointig_376	0	33309	33309	
[2026-09-24 08:42:09] DEBUG: *	295	+disjointig_377	0	17439	17439	
[2026-09-24 08:42:09] DEBUG: *	296	+disjointig_378	0	14256	14256	
[2026-09-24 08:42:09] DEBUG: *	297	+disjointig_379	0	10342	10342	
[2026-09-24 08:42:09] DEBUG: *	298	+disjointig_38	0	28630	28630	
[2026-09-24 08:42:09] DEBUG: *	299	+disjointig_380	0	10264	10264	
[2026-09-24 08:42:09] DEBUG: *	300	+disjointig_381	0	12104	12104	
[2026-09-24 08:42:09] DEBUG: *	301	+disjointig_382	0	10136	10136	
[2026-09-24 08:42:09] DEBUG: *	302	+disjointig_383	0	4561	4561	
[2026-09-24 08:42:09] DEBUG: *	303	+disjointig_384	0	12776	12776	
[2026-09-24 08:42:09] DEBUG: *	304	+disjointig_385	0	25495	25495	
[2026-09-24 08:42:09] DEBUG: *	305	+disjointig_386	0	8910	8910	
[2026-09-24 08:42:09] DEBUG: *	306	+disjointig_387	0	18922	18922	
[2026-09-24 08:42:09] DEBUG: *	307	+disjointig_388	0	19589	19589	
[2026-09-24 08:42:09] DEBUG: *	308	+disjointig_389	0	38091	38091	
[2026-09-24 08:42:09] DEBUG: *	309	+disjointig_39	0	25261	25261	
[2026-09-24 08:42:09] DEBUG: *	310	+disjointig_390	0	23627	23627	
[2026-09-24 08:42:09] DEBUG: *	311	+disjointig_391	0	7875	7875	
[2026-09-24 08:42:09] DEBUG: *	312	+disjointig_392	0	12614	12614	
[2026-09-24 08:42:09] DEBUG: *	313	+disjointig_393	0	12309	12309	
[2026-09-24 08:42:09] DEBUG: *	314	+disjointig_394	0	10645	10645	
[2026-09-24 08:42:09] DEBUG: *	315	+disjointig_395	0	6707	6707	
[2026-09-24 08:42:09] DEBUG: *	316	+disjointig_396	0	21975	21975	
[2026-09-24 08:42:09] DEBUG: *	317	+disjointig_397	0	24040	24040	
[2026-09-24 08:42:09] DEBUG: *	318	+disjointig_398	0	7654	7654	
[2026-09-24 08:42:09] DEBUG: *	319	+disjointig_399	0	11550	11550	
[2026-09-24 08:42:09] DEBUG: *	320	+disjointig_4	0	18137	18137	
[2026-09-24 08:42:09] DEBUG: *	321	+disjointig_40	0	8631	8631	
[2026-09-24 08:42:09] DEBUG: *	322	+disjointig_400	0	8679	8679	
[2026-09-24 08:42:09] DEBUG: *	323	+disjointig_401	0	8432	8432	
[2026-09-24 08:42:09] DEBUG: *	324	+disjointig_403	0	9955	9955	
[2026-09-24 08:42:09] DEBUG: *	325	+disjointig_404	0	14631	14631	
[2026-09-24 08:42:09] DEBUG: *	326	+disjointig_405	0	38201	38201	
[2026-09-24 08:42:09] DEBUG: *	327	+disjointig_406	0	39252	39252	
[2026-09-24 08:42:09] DEBUG: *	328	+disjointig_407	0	12028	12028	
[2026-09-24 08:42:09] DEBUG: *	329	+disjointig_409	0	24108	24108	
[2026-09-24 08:42:09] DEBUG: *	330	+disjointig_41	0	25301	25301	
[2026-09-24 08:42:09] DEBUG: *	331	+disjointig_410	0	22857	22857	
[2026-09-24 08:42:09] DEBUG: *	332	+disjointig_411	0	6665	6665	
[2026-09-24 08:42:09] DEBUG: *	333	+disjointig_412	0	14302	14302	
[2026-09-24 08:42:09] DEBUG: *	334	+disjointig_413	0	6631	6631	
[2026-09-24 08:42:09] DEBUG: *	335	+disjointig_414	0	7466	7466	
[2026-09-24 08:42:09] DEBUG: *	336	+disjointig_415	0	6402	6402	
[2026-09-24 08:42:09] DEBUG: *	337	+disjointig_416	0	14489	14489	
[2026-09-24 08:42:09] DEBUG: *	338	+disjointig_417	0	6493	6493	
[2026-09-24 08:42:09] DEBUG: *	339	+disjointig_418	0	6828	6828	
[2026-09-24 08:42:09] DEBUG: *	340	+disjointig_419	0	24679	24679	
[2026-09-24 08:42:09] DEBUG: *	341	+disjointig_42	0	41066	41066	
[2026-09-24 08:42:09] DEBUG: *	342	+disjointig_420	0	6112	6112	
[2026-09-24 08:42:09] DEBUG: *	343	+disjointig_421	0	22685	22685	
[2026-09-24 08:42:09] DEBUG: *	344	+disjointig_423	0	18774	18774	
[2026-09-24 08:42:09] DEBUG: *	345	+disjointig_424	0	12813	12813	
[2026-09-24 08:42:09] DEBUG: *	346	+disjointig_425	0	37607	37607	
[2026-09-24 08:42:09] DEBUG: *	347	+disjointig_427	0	6646	6646	
[2026-09-24 08:42:09] DEBUG: *	348	+disjointig_428	0	25460	25460	
[2026-09-24 08:42:09] DEBUG: *	349	+disjointig_429	0	21064	21064	
[2026-09-24 08:42:09] DEBUG: *	350	+disjointig_43	0	23269	23269	
[2026-09-24 08:42:09] DEBUG: *	351	+disjointig_430	0	7424	7424	
[2026-09-24 08:42:09] DEBUG: *	352	+disjointig_431	0	7020	7020	
[2026-09-24 08:42:09] DEBUG: *	353	+disjointig_432	0	7567	7567	
[2026-09-24 08:42:09] DEBUG: *	354	+disjointig_433	0	28145	28145	
[2026-09-24 08:42:09] DEBUG: *	355	+disjointig_434	0	10339	10339	
[2026-09-24 08:42:09] DEBUG: *	356	+disjointig_435	0	11905	11905	
[2026-09-24 08:42:09] DEBUG: *	357	+disjointig_436	0	10074	10074	
[2026-09-24 08:42:09] DEBUG: *	358	+disjointig_437	0	12654	12654	
[2026-09-24 08:42:09] DEBUG: *	359	+disjointig_438	0	13481	13481	
[2026-09-24 08:42:09] DEBUG: *	360	+disjointig_439	0	12033	12033	
[2026-09-24 08:42:09] DEBUG: *	361	+disjointig_44	0	17286	17286	
[2026-09-24 08:42:09] DEBUG: *	362	+disjointig_440	0	12100	12100	
[2026-09-24 08:42:09] DEBUG: *	363	+disjointig_441	0	37896	37896	
[2026-09-24 08:42:09] DEBUG: *	364	+disjointig_442	0	14881	14881	
[2026-09-24 08:42:09] DEBUG: *	365	+disjointig_444	0	25355	25355	
[2026-09-24 08:42:09] DEBUG: *	366	+disjointig_445	0	14278	14278	
[2026-09-24 08:42:09] DEBUG: *	367	+disjointig_446	0	24198	24198	
[2026-09-24 08:42:09] DEBUG: *	368	+disjointig_447	0	14615	14615	
[2026-09-24 08:42:09] DEBUG: *	369	+disjointig_448	0	24190	24190	
[2026-09-24 08:42:09] DEBUG: *	370	+disjointig_449	0	23226	23226	
[2026-09-24 08:42:09] DEBUG: *	371	+disjointig_45	0	9009	9009	
[2026-09-24 08:42:09] DEBUG: *	372	+disjointig_450	0	12332	12332	
[2026-09-24 08:42:09] DEBUG: *	373	+disjointig_451	0	6694	6694	
[2026-09-24 08:42:09] DEBUG: *	374	+disjointig_452	0	36138	36138	
[2026-09-24 08:42:09] DEBUG: *	375	+disjointig_453	0	14932	14932	
[2026-09-24 08:42:09] DEBUG: *	376	+disjointig_454	0	16205	16205	
[2026-09-24 08:42:09] DEBUG: *	377	+disjointig_455	0	6565	6565	
[2026-09-24 08:42:09] DEBUG: *	378	+disjointig_456	0	6660	6660	
[2026-09-24 08:42:09] DEBUG: *	379	+disjointig_458	0	8542	8542	
[2026-09-24 08:42:09] DEBUG: *	380	+disjointig_459	0	31915	31915	
[2026-09-24 08:42:09] DEBUG: *	381	+disjointig_46	0	27364	27364	
[2026-09-24 08:42:09] DEBUG: *	382	+disjointig_460	0	7773	7773	
[2026-09-24 08:42:09] DEBUG: *	383	+disjointig_461	0	7560	7560	
[2026-09-24 08:42:09] DEBUG: *	384	+disjointig_462	0	13586	13586	
[2026-09-24 08:42:09] DEBUG: *	385	+disjointig_463	0	11905	11905	
[2026-09-24 08:42:09] DEBUG: *	386	+disjointig_464	0	10793	10793	
[2026-09-24 08:42:09] DEBUG: *	387	+disjointig_465	0	21652	21652	
[2026-09-24 08:42:09] DEBUG: *	388	+disjointig_466	0	6134	6134	
[2026-09-24 08:42:09] DEBUG: *	389	+disjointig_467	0	13543	13543	
[2026-09-24 08:42:09] DEBUG: *	390	+disjointig_468	0	15364	15364	
[2026-09-24 08:42:09] DEBUG: *	391	+disjointig_469	0	33951	33951	
[2026-09-24 08:42:09] DEBUG: *	392	+disjointig_47	0	27889	27889	
[2026-09-24 08:42:09] DEBUG: *	393	+disjointig_470	0	12929	12929	
[2026-09-24 08:42:09] DEBUG: *	394	+disjointig_471	0	11354	11354	
[2026-09-24 08:42:09] DEBUG: *	395	+disjointig_472	0	11870	11870	
[2026-09-24 08:42:09] DEBUG: *	396	+disjointig_474	0	13178	13178	
[2026-09-24 08:42:09] DEBUG: *	397	+disjointig_475	0	4843	4843	
[2026-09-24 08:42:09] DEBUG: *	398	+disjointig_476	0	11690	11690	
[2026-09-24 08:42:09] DEBUG: *	399	+disjointig_477	0	21751	21751	
[2026-09-24 08:42:09] DEBUG: *	400	+disjointig_478	0	21110	21110	
[2026-09-24 08:42:09] DEBUG: *	401	+disjointig_479	0	7953	7953	
[2026-09-24 08:42:09] DEBUG: *	402	+disjointig_48	0	22195	22195	
[2026-09-24 08:42:09] DEBUG: *	403	+disjointig_480	0	32030	32030	
[2026-09-24 08:42:09] DEBUG: *	404	+disjointig_481	0	15392	15392	
[2026-09-24 08:42:09] DEBUG: *	405	+disjointig_482	0	4270	4270	
[2026-09-24 08:42:09] DEBUG: *	406	+disjointig_483	0	22253	22253	
[2026-09-24 08:42:09] DEBUG: *	407	+disjointig_484	0	5036	5036	
[2026-09-24 08:42:09] DEBUG: *	408	+disjointig_485	0	21263	21263	
[2026-09-24 08:42:09] DEBUG: *	409	+disjointig_486	0	10584	10584	
[2026-09-24 08:42:09] DEBUG: *	410	+disjointig_487	0	10868	10868	
[2026-09-24 08:42:09] DEBUG: *	411	+disjointig_488	0	8333	8333	
[2026-09-24 08:42:09] DEBUG: *	412	+disjointig_489	0	19934	19934	
[2026-09-24 08:42:09] DEBUG: *	413	+disjointig_49	0	40544	40544	
[2026-09-24 08:42:09] DEBUG: *	414	+disjointig_490	0	16711	16711	
[2026-09-24 08:42:09] DEBUG: *	415	+disjointig_491	0	13825	13825	
[2026-09-24 08:42:09] DEBUG: *	416	+disjointig_492	0	19799	19799	
[2026-09-24 08:42:09] DEBUG: *	417	+disjointig_493	0	7551	7551	
[2026-09-24 08:42:09] DEBUG: *	418	+disjointig_494	0	7917	7917	
[2026-09-24 08:42:09] DEBUG: *	419	+disjointig_495	0	9673	9673	
[2026-09-24 08:42:09] DEBUG: *	420	+disjointig_496	0	11654	11654	
[2026-09-24 08:42:09] DEBUG: *	421	+disjointig_497	0	5580	5580	
[2026-09-24 08:42:09] DEBUG: *	422	+disjointig_498	0	14653	14653	
[2026-09-24 08:42:09] DEBUG: *	423	+disjointig_499	0	7105	7105	
[2026-09-24 08:42:09] DEBUG: *	424	+disjointig_5	0	7764	7764	
[2026-09-24 08:42:09] DEBUG: *	425	+disjointig_50	0	24802	24802	
[2026-09-24 08:42:09] DEBUG: *	426	+disjointig_500	0	17259	17259	
[2026-09-24 08:42:09] DEBUG: *	427	+disjointig_501	0	7996	7996	
[2026-09-24 08:42:09] DEBUG: *	428	+disjointig_502	0	11786	11786	
[2026-09-24 08:42:09] DEBUG: *	429	+disjointig_503	0	17997	17997	
[2026-09-24 08:42:09] DEBUG: *	430	+disjointig_504	0	11452	11452	
[2026-09-24 08:42:09] DEBUG: *	431	+disjointig_505	0	9986	9986	
[2026-09-24 08:42:09] DEBUG: *	432	+disjointig_506	0	18477	18477	
[2026-09-24 08:42:09] DEBUG: *	433	+disjointig_507	0	11555	11555	
[2026-09-24 08:42:09] DEBUG: *	434	+disjointig_508	0	18040	18040	
[2026-09-24 08:42:09] DEBUG: *	435	+disjointig_509	0	4177	4177	
[2026-09-24 08:42:09] DEBUG: *	436	+disjointig_51	0	15673	15673	
[2026-09-24 08:42:09] DEBUG: *	437	+disjointig_510	0	6892	6892	
[2026-09-24 08:42:09] DEBUG: *	438	+disjointig_511	0	14221	14221	
[2026-09-24 08:42:09] DEBUG: *	439	+disjointig_512	0	6360	6360	
[2026-09-24 08:42:09] DEBUG: *	440	+disjointig_513	0	9475	9475	
[2026-09-24 08:42:09] DEBUG: *	441	+disjointig_514	0	4069	4069	
[2026-09-24 08:42:09] DEBUG: *	442	+disjointig_515	0	13267	13267	
[2026-09-24 08:42:09] DEBUG: *	443	+disjointig_516	0	29650	29650	
[2026-09-24 08:42:09] DEBUG: *	444	+disjointig_517	0	17310	17310	
[2026-09-24 08:42:09] DEBUG: *	445	+disjointig_518	0	27024	27024	
[2026-09-24 08:42:09] DEBUG: *	446	+disjointig_519	0	13645	13645	
[2026-09-24 08:42:09] DEBUG: *	447	+disjointig_52	0	30146	30146	
[2026-09-24 08:42:09] DEBUG: *	448	+disjointig_520	0	22587	22587	
[2026-09-24 08:42:09] DEBUG: *	449	+disjointig_521	0	6658	6658	
[2026-09-24 08:42:09] DEBUG: *	450	+disjointig_522	0	4513	4513	
[2026-09-24 08:42:09] DEBUG: *	451	+disjointig_523	0	21541	21541	
[2026-09-24 08:42:09] DEBUG: *	452	+disjointig_524	0	9759	9759	
[2026-09-24 08:42:09] DEBUG: *	453	+disjointig_525	0	8001	8001	
[2026-09-24 08:42:09] DEBUG: *	454	+disjointig_526	0	15097	15097	
[2026-09-24 08:42:09] DEBUG: *	455	+disjointig_527	0	9203	9203	
[2026-09-24 08:42:09] DEBUG: *	456	+disjointig_528	0	23423	23423	
[2026-09-24 08:42:09] DEBUG: *	457	+disjointig_529	0	27812	27812	
[2026-09-24 08:42:09] DEBUG: *	458	+disjointig_53	0	81658	81658	
[2026-09-24 08:42:09] DEBUG: *	459	+disjointig_530	0	12340	12340	
[2026-09-24 08:42:09] DEBUG: *	460	+disjointig_531	0	16981	16981	
[2026-09-24 08:42:09] DEBUG: *	461	+disjointig_532	0	5617	5617	
[2026-09-24 08:42:09] DEBUG: *	462	+disjointig_533	0	12870	12870	
[2026-09-24 08:42:09] DEBUG: *	463	+disjointig_534	0	14415	14415	
[2026-09-24 08:42:09] DEBUG: *	464	+disjointig_535	0	15412	15412	
[2026-09-24 08:42:09] DEBUG: *	465	+disjointig_536	0	7228	7228	
[2026-09-24 08:42:09] DEBUG: *	466	+disjointig_537	0	8827	8827	
[2026-09-24 08:42:09] DEBUG: *	467	+disjointig_538	0	10418	10418	
[2026-09-24 08:42:09] DEBUG: *	468	+disjointig_539	0	26987	26987	
[2026-09-24 08:42:09] DEBUG: *	469	+disjointig_54	0	14458	14458	
[2026-09-24 08:42:09] DEBUG: *	470	+disjointig_540	0	9265	9265	
[2026-09-24 08:42:09] DEBUG: *	471	+disjointig_541	0	7281	7281	
[2026-09-24 08:42:09] DEBUG: *	472	+disjointig_542	0	5736	5736	
[2026-09-24 08:42:09] DEBUG: *	473	+disjointig_543	0	9193	9193	
[2026-09-24 08:42:09] DEBUG: *	474	+disjointig_544	0	15405	15405	
[2026-09-24 08:42:09] DEBUG: *	475	+disjointig_545	0	13965	13965	
[2026-09-24 08:42:09] DEBUG: *	476	+disjointig_546	0	7198	7198	
[2026-09-24 08:42:09] DEBUG: *	477	+disjointig_547	0	5175	5175	
[2026-09-24 08:42:09] DEBUG: *	478	+disjointig_548	0	16075	16075	
[2026-09-24 08:42:09] DEBUG: *	479	+disjointig_549	0	6408	6408	
[2026-09-24 08:42:09] DEBUG: *	480	+disjointig_55	0	56825	56825	
[2026-09-24 08:42:09] DEBUG: *	481	+disjointig_550	0	17423	17423	
[2026-09-24 08:42:09] DEBUG: *	482	+disjointig_551	0	10824	10824	
[2026-09-24 08:42:09] DEBUG: *	483	+disjointig_552	0	26699	26699	
[2026-09-24 08:42:09] DEBUG: *	484	+disjointig_554	0	4422	4422	
[2026-09-24 08:42:09] DEBUG: *	485	+disjointig_555	0	25034	25034	
[2026-09-24 08:42:09] DEBUG: *	486	+disjointig_556	0	14677	14677	
[2026-09-24 08:42:09] DEBUG: *	487	+disjointig_557	0	4888	4888	
[2026-09-24 08:42:09] DEBUG: *	488	+disjointig_558	0	11313	11313	
[2026-09-24 08:42:09] DEBUG: *	489	+disjointig_559	0	6721	6721	
[2026-09-24 08:42:09] DEBUG: *	490	+disjointig_56	0	47858	47858	
[2026-09-24 08:42:09] DEBUG: *	491	+disjointig_560	0	11551	11551	
[2026-09-24 08:42:09] DEBUG: *	492	+disjointig_561	0	4241	4241	
[2026-09-24 08:42:09] DEBUG: *	493	+disjointig_562	0	12902	12902	
[2026-09-24 08:42:09] DEBUG: *	494	+disjointig_563	0	7714	7714	
[2026-09-24 08:42:09] DEBUG: *	495	+disjointig_565	0	6495	6495	
[2026-09-24 08:42:09] DEBUG: *	496	+disjointig_566	0	8289	8289	
[2026-09-24 08:42:09] DEBUG: *	497	+disjointig_567	0	19331	19331	
[2026-09-24 08:42:09] DEBUG: *	498	+disjointig_568	0	9279	9279	
[2026-09-24 08:42:09] DEBUG: *	499	+disjointig_569	0	18586	18586	
[2026-09-24 08:42:09] DEBUG: *	500	+disjointig_57	0	25572	25572	
[2026-09-24 08:42:09] DEBUG: *	501	+disjointig_570	0	5124	5124	
[2026-09-24 08:42:09] DEBUG: *	502	+disjointig_572	0	28865	28865	
[2026-09-24 08:42:09] DEBUG: *	503	+disjointig_573	0	9344	9344	
[2026-09-24 08:42:09] DEBUG: *	504	+disjointig_574	0	6228	6228	
[2026-09-24 08:42:09] DEBUG: *	505	+disjointig_575	0	10890	10890	
[2026-09-24 08:42:09] DEBUG: *	506	+disjointig_576	0	10388	10388	
[2026-09-24 08:42:09] DEBUG: *	507	+disjointig_577	0	13366	13366	
[2026-09-24 08:42:09] DEBUG: *	508	+disjointig_578	0	10647	10647	
[2026-09-24 08:42:09] DEBUG: *	509	+disjointig_579	0	18175	18175	
[2026-09-24 08:42:09] DEBUG: *	510	+disjointig_58	0	41554	41554	
[2026-09-24 08:42:09] DEBUG: *	511	+disjointig_581	0	11433	11433	
[2026-09-24 08:42:09] DEBUG: *	512	+disjointig_582	0	7002	7002	
[2026-09-24 08:42:09] DEBUG: *	513	+disjointig_583	0	10491	10491	
[2026-09-24 08:42:09] DEBUG: *	514	+disjointig_584	0	9930	9930	
[2026-09-24 08:42:09] DEBUG: *	515	+disjointig_585	0	12948	12948	
[2026-09-24 08:42:09] DEBUG: *	516	+disjointig_586	0	4819	4819	
[2026-09-24 08:42:09] DEBUG: *	517	+disjointig_587	0	12937	12937	
[2026-09-24 08:42:09] DEBUG: *	518	+disjointig_588	0	9601	9601	
[2026-09-24 08:42:09] DEBUG: *	519	+disjointig_589	0	13016	13016	
[2026-09-24 08:42:09] DEBUG: *	520	+disjointig_59	0	18683	18683	
[2026-09-24 08:42:09] DEBUG: *	521	+disjointig_590	0	7456	7456	
[2026-09-24 08:42:09] DEBUG: *	522	+disjointig_591	0	6006	6006	
[2026-09-24 08:42:09] DEBUG: *	523	+disjointig_592	0	25283	25283	
[2026-09-24 08:42:09] DEBUG: *	524	+disjointig_593	0	16462	16462	
[2026-09-24 08:42:09] DEBUG: *	525	+disjointig_594	0	7884	7884	
[2026-09-24 08:42:09] DEBUG: *	526	+disjointig_595	0	7337	7337	
[2026-09-24 08:42:09] DEBUG: *	527	+disjointig_596	0	10575	10575	
[2026-09-24 08:42:09] DEBUG: *	528	+disjointig_599	0	21694	21694	
[2026-09-24 08:42:09] DEBUG: *	529	+disjointig_6	0	35486	35486	
[2026-09-24 08:42:09] DEBUG: *	530	+disjointig_60	0	23287	23287	
[2026-09-24 08:42:09] DEBUG: *	531	+disjointig_600	0	5923	5923	
[2026-09-24 08:42:09] DEBUG: *	532	+disjointig_601	0	8101	8101	
[2026-09-24 08:42:09] DEBUG: *	533	+disjointig_602	0	7125	7125	
[2026-09-24 08:42:09] DEBUG: *	534	+disjointig_603	0	12163	12163	
[2026-09-24 08:42:09] DEBUG: *	535	+disjointig_604	0	5586	5586	
[2026-09-24 08:42:09] DEBUG: *	536	+disjointig_605	0	12421	12421	
[2026-09-24 08:42:09] DEBUG: *	537	+disjointig_606	0	12311	12311	
[2026-09-24 08:42:09] DEBUG: *	538	+disjointig_607	0	4515	4515	
[2026-09-24 08:42:09] DEBUG: *	539	+disjointig_608	0	9565	9565	
[2026-09-24 08:42:09] DEBUG: *	540	+disjointig_609	0	6250	6250	
[2026-09-24 08:42:09] DEBUG: *	541	+disjointig_61	0	16903	16903	
[2026-09-24 08:42:09] DEBUG: *	542	+disjointig_610	0	8422	8422	
[2026-09-24 08:42:09] DEBUG: *	543	+disjointig_611	0	10488	10488	
[2026-09-24 08:42:09] DEBUG: *	544	+disjointig_612	0	14362	14362	
[2026-09-24 08:42:09] DEBUG: *	545	+disjointig_613	0	5801	5801	
[2026-09-24 08:42:09] DEBUG: *	546	+disjointig_615	0	15544	15544	
[2026-09-24 08:42:09] DEBUG: *	547	+disjointig_616	0	8860	8860	
[2026-09-24 08:42:09] DEBUG: *	548	+disjointig_617	0	9672	9672	
[2026-09-24 08:42:09] DEBUG: *	549	+disjointig_618	0	5820	5820	
[2026-09-24 08:42:09] DEBUG: *	550	+disjointig_619	0	6533	6533	
[2026-09-24 08:42:09] DEBUG: *	551	+disjointig_62	0	8254	8254	
[2026-09-24 08:42:09] DEBUG: *	552	+disjointig_620	0	5155	5155	
[2026-09-24 08:42:09] DEBUG: *	553	+disjointig_621	0	13879	13879	
[2026-09-24 08:42:09] DEBUG: *	554	+disjointig_622	0	8024	8024	
[2026-09-24 08:42:09] DEBUG: *	555	+disjointig_623	0	6303	6303	
[2026-09-24 08:42:09] DEBUG: *	556	+disjointig_624	0	11900	11900	
[2026-09-24 08:42:09] DEBUG: *	557	+disjointig_625	0	7326	7326	
[2026-09-24 08:42:09] DEBUG: *	558	+disjointig_626	0	17434	17434	
[2026-09-24 08:42:09] DEBUG: *	559	+disjointig_628	0	7066	7066	
[2026-09-24 08:42:09] DEBUG: *	560	+disjointig_629	0	21769	21769	
[2026-09-24 08:42:09] DEBUG: *	561	+disjointig_63	0	29995	29995	
[2026-09-24 08:42:09] DEBUG: *	562	+disjointig_630	0	23588	23588	
[2026-09-24 08:42:09] DEBUG: *	563	+disjointig_631	0	10302	10302	
[2026-09-24 08:42:09] DEBUG: *	564	+disjointig_632	0	7577	7577	
[2026-09-24 08:42:09] DEBUG: *	565	+disjointig_633	0	4799	4799	
[2026-09-24 08:42:09] DEBUG: *	566	+disjointig_634	0	4232	4232	
[2026-09-24 08:42:09] DEBUG: *	567	+disjointig_636	0	8248	8248	
[2026-09-24 08:42:09] DEBUG: *	568	+disjointig_637	0	10142	10142	
[2026-09-24 08:42:09] DEBUG: *	569	+disjointig_638	0	16438	16438	
[2026-09-24 08:42:09] DEBUG: *	570	+disjointig_639	0	8272	8272	
[2026-09-24 08:42:09] DEBUG: *	571	+disjointig_64	0	6478	6478	
[2026-09-24 08:42:09] DEBUG: *	572	+disjointig_640	0	24111	24111	
[2026-09-24 08:42:09] DEBUG: *	573	+disjointig_641	0	7177	7177	
[2026-09-24 08:42:09] DEBUG: *	574	+disjointig_642	0	7337	7337	
[2026-09-24 08:42:09] DEBUG: *	575	+disjointig_643	0	21594	21594	
[2026-09-24 08:42:09] DEBUG: *	576	+disjointig_644	0	19394	19394	
[2026-09-24 08:42:09] DEBUG: *	577	+disjointig_645	0	17081	17081	
[2026-09-24 08:42:09] DEBUG: *	578	+disjointig_648	0	6997	6997	
[2026-09-24 08:42:09] DEBUG: *	579	+disjointig_649	0	13418	13418	
[2026-09-24 08:42:09] DEBUG: *	580	+disjointig_65	0	6125	6125	
[2026-09-24 08:42:09] DEBUG: *	581	+disjointig_650	0	5363	5363	
[2026-09-24 08:42:09] DEBUG: *	582	+disjointig_651	0	11009	11009	
[2026-09-24 08:42:09] DEBUG: *	583	+disjointig_652	0	6934	6934	
[2026-09-24 08:42:09] DEBUG: *	584	+disjointig_653	0	5760	5760	
[2026-09-24 08:42:09] DEBUG: *	585	+disjointig_654	0	5268	5268	
[2026-09-24 08:42:09] DEBUG: *	586	+disjointig_655	0	8633	8633	
[2026-09-24 08:42:09] DEBUG: *	587	+disjointig_656	0	5246	5246	
[2026-09-24 08:42:09] DEBUG: *	588	+disjointig_657	0	14258	14258	
[2026-09-24 08:42:09] DEBUG: *	589	+disjointig_658	0	6756	6756	
[2026-09-24 08:42:09] DEBUG: *	590	+disjointig_659	0	9957	9957	
[2026-09-24 08:42:09] DEBUG: *	591	+disjointig_66	0	35488	35488	
[2026-09-24 08:42:09] DEBUG: *	592	+disjointig_660	0	5810	5810	
[2026-09-24 08:42:09] DEBUG: *	593	+disjointig_661	0	12550	12550	
[2026-09-24 08:42:09] DEBUG: *	594	+disjointig_662	0	11362	11362	
[2026-09-24 08:42:09] DEBUG: *	595	+disjointig_663	0	9066	9066	
[2026-09-24 08:42:09] DEBUG: *	596	+disjointig_664	0	17741	17741	
[2026-09-24 08:42:09] DEBUG: *	597	+disjointig_665	0	6379	6379	
[2026-09-24 08:42:09] DEBUG: *	598	+disjointig_667	0	14052	14052	
[2026-09-24 08:42:09] DEBUG: *	599	+disjointig_668	0	6733	6733	
[2026-09-24 08:42:09] DEBUG: *	600	+disjointig_669	0	10176	10176	
[2026-09-24 08:42:09] DEBUG: *	601	+disjointig_671	0	6172	6172	
[2026-09-24 08:42:09] DEBUG: *	602	+disjointig_672	0	8344	8344	
[2026-09-24 08:42:09] DEBUG: *	603	+disjointig_673	0	6269	6269	
[2026-09-24 08:42:09] DEBUG: *	604	+disjointig_674	0	6048	6048	
[2026-09-24 08:42:09] DEBUG: *	605	+disjointig_675	0	6576	6576	
[2026-09-24 08:42:09] DEBUG: *	606	+disjointig_676	0	10088	10088	
[2026-09-24 08:42:09] DEBUG: *	607	+disjointig_677	0	8600	8600	
[2026-09-24 08:42:09] DEBUG: *	608	+disjointig_678	0	7537	7537	
[2026-09-24 08:42:09] DEBUG: *	609	+disjointig_679	0	4775	4775	
[2026-09-24 08:42:09] DEBUG: *	610	+disjointig_68	0	43262	43262	
[2026-09-24 08:42:09] DEBUG: *	611	+disjointig_680	0	6381	6381	
[2026-09-24 08:42:09] DEBUG: *	612	+disjointig_681	0	13719	13719	
[2026-09-24 08:42:09] DEBUG: *	613	+disjointig_682	0	12206	12206	
[2026-09-24 08:42:09] DEBUG: *	614	+disjointig_683	0	11838	11838	
[2026-09-24 08:42:09] DEBUG: *	615	+disjointig_684	0	8614	8614	
[2026-09-24 08:42:09] DEBUG: *	616	+disjointig_685	0	9550	9550	
[2026-09-24 08:42:09] DEBUG: *	617	+disjointig_686	0	7077	7077	
[2026-09-24 08:42:09] DEBUG: *	618	+disjointig_687	0	19491	19491	
[2026-09-24 08:42:09] DEBUG: *	619	+disjointig_688	0	12038	12038	
[2026-09-24 08:42:09] DEBUG: *	620	+disjointig_689	0	11690	11690	
[2026-09-24 08:42:09] DEBUG: *	621	+disjointig_69	0	35038	35038	
[2026-09-24 08:42:09] DEBUG: *	622	+disjointig_690	0	7084	7084	
[2026-09-24 08:42:09] DEBUG: *	623	+disjointig_691	0	8022	8022	
[2026-09-24 08:42:09] DEBUG: *	624	+disjointig_692	0	10598	10598	
[2026-09-24 08:42:09] DEBUG: *	625	+disjointig_694	0	15320	15320	
[2026-09-24 08:42:09] DEBUG: *	626	+disjointig_695	0	11019	11019	
[2026-09-24 08:42:09] DEBUG: *	627	+disjointig_696	0	19694	19694	
[2026-09-24 08:42:09] DEBUG: *	628	+disjointig_697	0	17065	17065	
[2026-09-24 08:42:09] DEBUG: *	629	+disjointig_698	0	6856	6856	
[2026-09-24 08:42:09] DEBUG: *	630	+disjointig_699	0	12893	12893	
[2026-09-24 08:42:09] DEBUG: *	631	+disjointig_7	0	36834	36834	
[2026-09-24 08:42:09] DEBUG: *	632	+disjointig_70	0	11878	11878	
[2026-09-24 08:42:09] DEBUG: *	633	+disjointig_700	0	10562	10562	
[2026-09-24 08:42:09] DEBUG: *	634	+disjointig_701	0	11531	11531	
[2026-09-24 08:42:09] DEBUG: *	635	+disjointig_702	0	5210	5210	
[2026-09-24 08:42:09] DEBUG: *	636	+disjointig_703	0	6205	6205	
[2026-09-24 08:42:09] DEBUG: *	637	+disjointig_704	0	13449	13449	
[2026-09-24 08:42:09] DEBUG: *	638	+disjointig_705	0	7535	7535	
[2026-09-24 08:42:09] DEBUG: *	639	+disjointig_706	0	12115	12115	
[2026-09-24 08:42:09] DEBUG: *	640	+disjointig_707	0	4582	4582	
[2026-09-24 08:42:09] DEBUG: *	641	+disjointig_708	0	8222	8222	
[2026-09-24 08:42:09] DEBUG: *	642	+disjointig_709	0	4086	4086	
[2026-09-24 08:42:09] DEBUG: *	643	+disjointig_71	0	21459	21459	
[2026-09-24 08:42:09] DEBUG: *	644	+disjointig_710	0	4950	4950	
[2026-09-24 08:42:09] DEBUG: *	645	+disjointig_711	0	15593	15593	
[2026-09-24 08:42:09] DEBUG: *	646	+disjointig_712	0	4891	4891	
[2026-09-24 08:42:09] DEBUG: *	647	+disjointig_713	0	10178	10178	
[2026-09-24 08:42:09] DEBUG: *	648	+disjointig_714	0	4566	4566	
[2026-09-24 08:42:09] DEBUG: *	649	+disjointig_715	0	19061	19061	
[2026-09-24 08:42:09] DEBUG: *	650	+disjointig_716	0	10334	10334	
[2026-09-24 08:42:09] DEBUG: *	651	+disjointig_717	0	8616	8616	
[2026-09-24 08:42:09] DEBUG: *	652	+disjointig_718	0	6672	6672	
[2026-09-24 08:42:09] DEBUG: *	653	+disjointig_719	0	13083	13083	
[2026-09-24 08:42:09] DEBUG: *	654	+disjointig_72	0	26157	26157	
[2026-09-24 08:42:09] DEBUG: *	655	+disjointig_720	0	9377	9377	
[2026-09-24 08:42:09] DEBUG: *	656	+disjointig_721	0	9993	9993	
[2026-09-24 08:42:09] DEBUG: *	657	+disjointig_722	0	6723	6723	
[2026-09-24 08:42:09] DEBUG: *	658	+disjointig_723	0	4826	4826	
[2026-09-24 08:42:09] DEBUG: *	659	+disjointig_724	0	16981	16981	
[2026-09-24 08:42:09] DEBUG: *	660	+disjointig_725	0	5643	5643	
[2026-09-24 08:42:09] DEBUG: *	661	+disjointig_726	0	6742	6742	
[2026-09-24 08:42:09] DEBUG: *	662	+disjointig_727	0	4142	4142	
[2026-09-24 08:42:09] DEBUG: *	663	+disjointig_728	0	5310	5310	
[2026-09-24 08:42:09] DEBUG: *	664	+disjointig_729	0	15943	15943	
[2026-09-24 08:42:09] DEBUG: *	665	+disjointig_73	0	6714	6714	
[2026-09-24 08:42:09] DEBUG: *	666	+disjointig_730	0	18708	18708	
[2026-09-24 08:42:09] DEBUG: *	667	+disjointig_731	0	10417	10417	
[2026-09-24 08:42:09] DEBUG: *	668	+disjointig_732	0	8591	8591	
[2026-09-24 08:42:09] DEBUG: *	669	+disjointig_733	0	7037	7037	
[2026-09-24 08:42:09] DEBUG: *	670	+disjointig_735	0	14037	14037	
[2026-09-24 08:42:09] DEBUG: *	671	+disjointig_736	0	8957	8957	
[2026-09-24 08:42:09] DEBUG: *	672	+disjointig_737	0	17947	17947	
[2026-09-24 08:42:09] DEBUG: *	673	+disjointig_738	0	21053	21053	
[2026-09-24 08:42:09] DEBUG: *	674	+disjointig_739	0	7545	7545	
[2026-09-24 08:42:09] DEBUG: *	675	+disjointig_74	0	39380	39380	
[2026-09-24 08:42:09] DEBUG: *	676	+disjointig_740	0	10411	10411	
[2026-09-24 08:42:09] DEBUG: *	677	+disjointig_741	0	10426	10426	
[2026-09-24 08:42:09] DEBUG: *	678	+disjointig_742	0	4465	4465	
[2026-09-24 08:42:09] DEBUG: *	679	+disjointig_743	0	10016	10016	
[2026-09-24 08:42:09] DEBUG: *	680	+disjointig_744	0	10887	10887	
[2026-09-24 08:42:09] DEBUG: *	681	+disjointig_745	0	11664	11664	
[2026-09-24 08:42:09] DEBUG: *	682	+disjointig_746	0	6902	6902	
[2026-09-24 08:42:09] DEBUG: *	683	+disjointig_747	0	6135	6135	
[2026-09-24 08:42:09] DEBUG: *	684	+disjointig_748	0	11098	11098	
[2026-09-24 08:42:09] DEBUG: *	685	+disjointig_749	0	4201	4201	
[2026-09-24 08:42:09] DEBUG: *	686	+disjointig_75	0	16017	16017	
[2026-09-24 08:42:09] DEBUG: *	687	+disjointig_750	0	8766	8766	
[2026-09-24 08:42:09] DEBUG: *	688	+disjointig_751	0	6056	6056	
[2026-09-24 08:42:09] DEBUG: *	689	+disjointig_752	0	8093	8093	
[2026-09-24 08:42:09] DEBUG: *	690	+disjointig_754	0	6376	6376	
[2026-09-24 08:42:09] DEBUG: *	691	+disjointig_755	0	15408	15408	
[2026-09-24 08:42:09] DEBUG: *	692	+disjointig_756	0	10142	10142	
[2026-09-24 08:42:09] DEBUG: *	693	+disjointig_757	0	7664	7664	
[2026-09-24 08:42:09] DEBUG: *	694	+disjointig_758	0	9081	9081	
[2026-09-24 08:42:09] DEBUG: *	695	+disjointig_759	0	8331	8331	
[2026-09-24 08:42:09] DEBUG: *	696	+disjointig_76	0	7926	7926	
[2026-09-24 08:42:09] DEBUG: *	697	+disjointig_760	0	8019	8019	
[2026-09-24 08:42:09] DEBUG: *	698	+disjointig_761	0	9385	9385	
[2026-09-24 08:42:09] DEBUG: *	699	+disjointig_762	0	13047	13047	
[2026-09-24 08:42:09] DEBUG: *	700	+disjointig_763	0	4016	4016	
[2026-09-24 08:42:09] DEBUG: *	701	+disjointig_764	0	15829	15829	
[2026-09-24 08:42:09] DEBUG: *	702	+disjointig_765	0	14835	14835	
[2026-09-24 08:42:09] DEBUG: *	703	+disjointig_766	0	15112	15112	
[2026-09-24 08:42:09] DEBUG: *	704	+disjointig_767	0	15171	15171	
[2026-09-24 08:42:09] DEBUG: *	705	+disjointig_768	0	22054	22054	
[2026-09-24 08:42:09] DEBUG: *	706	+disjointig_769	0	11875	11875	
[2026-09-24 08:42:09] DEBUG: *	707	+disjointig_77	0	26186	26186	
[2026-09-24 08:42:09] DEBUG: *	708	+disjointig_770	0	11717	11717	
[2026-09-24 08:42:09] DEBUG: *	709	+disjointig_771	0	9268	9268	
[2026-09-24 08:42:09] DEBUG: *	710	+disjointig_773	0	13289	13289	
[2026-09-24 08:42:09] DEBUG: *	711	+disjointig_774	0	7199	7199	
[2026-09-24 08:42:09] DEBUG: *	712	+disjointig_775	0	18388	18388	
[2026-09-24 08:42:09] DEBUG: *	713	+disjointig_776	0	6371	6371	
[2026-09-24 08:42:09] DEBUG: *	714	+disjointig_777	0	6887	6887	
[2026-09-24 08:42:09] DEBUG: *	715	+disjointig_778	0	7578	7578	
[2026-09-24 08:42:09] DEBUG: *	716	+disjointig_78	0	9043	9043	
[2026-09-24 08:42:09] DEBUG: *	717	+disjointig_79	0	40796	40796	
[2026-09-24 08:42:09] DEBUG: *	718	+disjointig_8	0	26026	26026	
[2026-09-24 08:42:09] DEBUG: *	719	+disjointig_80	0	26431	26431	
[2026-09-24 08:42:09] DEBUG: *	720	+disjointig_81	0	39494	39494	
[2026-09-24 08:42:09] DEBUG: *	721	+disjointig_82	0	18035	18035	
[2026-09-24 08:42:09] DEBUG: *	722	+disjointig_83	0	13175	13175	
[2026-09-24 08:42:09] DEBUG: *	723	+disjointig_84	0	21515	21515	
[2026-09-24 08:42:09] DEBUG: *	724	+disjointig_85	0	23888	23888	
[2026-09-24 08:42:09] DEBUG: *	725	+disjointig_86	0	12890	12890	
[2026-09-24 08:42:09] DEBUG: *	726	+disjointig_87	0	13513	13513	
[2026-09-24 08:42:09] DEBUG: *	727	+disjointig_88	0	38272	38272	
[2026-09-24 08:42:09] DEBUG: *	728	+disjointig_89	0	12082	12082	
[2026-09-24 08:42:09] DEBUG: *	729	+disjointig_9	0	21794	21794	
[2026-09-24 08:42:09] DEBUG: *	730	+disjointig_90	0	78400	78400	
[2026-09-24 08:42:09] DEBUG: *	731	+disjointig_91	0	49360	49360	
[2026-09-24 08:42:09] DEBUG: *	732	+disjointig_92	0	12853	12853	
[2026-09-24 08:42:09] DEBUG: *	733	+disjointig_94	0	19414	19414	
[2026-09-24 08:42:09] DEBUG: *	734	+disjointig_95	0	40065	40065	
[2026-09-24 08:42:09] DEBUG: *	741	+disjointig_95	40065	57862	17797	
[2026-09-24 08:42:09] DEBUG: *	737	+disjointig_96	0	21018	21018	
[2026-09-24 08:42:09] DEBUG: *	738	+disjointig_97	0	63364	63364	
[2026-09-24 08:42:09] DEBUG: *	739	+disjointig_98	0	40201	40201	
[2026-09-24 08:42:09] DEBUG: *	740	+disjointig_99	0	4350	4350	
[2026-09-24 08:42:09] DEBUG: Total edges: 741
[2026-09-24 08:42:09] INFO: Parsing reads
[2026-09-24 08:42:10] DEBUG: Building positional index
[2026-09-24 08:42:10] DEBUG: Total sequence: 122584622 bp
[2026-09-24 08:42:10] DEBUG: Building positional index
[2026-09-24 08:42:10] DEBUG: Total sequence: 13103363 bp
[2026-09-24 08:42:10] INFO: Aligning reads to the graph
[2026-09-24 08:42:10] DEBUG: Mean k-mer frequency: 1.01745
[2026-09-24 08:42:10] DEBUG: Repetitive k-mer frequency: 101
[2026-09-24 08:42:10] DEBUG: Filtered 0 repetitive k-mers (0)
[2026-09-24 08:42:11] DEBUG: Sorting k-mer index
[2026-09-24 08:42:11] DEBUG: Selected k-mers: 12866311
[2026-09-24 08:42:11] DEBUG: K-mer index size: 13090783
[2026-09-24 08:42:11] DEBUG: Mean k-mer frequency: 1.01745
[2026-09-24 08:42:11] DEBUG: Minimizer rate: 1.00096
[2026-09-24 08:42:14] DEBUG: Total reads : 13876
[2026-09-24 08:42:14] DEBUG: Read with aligned parts : 7985
[2026-09-24 08:42:14] DEBUG: Aligned in one piece : 7951
[2026-09-24 08:42:14] INFO: Aligned read sequence: 59604081 / 110855999 (0.537671)
[2026-09-24 08:42:14] INFO: Median overlap divergence: 0.167645
[2026-09-24 08:42:14] DEBUG: Sequence divergence distribution: 

    |             * *                      ****        |                                                 
    |            ** *                     *****        |                                                 
    |            *****                    *****        |                                                 
    |            *******                  *******      |                                                 
    |            *******                 *********     |                                                 
    |           ********                 *********     |                                                 
    |           ********                ***********    |                                                 
    |           *********               ************   |                                                 
    |           *********              *************   |                                                 
    |          ***********            ***************  |                                                 
    |          ***********            ***************  |                                                 
    |          ************          ******************|                                                 
    |          *************         ******************|                                                 
    |         ***************       ********************                                                 
    |*        ***************  ** * ********************                                                 
    |*        *********************************************                                              
    |*       ***********************************************                                             
    |*      *************************************************                                            
    |**********************************************************                                          
    |*************************************************************** * *     *                           
    ----------------------------------------------------------------------------------------------------
    0%        5%        10%       15%       20%       25%       30%       35%       40%       45%       

    Q25 = 0.084, Q50 = 0.17, Q75 = 0.21

[2026-09-24 08:42:14] INFO: Mean edge coverage: 4
[2026-09-24 08:42:14] DEBUG: 1	len:8111	cov:1	mult:0.25
[2026-09-24 08:42:14] DEBUG: -1	len:8111	cov:1	mult:0.25
[2026-09-24 08:42:14] DEBUG: 2	len:20544	cov:1	mult:0.25
[2026-09-24 08:42:14] DEBUG: -2	len:20544	cov:1	mult:0.25
[2026-09-24 08:42:14] DEBUG: 3	len:45881	cov:2	mult:0.5
[2026-09-24 08:42:14] DEBUG: -3	len:45881	cov:2	mult:0.5
[2026-09-24 08:42:14] DEBUG: 4	len:22778	cov:5	mult:1.25
[2026-09-24 08:42:14] DEBUG: -4	len:22778	cov:5	mult:1.25
[2026-09-24 08:42:14] DEBUG: 5	len:15857	cov:7	mult:1.75
[2026-09-24 08:42:14] DEBUG: -5	len:15857	cov:7	mult:1.75
[2026-09-24 08:42:14] DEBUG: 6	len:17773	cov:4	mult:1
[2026-09-24 08:42:14] DEBUG: -6	len:17773	cov:4	mult:1
[2026-09-24 08:42:14] DEBUG: 7	len:35895	cov:6	mult:1.5
[2026-09-24 08:42:14] DEBUG: -7	len:35895	cov:6	mult:1.5
[2026-09-24 08:42:14] DEBUG: 8	len:48388	cov:7	mult:1.75
[2026-09-24 08:42:14] DEBUG: -8	len:48388	cov:7	mult:1.75
[2026-09-24 08:42:14] DEBUG: 9	len:6604	cov:2	mult:0.5
[2026-09-24 08:42:14] DEBUG: -9	len:6604	cov:2	mult:0.5
[2026-09-24 08:42:14] DEBUG: 10	len:28931	cov:2	mult:0.5
[2026-09-24 08:42:14] DEBUG: -10	len:28931	cov:2	mult:0.5
[2026-09-24 08:42:14] DEBUG: 11	len:43431	cov:6	mult:1.5
[2026-09-24 08:42:14] DEBUG: -11	len:43431	cov:6	mult:1.5
[2026-09-24 08:42:14] DEBUG: 12	len:7774	cov:1	mult:0.25
[2026-09-24 08:42:14] DEBUG: -12	len:7774	cov:1	mult:0.25
[2026-09-24 08:42:14] DEBUG: 13	len:26508	cov:3	mult:0.75
[2026-09-24 08:42:14] DEBUG: -13	len:26508	cov:3	mult:0.75
[2026-09-24 08:42:14] DEBUG: 14	len:13802	cov:2	mult:0.5
[2026-09-24 08:42:14] DEBUG: -14	len:13802	cov:2	mult:0.5
[2026-09-24 08:42:14] DEBUG: 15	len:13354	cov:0	mult:0
[2026-09-24 08:42:14] DEBUG: -15	len:13354	cov:0	mult:0
[2026-09-24 08:42:14] DEBUG: 16	len:6494	cov:1	mult:0.25
[2026-09-24 08:42:14] DEBUG: -16	len:6494	cov:1	mult:0.25
[2026-09-24 08:42:14] DEBUG: 17	len:4609	cov:2	mult:0.5
[2026-09-24 08:42:14] DEBUG: -17	len:4609	cov:2	mult:0.5
[2026-09-24 08:42:14] DEBUG: 18	len:17897	cov:7	mult:1.75
[2026-09-24 08:42:14] DEBUG: -18	len:17897	cov:7	mult:1.75
[2026-09-24 08:42:14] DEBUG: 19	len:63244	cov:5	mult:1.25
[2026-09-24 08:42:14] DEBUG: -19	len:63244	cov:5	mult:1.25
[2026-09-24 08:42:14] DEBUG: 20	len:14505	cov:1	mult:0.25
[2026-09-24 08:42:14] DEBUG: -20	len:14505	cov:1	mult:0.25
[2026-09-24 08:42:14] DEBUG: 21	len:74435	cov:4	mult:1
[2026-09-24 08:42:14] DEBUG: -21	len:74435	cov:4	mult:1
[2026-09-24 08:42:14] DEBUG: 22	len:29488	cov:4	mult:1
[2026-09-24 08:42:14] DEBUG: -22	len:29488	cov:4	mult:1
[2026-09-24 08:42:14] DEBUG: 23	len:43996	cov:4	mult:1
[2026-09-24 08:42:14] DEBUG: -23	len:43996	cov:4	mult:1
[2026-09-24 08:42:14] DEBUG: 24	len:17626	cov:8	mult:2
[2026-09-24 08:42:14] DEBUG: -24	len:17626	cov:8	mult:2
[2026-09-24 08:42:14] DEBUG: 25	len:38771	cov:12	mult:3
[2026-09-24 08:42:14] DEBUG: -25	len:38771	cov:12	mult:3
[2026-09-24 08:42:14] DEBUG: 26	len:18708	cov:2	mult:0.5
[2026-09-24 08:42:14] DEBUG: -26	len:18708	cov:2	mult:0.5
[2026-09-24 08:42:14] DEBUG: 27	len:4289	cov:1	mult:0.25
[2026-09-24 08:42:14] DEBUG: -27	len:4289	cov:1	mult:0.25
[2026-09-24 08:42:14] DEBUG: 28	len:24775	cov:3	mult:0.75
[2026-09-24 08:42:14] DEBUG: -28	len:24775	cov:3	mult:0.75
[2026-09-24 08:42:14] DEBUG: 29	len:13689	cov:2	mult:0.5
[2026-09-24 08:42:14] DEBUG: -29	len:13689	cov:2	mult:0.5
[2026-09-24 08:42:14] DEBUG: 30	len:32465	cov:6	mult:1.5
[2026-09-24 08:42:14] DEBUG: -30	len:32465	cov:6	mult:1.5
[2026-09-24 08:42:14] DEBUG: 31	len:5389	cov:2	mult:0.5
[2026-09-24 08:42:14] DEBUG: -31	len:5389	cov:2	mult:0.5
[2026-09-24 08:42:14] DEBUG: 32	len:13958	cov:1	mult:0.25
[2026-09-24 08:42:14] DEBUG: -32	len:13958	cov:1	mult:0.25
[2026-09-24 08:42:14] DEBUG: 33	len:6668	cov:3	mult:0.75
[2026-09-24 08:42:14] DEBUG: -33	len:6668	cov:3	mult:0.75
[2026-09-24 08:42:14] DEBUG: 34	len:11490	cov:3	mult:0.75
[2026-09-24 08:42:14] DEBUG: -34	len:11490	cov:3	mult:0.75
[2026-09-24 08:42:14] DEBUG: 35	len:22670	cov:1	mult:0.25
[2026-09-24 08:42:14] DEBUG: -35	len:22670	cov:1	mult:0.25
[2026-09-24 08:42:14] DEBUG: 36	len:40672	cov:1	mult:0.25
[2026-09-24 08:42:14] DEBUG: -36	len:40672	cov:1	mult:0.25
[2026-09-24 08:42:14] DEBUG: 37	len:29277	cov:4	mult:1
[2026-09-24 08:42:14] DEBUG: -37	len:29277	cov:4	mult:1
[2026-09-24 08:42:14] DEBUG: 38	len:72277	cov:5	mult:1.25
[2026-09-24 08:42:14] DEBUG: -38	len:72277	cov:5	mult:1.25
[2026-09-24 08:42:14] DEBUG: 39	len:29582	cov:3	mult:0.75
[2026-09-24 08:42:14] DEBUG: -39	len:29582	cov:3	mult:0.75
[2026-09-24 08:42:14] DEBUG: 40	len:81790	cov:6	mult:1.5
[2026-09-24 08:42:14] DEBUG: -40	len:81790	cov:6	mult:1.5
[2026-09-24 08:42:14] DEBUG: 41	len:14589	cov:3	mult:0.75
[2026-09-24 08:42:14] DEBUG: -41	len:14589	cov:3	mult:0.75
[2026-09-24 08:42:14] DEBUG: 42	len:44156	cov:6	mult:1.5
[2026-09-24 08:42:14] DEBUG: -42	len:44156	cov:6	mult:1.5
[2026-09-24 08:42:14] DEBUG: 43	len:27109	cov:5	mult:1.25
[2026-09-24 08:42:14] DEBUG: -43	len:27109	cov:5	mult:1.25
[2026-09-24 08:42:14] DEBUG: 44	len:51742	cov:4	mult:1
[2026-09-24 08:42:14] DEBUG: -44	len:51742	cov:4	mult:1
[2026-09-24 08:42:14] DEBUG: 45	len:23653	cov:5	mult:1.25
[2026-09-24 08:42:14] DEBUG: -45	len:23653	cov:5	mult:1.25
[2026-09-24 08:42:14] DEBUG: 46	len:46017	cov:6	mult:1.5
[2026-09-24 08:42:14] DEBUG: -46	len:46017	cov:6	mult:1.5
[2026-09-24 08:42:14] DEBUG: 47	len:44416	cov:9	mult:2.25
[2026-09-24 08:42:14] DEBUG: -47	len:44416	cov:9	mult:2.25
[2026-09-24 08:42:14] DEBUG: 48	len:21982	cov:2	mult:0.5
[2026-09-24 08:42:14] DEBUG: -48	len:21982	cov:2	mult:0.5
[2026-09-24 08:42:14] DEBUG: 49	len:40280	cov:4	mult:1
[2026-09-24 08:42:14] DEBUG: -49	len:40280	cov:4	mult:1
[2026-09-24 08:42:14] DEBUG: 50	len:12856	cov:2	mult:0.5
[2026-09-24 08:42:14] DEBUG: -50	len:12856	cov:2	mult:0.5
[2026-09-24 08:42:14] DEBUG: 51	len:49753	cov:4	mult:1
[2026-09-24 08:42:14] DEBUG: -51	len:49753	cov:4	mult:1
[2026-09-24 08:42:14] DEBUG: 52	len:7203	cov:2	mult:0.5
[2026-09-24 08:42:14] DEBUG: -52	len:7203	cov:2	mult:0.5
[2026-09-24 08:42:14] DEBUG: 53	len:32175	cov:7	mult:1.75
[2026-09-24 08:42:14] DEBUG: -53	len:32175	cov:7	mult:1.75
[2026-09-24 08:42:14] DEBUG: 54	len:11064	cov:4	mult:1
[2026-09-24 08:42:14] DEBUG: -54	len:11064	cov:4	mult:1
[2026-09-24 08:42:14] DEBUG: 55	len:6279	cov:1	mult:0.25
[2026-09-24 08:42:14] DEBUG: -55	len:6279	cov:1	mult:0.25
[2026-09-24 08:42:14] DEBUG: 56	len:10304	cov:4	mult:1
[2026-09-24 08:42:14] DEBUG: -56	len:10304	cov:4	mult:1
[2026-09-24 08:42:14] DEBUG: 57	len:27228	cov:5	mult:1.25
[2026-09-24 08:42:14] DEBUG: -57	len:27228	cov:5	mult:1.25
[2026-09-24 08:42:14] DEBUG: 58	len:8632	cov:3	mult:0.75
[2026-09-24 08:42:14] DEBUG: -58	len:8632	cov:3	mult:0.75
[2026-09-24 08:42:14] DEBUG: 59	len:4605	cov:3	mult:0.75
[2026-09-24 08:42:14] DEBUG: -59	len:4605	cov:3	mult:0.75
[2026-09-24 08:42:14] DEBUG: 60	len:15939	cov:2	mult:0.5
[2026-09-24 08:42:14] DEBUG: -60	len:15939	cov:2	mult:0.5
[2026-09-24 08:42:14] DEBUG: 61	len:25065	cov:5	mult:1.25
[2026-09-24 08:42:14] DEBUG: -61	len:25065	cov:5	mult:1.25
[2026-09-24 08:42:14] DEBUG: 62	len:45508	cov:6	mult:1.5
[2026-09-24 08:42:14] DEBUG: -62	len:45508	cov:6	mult:1.5
[2026-09-24 08:42:14] DEBUG: 63	len:5993	cov:2	mult:0.5
[2026-09-24 08:42:14] DEBUG: -63	len:5993	cov:2	mult:0.5
[2026-09-24 08:42:14] DEBUG: 64	len:40093	cov:5	mult:1.25
[2026-09-24 08:42:14] DEBUG: -64	len:40093	cov:5	mult:1.25
[2026-09-24 08:42:14] DEBUG: 65	len:4524	cov:2	mult:0.5
[2026-09-24 08:42:14] DEBUG: -65	len:4524	cov:2	mult:0.5
[2026-09-24 08:42:14] DEBUG: 66	len:21801	cov:3	mult:0.75
[2026-09-24 08:42:14] DEBUG: -66	len:21801	cov:3	mult:0.75
[2026-09-24 08:42:14] DEBUG: 67	len:5717	cov:1	mult:0.25
[2026-09-24 08:42:14] DEBUG: -67	len:5717	cov:1	mult:0.25
[2026-09-24 08:42:14] DEBUG: 68	len:12664	cov:1	mult:0.25
[2026-09-24 08:42:14] DEBUG: -68	len:12664	cov:1	mult:0.25
[2026-09-24 08:42:14] DEBUG: 69	len:41791	cov:2	mult:0.5
[2026-09-24 08:42:14] DEBUG: -69	len:41791	cov:2	mult:0.5
[2026-09-24 08:42:14] DEBUG: 70	len:16434	cov:2	mult:0.5
[2026-09-24 08:42:14] DEBUG: -70	len:16434	cov:2	mult:0.5
[2026-09-24 08:42:14] DEBUG: 71	len:20443	cov:8	mult:2
[2026-09-24 08:42:14] DEBUG: -71	len:20443	cov:8	mult:2
[2026-09-24 08:42:14] DEBUG: 72	len:13914	cov:1	mult:0.25
[2026-09-24 08:42:14] DEBUG: -72	len:13914	cov:1	mult:0.25
[2026-09-24 08:42:14] DEBUG: 73	len:18799	cov:4	mult:1
[2026-09-24 08:42:14] DEBUG: -73	len:18799	cov:4	mult:1
[2026-09-24 08:42:14] DEBUG: 74	len:50719	cov:5	mult:1.25
[2026-09-24 08:42:14] DEBUG: -74	len:50719	cov:5	mult:1.25
[2026-09-24 08:42:14] DEBUG: 75	len:34419	cov:5	mult:1.25
[2026-09-24 08:42:14] DEBUG: -75	len:34419	cov:5	mult:1.25
[2026-09-24 08:42:14] DEBUG: 76	len:23074	cov:6	mult:1.5
[2026-09-24 08:42:14] DEBUG: -76	len:23074	cov:6	mult:1.5
[2026-09-24 08:42:14] DEBUG: 77	len:19334	cov:2	mult:0.5
[2026-09-24 08:42:14] DEBUG: -77	len:19334	cov:2	mult:0.5
[2026-09-24 08:42:14] DEBUG: 78	len:19646	cov:6	mult:1.5
[2026-09-24 08:42:14] DEBUG: -78	len:19646	cov:6	mult:1.5
[2026-09-24 08:42:14] DEBUG: 79	len:9566	cov:3	mult:0.75
[2026-09-24 08:42:14] DEBUG: -79	len:9566	cov:3	mult:0.75
[2026-09-24 08:42:14] DEBUG: 80	len:12203	cov:8	mult:2
[2026-09-24 08:42:14] DEBUG: -80	len:12203	cov:8	mult:2
[2026-09-24 08:42:14] DEBUG: 81	len:24268	cov:4	mult:1
[2026-09-24 08:42:14] DEBUG: -81	len:24268	cov:4	mult:1
[2026-09-24 08:42:14] DEBUG: 82	len:27685	cov:5	mult:1.25
[2026-09-24 08:42:14] DEBUG: -82	len:27685	cov:5	mult:1.25
[2026-09-24 08:42:14] DEBUG: 83	len:9069	cov:1	mult:0.25
[2026-09-24 08:42:14] DEBUG: -83	len:9069	cov:1	mult:0.25
[2026-09-24 08:42:14] DEBUG: 84	len:37885	cov:6	mult:1.5
[2026-09-24 08:42:14] DEBUG: -84	len:37885	cov:6	mult:1.5
[2026-09-24 08:42:14] DEBUG: 85	len:27471	cov:5	mult:1.25
[2026-09-24 08:42:14] DEBUG: -85	len:27471	cov:5	mult:1.25
[2026-09-24 08:42:14] DEBUG: 86	len:12407	cov:7	mult:1.75
[2026-09-24 08:42:14] DEBUG: -86	len:12407	cov:7	mult:1.75
[2026-09-24 08:42:14] DEBUG: 87	len:24255	cov:5	mult:1.25
[2026-09-24 08:42:14] DEBUG: -87	len:24255	cov:5	mult:1.25
[2026-09-24 08:42:14] DEBUG: 88	len:4333	cov:2	mult:0.5
[2026-09-24 08:42:14] DEBUG: -88	len:4333	cov:2	mult:0.5
[2026-09-24 08:42:14] DEBUG: 89	len:35959	cov:5	mult:1.25
[2026-09-24 08:42:14] DEBUG: -89	len:35959	cov:5	mult:1.25
[2026-09-24 08:42:14] DEBUG: 90	len:69457	cov:6	mult:1.5
[2026-09-24 08:42:14] DEBUG: -90	len:69457	cov:6	mult:1.5
[2026-09-24 08:42:14] DEBUG: 91	len:26812	cov:3	mult:0.75
[2026-09-24 08:42:14] DEBUG: -91	len:26812	cov:3	mult:0.75
[2026-09-24 08:42:14] DEBUG: 92	len:32564	cov:5	mult:1.25
[2026-09-24 08:42:14] DEBUG: -92	len:32564	cov:5	mult:1.25
[2026-09-24 08:42:14] DEBUG: 93	len:56459	cov:5	mult:1.25
[2026-09-24 08:42:14] DEBUG: -93	len:56459	cov:5	mult:1.25
[2026-09-24 08:42:14] DEBUG: 94	len:22628	cov:4	mult:1
[2026-09-24 08:42:14] DEBUG: -94	len:22628	cov:4	mult:1
[2026-09-24 08:42:14] DEBUG: 95	len:28400	cov:6	mult:1.5
[2026-09-24 08:42:14] DEBUG: -95	len:28400	cov:6	mult:1.5
[2026-09-24 08:42:14] DEBUG: 96	len:37307	cov:4	mult:1
[2026-09-24 08:42:14] DEBUG: -96	len:37307	cov:4	mult:1
[2026-09-24 08:42:14] DEBUG: 97	len:24166	cov:2	mult:0.5
[2026-09-24 08:42:14] DEBUG: -97	len:24166	cov:2	mult:0.5
[2026-09-24 08:42:14] DEBUG: 98	len:7813	cov:3	mult:0.75
[2026-09-24 08:42:14] DEBUG: -98	len:7813	cov:3	mult:0.75
[2026-09-24 08:42:14] DEBUG: 99	len:41252	cov:8	mult:2
[2026-09-24 08:42:14] DEBUG: -99	len:41252	cov:8	mult:2
[2026-09-24 08:42:14] DEBUG: 100	len:37550	cov:3	mult:0.75
[2026-09-24 08:42:14] DEBUG: -100	len:37550	cov:3	mult:0.75
[2026-09-24 08:42:14] DEBUG: 101	len:73889	cov:4	mult:1
[2026-09-24 08:42:14] DEBUG: -101	len:73889	cov:4	mult:1
[2026-09-24 08:42:14] DEBUG: 102	len:32134	cov:7	mult:1.75
[2026-09-24 08:42:14] DEBUG: -102	len:32134	cov:7	mult:1.75
[2026-09-24 08:42:14] DEBUG: 103	len:33023	cov:8	mult:2
[2026-09-24 08:42:14] DEBUG: -103	len:33023	cov:8	mult:2
[2026-09-24 08:42:14] DEBUG: 104	len:18823	cov:2	mult:0.5
[2026-09-24 08:42:14] DEBUG: -104	len:18823	cov:2	mult:0.5
[2026-09-24 08:42:14] DEBUG: 105	len:52522	cov:3	mult:0.75
[2026-09-24 08:42:14] DEBUG: -105	len:52522	cov:3	mult:0.75
[2026-09-24 08:42:14] DEBUG: 106	len:6128	cov:1	mult:0.25
[2026-09-24 08:42:14] DEBUG: -106	len:6128	cov:1	mult:0.25
[2026-09-24 08:42:14] DEBUG: 107	len:12722	cov:7	mult:1.75
[2026-09-24 08:42:14] DEBUG: -107	len:12722	cov:7	mult:1.75
[2026-09-24 08:42:14] DEBUG: 108	len:21679	cov:5	mult:1.25
[2026-09-24 08:42:14] DEBUG: -108	len:21679	cov:5	mult:1.25
[2026-09-24 08:42:14] DEBUG: 109	len:11741	cov:9	mult:2.25
[2026-09-24 08:42:14] DEBUG: -109	len:11741	cov:9	mult:2.25
[2026-09-24 08:42:14] DEBUG: 110	len:26164	cov:4	mult:1
[2026-09-24 08:42:14] DEBUG: -110	len:26164	cov:4	mult:1
[2026-09-24 08:42:14] DEBUG: 111	len:46860	cov:4	mult:1
[2026-09-24 08:42:14] DEBUG: -111	len:46860	cov:4	mult:1
[2026-09-24 08:42:14] DEBUG: 112	len:10041	cov:3	mult:0.75
[2026-09-24 08:42:14] DEBUG: -112	len:10041	cov:3	mult:0.75
[2026-09-24 08:42:14] DEBUG: 113	len:37356	cov:5	mult:1.25
[2026-09-24 08:42:14] DEBUG: -113	len:37356	cov:5	mult:1.25
[2026-09-24 08:42:14] DEBUG: 114	len:30509	cov:8	mult:2
[2026-09-24 08:42:14] DEBUG: -114	len:30509	cov:8	mult:2
[2026-09-24 08:42:14] DEBUG: 115	len:10080	cov:1	mult:0.25
[2026-09-24 08:42:14] DEBUG: -115	len:10080	cov:1	mult:0.25
[2026-09-24 08:42:14] DEBUG: 116	len:19706	cov:3	mult:0.75
[2026-09-24 08:42:14] DEBUG: -116	len:19706	cov:3	mult:0.75
[2026-09-24 08:42:14] DEBUG: 117	len:30778	cov:6	mult:1.5
[2026-09-24 08:42:14] DEBUG: -117	len:30778	cov:6	mult:1.5
[2026-09-24 08:42:14] DEBUG: 118	len:37166	cov:5	mult:1.25
[2026-09-24 08:42:14] DEBUG: -118	len:37166	cov:5	mult:1.25
[2026-09-24 08:42:14] DEBUG: 119	len:50252	cov:4	mult:1
[2026-09-24 08:42:14] DEBUG: -119	len:50252	cov:4	mult:1
[2026-09-24 08:42:14] DEBUG: 120	len:9507	cov:4	mult:1
[2026-09-24 08:42:14] DEBUG: -120	len:9507	cov:4	mult:1
[2026-09-24 08:42:14] DEBUG: 121	len:20980	cov:5	mult:1.25
[2026-09-24 08:42:14] DEBUG: -121	len:20980	cov:5	mult:1.25
[2026-09-24 08:42:14] DEBUG: 122	len:39626	cov:3	mult:0.75
[2026-09-24 08:42:14] DEBUG: -122	len:39626	cov:3	mult:0.75
[2026-09-24 08:42:14] DEBUG: 123	len:44783	cov:5	mult:1.25
[2026-09-24 08:42:14] DEBUG: -123	len:44783	cov:5	mult:1.25
[2026-09-24 08:42:14] DEBUG: 124	len:6139	cov:1	mult:0.25
[2026-09-24 08:42:14] DEBUG: -124	len:6139	cov:1	mult:0.25
[2026-09-24 08:42:14] DEBUG: 125	len:26857	cov:4	mult:1
[2026-09-24 08:42:14] DEBUG: -125	len:26857	cov:4	mult:1
[2026-09-24 08:42:14] DEBUG: 126	len:25667	cov:3	mult:0.75
[2026-09-24 08:42:14] DEBUG: -126	len:25667	cov:3	mult:0.75
[2026-09-24 08:42:14] DEBUG: 127	len:21078	cov:3	mult:0.75
[2026-09-24 08:42:14] DEBUG: -127	len:21078	cov:3	mult:0.75
[2026-09-24 08:42:14] DEBUG: 128	len:10916	cov:5	mult:1.25
[2026-09-24 08:42:14] DEBUG: -128	len:10916	cov:5	mult:1.25
[2026-09-24 08:42:14] DEBUG: 129	len:17704	cov:7	mult:1.75
[2026-09-24 08:42:14] DEBUG: -129	len:17704	cov:7	mult:1.75
[2026-09-24 08:42:14] DEBUG: 130	len:15780	cov:2	mult:0.5
[2026-09-24 08:42:14] DEBUG: -130	len:15780	cov:2	mult:0.5
[2026-09-24 08:42:14] DEBUG: 131	len:17209	cov:1	mult:0.25
[2026-09-24 08:42:14] DEBUG: -131	len:17209	cov:1	mult:0.25
[2026-09-24 08:42:14] DEBUG: 132	len:7108	cov:2	mult:0.5
[2026-09-24 08:42:14] DEBUG: -132	len:7108	cov:2	mult:0.5
[2026-09-24 08:42:14] DEBUG: 133	len:12837	cov:5	mult:1.25
[2026-09-24 08:42:14] DEBUG: -133	len:12837	cov:5	mult:1.25
[2026-09-24 08:42:14] DEBUG: 134	len:11447	cov:5	mult:1.25
[2026-09-24 08:42:14] DEBUG: -134	len:11447	cov:5	mult:1.25
[2026-09-24 08:42:14] DEBUG: 135	len:11973	cov:4	mult:1
[2026-09-24 08:42:14] DEBUG: -135	len:11973	cov:4	mult:1
[2026-09-24 08:42:14] DEBUG: 136	len:12589	cov:3	mult:0.75
[2026-09-24 08:42:14] DEBUG: -136	len:12589	cov:3	mult:0.75
[2026-09-24 08:42:14] DEBUG: 137	len:21970	cov:4	mult:1
[2026-09-24 08:42:14] DEBUG: -137	len:21970	cov:4	mult:1
[2026-09-24 08:42:14] DEBUG: 138	len:36087	cov:6	mult:1.5
[2026-09-24 08:42:14] DEBUG: -138	len:36087	cov:6	mult:1.5
[2026-09-24 08:42:14] DEBUG: 139	len:21831	cov:4	mult:1
[2026-09-24 08:42:14] DEBUG: -139	len:21831	cov:4	mult:1
[2026-09-24 08:42:14] DEBUG: 140	len:14199	cov:5	mult:1.25
[2026-09-24 08:42:14] DEBUG: -140	len:14199	cov:5	mult:1.25
[2026-09-24 08:42:14] DEBUG: 141	len:23348	cov:7	mult:1.75
[2026-09-24 08:42:14] DEBUG: -141	len:23348	cov:7	mult:1.75
[2026-09-24 08:42:14] DEBUG: 142	len:28606	cov:5	mult:1.25
[2026-09-24 08:42:14] DEBUG: -142	len:28606	cov:5	mult:1.25
[2026-09-24 08:42:14] DEBUG: 143	len:20780	cov:5	mult:1.25
[2026-09-24 08:42:14] DEBUG: -143	len:20780	cov:5	mult:1.25
[2026-09-24 08:42:14] DEBUG: 144	len:6342	cov:1	mult:0.25
[2026-09-24 08:42:14] DEBUG: -144	len:6342	cov:1	mult:0.25
[2026-09-24 08:42:14] DEBUG: 145	len:41364	cov:4	mult:1
[2026-09-24 08:42:14] DEBUG: -145	len:41364	cov:4	mult:1
[2026-09-24 08:42:14] DEBUG: 146	len:51036	cov:6	mult:1.5
[2026-09-24 08:42:14] DEBUG: -146	len:51036	cov:6	mult:1.5
[2026-09-24 08:42:14] DEBUG: 147	len:29275	cov:4	mult:1
[2026-09-24 08:42:14] DEBUG: -147	len:29275	cov:4	mult:1
[2026-09-24 08:42:14] DEBUG: 148	len:36769	cov:7	mult:1.75
[2026-09-24 08:42:14] DEBUG: -148	len:36769	cov:7	mult:1.75
[2026-09-24 08:42:14] DEBUG: 149	len:9021	cov:3	mult:0.75
[2026-09-24 08:42:14] DEBUG: -149	len:9021	cov:3	mult:0.75
[2026-09-24 08:42:14] DEBUG: 150	len:44180	cov:4	mult:1
[2026-09-24 08:42:14] DEBUG: -150	len:44180	cov:4	mult:1
[2026-09-24 08:42:14] DEBUG: 151	len:36329	cov:5	mult:1.25
[2026-09-24 08:42:14] DEBUG: -151	len:36329	cov:5	mult:1.25
[2026-09-24 08:42:14] DEBUG: 152	len:48490	cov:5	mult:1.25
[2026-09-24 08:42:14] DEBUG: -152	len:48490	cov:5	mult:1.25
[2026-09-24 08:42:14] DEBUG: 153	len:7884	cov:5	mult:1.25
[2026-09-24 08:42:14] DEBUG: -153	len:7884	cov:5	mult:1.25
[2026-09-24 08:42:14] DEBUG: 154	len:5104	cov:1	mult:0.25
[2026-09-24 08:42:14] DEBUG: -154	len:5104	cov:1	mult:0.25
[2026-09-24 08:42:14] DEBUG: 155	len:23287	cov:9	mult:2.25
[2026-09-24 08:42:14] DEBUG: -155	len:23287	cov:9	mult:2.25
[2026-09-24 08:42:14] DEBUG: 156	len:38308	cov:6	mult:1.5
[2026-09-24 08:42:14] DEBUG: -156	len:38308	cov:6	mult:1.5
[2026-09-24 08:42:14] DEBUG: 157	len:20781	cov:4	mult:1
[2026-09-24 08:42:14] DEBUG: -157	len:20781	cov:4	mult:1
[2026-09-24 08:42:14] DEBUG: 158	len:7775	cov:4	mult:1
[2026-09-24 08:42:14] DEBUG: -158	len:7775	cov:4	mult:1
[2026-09-24 08:42:14] DEBUG: 159	len:9741	cov:6	mult:1.5
[2026-09-24 08:42:14] DEBUG: -159	len:9741	cov:6	mult:1.5
[2026-09-24 08:42:14] DEBUG: 160	len:22879	cov:3	mult:0.75
[2026-09-24 08:42:14] DEBUG: -160	len:22879	cov:3	mult:0.75
[2026-09-24 08:42:14] DEBUG: 161	len:9012	cov:1	mult:0.25
[2026-09-24 08:42:14] DEBUG: -161	len:9012	cov:1	mult:0.25
[2026-09-24 08:42:14] DEBUG: 162	len:38076	cov:6	mult:1.5
[2026-09-24 08:42:14] DEBUG: -162	len:38076	cov:6	mult:1.5
[2026-09-24 08:42:14] DEBUG: 163	len:16049	cov:4	mult:1
[2026-09-24 08:42:14] DEBUG: -163	len:16049	cov:4	mult:1
[2026-09-24 08:42:14] DEBUG: 164	len:29327	cov:4	mult:1
[2026-09-24 08:42:14] DEBUG: -164	len:29327	cov:4	mult:1
[2026-09-24 08:42:14] DEBUG: 165	len:24768	cov:4	mult:1
[2026-09-24 08:42:14] DEBUG: -165	len:24768	cov:4	mult:1
[2026-09-24 08:42:14] DEBUG: 166	len:15227	cov:3	mult:0.75
[2026-09-24 08:42:14] DEBUG: -166	len:15227	cov:3	mult:0.75
[2026-09-24 08:42:14] DEBUG: 167	len:9730	cov:2	mult:0.5
[2026-09-24 08:42:14] DEBUG: -167	len:9730	cov:2	mult:0.5
[2026-09-24 08:42:14] DEBUG: 168	len:27646	cov:4	mult:1
[2026-09-24 08:42:14] DEBUG: -168	len:27646	cov:4	mult:1
[2026-09-24 08:42:14] DEBUG: 169	len:5535	cov:2	mult:0.5
[2026-09-24 08:42:14] DEBUG: -169	len:5535	cov:2	mult:0.5
[2026-09-24 08:42:14] DEBUG: 170	len:29304	cov:3	mult:0.75
[2026-09-24 08:42:14] DEBUG: -170	len:29304	cov:3	mult:0.75
[2026-09-24 08:42:14] DEBUG: 171	len:16640	cov:2	mult:0.5
[2026-09-24 08:42:14] DEBUG: -171	len:16640	cov:2	mult:0.5
[2026-09-24 08:42:14] DEBUG: 172	len:26357	cov:4	mult:1
[2026-09-24 08:42:14] DEBUG: -172	len:26357	cov:4	mult:1
[2026-09-24 08:42:14] DEBUG: 173	len:25762	cov:4	mult:1
[2026-09-24 08:42:14] DEBUG: -173	len:25762	cov:4	mult:1
[2026-09-24 08:42:14] DEBUG: 174	len:9480	cov:7	mult:1.75
[2026-09-24 08:42:14] DEBUG: -174	len:9480	cov:7	mult:1.75
[2026-09-24 08:42:14] DEBUG: 175	len:8763	cov:4	mult:1
[2026-09-24 08:42:14] DEBUG: -175	len:8763	cov:4	mult:1
[2026-09-24 08:42:14] DEBUG: 176	len:7994	cov:4	mult:1
[2026-09-24 08:42:14] DEBUG: -176	len:7994	cov:4	mult:1
[2026-09-24 08:42:14] DEBUG: 177	len:10876	cov:3	mult:0.75
[2026-09-24 08:42:14] DEBUG: -177	len:10876	cov:3	mult:0.75
[2026-09-24 08:42:14] DEBUG: 178	len:4820	cov:1	mult:0.25
[2026-09-24 08:42:14] DEBUG: -178	len:4820	cov:1	mult:0.25
[2026-09-24 08:42:14] DEBUG: 179	len:19011	cov:2	mult:0.5
[2026-09-24 08:42:14] DEBUG: -179	len:19011	cov:2	mult:0.5
[2026-09-24 08:42:14] DEBUG: 180	len:15495	cov:1	mult:0.25
[2026-09-24 08:42:14] DEBUG: -180	len:15495	cov:1	mult:0.25
[2026-09-24 08:42:14] DEBUG: 181	len:46423	cov:8	mult:2
[2026-09-24 08:42:14] DEBUG: -181	len:46423	cov:8	mult:2
[2026-09-24 08:42:14] DEBUG: 182	len:15906	cov:4	mult:1
[2026-09-24 08:42:14] DEBUG: -182	len:15906	cov:4	mult:1
[2026-09-24 08:42:14] DEBUG: 183	len:5914	cov:1	mult:0.25
[2026-09-24 08:42:14] DEBUG: -183	len:5914	cov:1	mult:0.25
[2026-09-24 08:42:14] DEBUG: 184	len:23331	cov:6	mult:1.5
[2026-09-24 08:42:14] DEBUG: -184	len:23331	cov:6	mult:1.5
[2026-09-24 08:42:14] DEBUG: 185	len:38148	cov:5	mult:1.25
[2026-09-24 08:42:14] DEBUG: -185	len:38148	cov:5	mult:1.25
[2026-09-24 08:42:14] DEBUG: 186	len:28203	cov:3	mult:0.75
[2026-09-24 08:42:14] DEBUG: -186	len:28203	cov:3	mult:0.75
[2026-09-24 08:42:14] DEBUG: 187	len:16924	cov:2	mult:0.5
[2026-09-24 08:42:14] DEBUG: -187	len:16924	cov:2	mult:0.5
[2026-09-24 08:42:14] DEBUG: 188	len:7853	cov:4	mult:1
[2026-09-24 08:42:14] DEBUG: -188	len:7853	cov:4	mult:1
[2026-09-24 08:42:14] DEBUG: 189	len:5674	cov:2	mult:0.5
[2026-09-24 08:42:14] DEBUG: -189	len:5674	cov:2	mult:0.5
[2026-09-24 08:42:14] DEBUG: 190	len:21949	cov:5	mult:1.25
[2026-09-24 08:42:14] DEBUG: -190	len:21949	cov:5	mult:1.25
[2026-09-24 08:42:14] DEBUG: 191	len:8779	cov:3	mult:0.75
[2026-09-24 08:42:14] DEBUG: -191	len:8779	cov:3	mult:0.75
[2026-09-24 08:42:14] DEBUG: 192	len:37643	cov:3	mult:0.75
[2026-09-24 08:42:14] DEBUG: -192	len:37643	cov:3	mult:0.75
[2026-09-24 08:42:14] DEBUG: 193	len:11955	cov:1	mult:0.25
[2026-09-24 08:42:14] DEBUG: -193	len:11955	cov:1	mult:0.25
[2026-09-24 08:42:14] DEBUG: 194	len:23914	cov:2	mult:0.5
[2026-09-24 08:42:14] DEBUG: -194	len:23914	cov:2	mult:0.5
[2026-09-24 08:42:14] DEBUG: 195	len:28232	cov:5	mult:1.25
[2026-09-24 08:42:14] DEBUG: -195	len:28232	cov:5	mult:1.25
[2026-09-24 08:42:14] DEBUG: 196	len:9974	cov:3	mult:0.75
[2026-09-24 08:42:14] DEBUG: -196	len:9974	cov:3	mult:0.75
[2026-09-24 08:42:14] DEBUG: 197	len:4260	cov:1	mult:0.25
[2026-09-24 08:42:14] DEBUG: -197	len:4260	cov:1	mult:0.25
[2026-09-24 08:42:14] DEBUG: 198	len:6050	cov:2	mult:0.5
[2026-09-24 08:42:14] DEBUG: -198	len:6050	cov:2	mult:0.5
[2026-09-24 08:42:14] DEBUG: 199	len:17624	cov:3	mult:0.75
[2026-09-24 08:42:14] DEBUG: -199	len:17624	cov:3	mult:0.75
[2026-09-24 08:42:14] DEBUG: 200	len:17106	cov:1	mult:0.25
[2026-09-24 08:42:14] DEBUG: -200	len:17106	cov:1	mult:0.25
[2026-09-24 08:42:14] DEBUG: 201	len:32740	cov:2	mult:0.5
[2026-09-24 08:42:14] DEBUG: -201	len:32740	cov:2	mult:0.5
[2026-09-24 08:42:14] DEBUG: 202	len:27339	cov:5	mult:1.25
[2026-09-24 08:42:14] DEBUG: -202	len:27339	cov:5	mult:1.25
[2026-09-24 08:42:14] DEBUG: 203	len:48028	cov:6	mult:1.5
[2026-09-24 08:42:14] DEBUG: -203	len:48028	cov:6	mult:1.5
[2026-09-24 08:42:14] DEBUG: 204	len:27503	cov:4	mult:1
[2026-09-24 08:42:14] DEBUG: -204	len:27503	cov:4	mult:1
[2026-09-24 08:42:14] DEBUG: 205	len:31836	cov:3	mult:0.75
[2026-09-24 08:42:14] DEBUG: -205	len:31836	cov:3	mult:0.75
[2026-09-24 08:42:14] DEBUG: 206	len:23179	cov:2	mult:0.5
[2026-09-24 08:42:14] DEBUG: -206	len:23179	cov:2	mult:0.5
[2026-09-24 08:42:14] DEBUG: 207	len:11585	cov:1	mult:0.25
[2026-09-24 08:42:14] DEBUG: -207	len:11585	cov:1	mult:0.25
[2026-09-24 08:42:14] DEBUG: 208	len:5105	cov:1	mult:0.25
[2026-09-24 08:42:14] DEBUG: -208	len:5105	cov:1	mult:0.25
[2026-09-24 08:42:14] DEBUG: 209	len:22644	cov:3	mult:0.75
[2026-09-24 08:42:14] DEBUG: -209	len:22644	cov:3	mult:0.75
[2026-09-24 08:42:14] DEBUG: 210	len:26492	cov:4	mult:1
[2026-09-24 08:42:14] DEBUG: -210	len:26492	cov:4	mult:1
[2026-09-24 08:42:14] DEBUG: 211	len:19261	cov:5	mult:1.25
[2026-09-24 08:42:14] DEBUG: -211	len:19261	cov:5	mult:1.25
[2026-09-24 08:42:14] DEBUG: 212	len:18534	cov:3	mult:0.75
[2026-09-24 08:42:14] DEBUG: -212	len:18534	cov:3	mult:0.75
[2026-09-24 08:42:14] DEBUG: 213	len:49510	cov:7	mult:1.75
[2026-09-24 08:42:14] DEBUG: -213	len:49510	cov:7	mult:1.75
[2026-09-24 08:42:14] DEBUG: 214	len:17455	cov:4	mult:1
[2026-09-24 08:42:14] DEBUG: -214	len:17455	cov:4	mult:1
[2026-09-24 08:42:14] DEBUG: 215	len:10420	cov:3	mult:0.75
[2026-09-24 08:42:14] DEBUG: -215	len:10420	cov:3	mult:0.75
[2026-09-24 08:42:14] DEBUG: 216	len:30824	cov:2	mult:0.5
[2026-09-24 08:42:14] DEBUG: -216	len:30824	cov:2	mult:0.5
[2026-09-24 08:42:14] DEBUG: 217	len:28154	cov:9	mult:2.25
[2026-09-24 08:42:14] DEBUG: -217	len:28154	cov:9	mult:2.25
[2026-09-24 08:42:14] DEBUG: 218	len:21815	cov:5	mult:1.25
[2026-09-24 08:42:14] DEBUG: -218	len:21815	cov:5	mult:1.25
[2026-09-24 08:42:14] DEBUG: 219	len:7188	cov:2	mult:0.5
[2026-09-24 08:42:14] DEBUG: -219	len:7188	cov:2	mult:0.5
[2026-09-24 08:42:14] DEBUG: 220	len:35043	cov:4	mult:1
[2026-09-24 08:42:14] DEBUG: -220	len:35043	cov:4	mult:1
[2026-09-24 08:42:14] DEBUG: 221	len:16332	cov:4	mult:1
[2026-09-24 08:42:14] DEBUG: -221	len:16332	cov:4	mult:1
[2026-09-24 08:42:14] DEBUG: 222	len:6262	cov:5	mult:1.25
[2026-09-24 08:42:14] DEBUG: -222	len:6262	cov:5	mult:1.25
[2026-09-24 08:42:14] DEBUG: 223	len:4242	cov:1	mult:0.25
[2026-09-24 08:42:14] DEBUG: -223	len:4242	cov:1	mult:0.25
[2026-09-24 08:42:14] DEBUG: 224	len:11193	cov:1	mult:0.25
[2026-09-24 08:42:14] DEBUG: -224	len:11193	cov:1	mult:0.25
[2026-09-24 08:42:14] DEBUG: 225	len:18959	cov:4	mult:1
[2026-09-24 08:42:14] DEBUG: -225	len:18959	cov:4	mult:1
[2026-09-24 08:42:14] DEBUG: 226	len:10666	cov:1	mult:0.25
[2026-09-24 08:42:14] DEBUG: -226	len:10666	cov:1	mult:0.25
[2026-09-24 08:42:14] DEBUG: 227	len:29361	cov:4	mult:1
[2026-09-24 08:42:14] DEBUG: -227	len:29361	cov:4	mult:1
[2026-09-24 08:42:14] DEBUG: 228	len:12854	cov:3	mult:0.75
[2026-09-24 08:42:14] DEBUG: -228	len:12854	cov:3	mult:0.75
[2026-09-24 08:42:14] DEBUG: 229	len:31573	cov:3	mult:0.75
[2026-09-24 08:42:14] DEBUG: -229	len:31573	cov:3	mult:0.75
[2026-09-24 08:42:14] DEBUG: 230	len:27224	cov:7	mult:1.75
[2026-09-24 08:42:14] DEBUG: -230	len:27224	cov:7	mult:1.75
[2026-09-24 08:42:14] DEBUG: 231	len:16562	cov:2	mult:0.5
[2026-09-24 08:42:14] DEBUG: -231	len:16562	cov:2	mult:0.5
[2026-09-24 08:42:14] DEBUG: 232	len:23541	cov:6	mult:1.5
[2026-09-24 08:42:14] DEBUG: -232	len:23541	cov:6	mult:1.5
[2026-09-24 08:42:14] DEBUG: 233	len:22482	cov:3	mult:0.75
[2026-09-24 08:42:14] DEBUG: -233	len:22482	cov:3	mult:0.75
[2026-09-24 08:42:14] DEBUG: 234	len:9624	cov:2	mult:0.5
[2026-09-24 08:42:14] DEBUG: -234	len:9624	cov:2	mult:0.5
[2026-09-24 08:42:14] DEBUG: 235	len:55300	cov:5	mult:1.25
[2026-09-24 08:42:14] DEBUG: -235	len:55300	cov:5	mult:1.25
[2026-09-24 08:42:14] DEBUG: 236	len:27517	cov:5	mult:1.25
[2026-09-24 08:42:14] DEBUG: -236	len:27517	cov:5	mult:1.25
[2026-09-24 08:42:14] DEBUG: 237	len:6091	cov:1	mult:0.25
[2026-09-24 08:42:14] DEBUG: -237	len:6091	cov:1	mult:0.25
[2026-09-24 08:42:14] DEBUG: 238	len:7499	cov:1	mult:0.25
[2026-09-24 08:42:14] DEBUG: -238	len:7499	cov:1	mult:0.25
[2026-09-24 08:42:14] DEBUG: 239	len:10898	cov:1	mult:0.25
[2026-09-24 08:42:14] DEBUG: -239	len:10898	cov:1	mult:0.25
[2026-09-24 08:42:14] DEBUG: 240	len:17955	cov:2	mult:0.5
[2026-09-24 08:42:14] DEBUG: -240	len:17955	cov:2	mult:0.5
[2026-09-24 08:42:14] DEBUG: 241	len:10006	cov:6	mult:1.5
[2026-09-24 08:42:14] DEBUG: -241	len:10006	cov:6	mult:1.5
[2026-09-24 08:42:14] DEBUG: 242	len:15538	cov:8	mult:2
[2026-09-24 08:42:14] DEBUG: -242	len:15538	cov:8	mult:2
[2026-09-24 08:42:14] DEBUG: 243	len:28705	cov:5	mult:1.25
[2026-09-24 08:42:14] DEBUG: -243	len:28705	cov:5	mult:1.25
[2026-09-24 08:42:14] DEBUG: 244	len:22032	cov:5	mult:1.25
[2026-09-24 08:42:14] DEBUG: -244	len:22032	cov:5	mult:1.25
[2026-09-24 08:42:14] DEBUG: 245	len:26632	cov:7	mult:1.75
[2026-09-24 08:42:14] DEBUG: -245	len:26632	cov:7	mult:1.75
[2026-09-24 08:42:14] DEBUG: 246	len:23535	cov:1	mult:0.25
[2026-09-24 08:42:14] DEBUG: -246	len:23535	cov:1	mult:0.25
[2026-09-24 08:42:14] DEBUG: 247	len:10744	cov:1	mult:0.25
[2026-09-24 08:42:14] DEBUG: -247	len:10744	cov:1	mult:0.25
[2026-09-24 08:42:14] DEBUG: 248	len:14324	cov:3	mult:0.75
[2026-09-24 08:42:14] DEBUG: -248	len:14324	cov:3	mult:0.75
[2026-09-24 08:42:14] DEBUG: 249	len:11801	cov:1	mult:0.25
[2026-09-24 08:42:14] DEBUG: -249	len:11801	cov:1	mult:0.25
[2026-09-24 08:42:14] DEBUG: 250	len:21362	cov:3	mult:0.75
[2026-09-24 08:42:14] DEBUG: -250	len:21362	cov:3	mult:0.75
[2026-09-24 08:42:14] DEBUG: 251	len:6542	cov:1	mult:0.25
[2026-09-24 08:42:14] DEBUG: -251	len:6542	cov:1	mult:0.25
[2026-09-24 08:42:14] DEBUG: 252	len:18453	cov:5	mult:1.25
[2026-09-24 08:42:14] DEBUG: -252	len:18453	cov:5	mult:1.25
[2026-09-24 08:42:14] DEBUG: 253	len:5767	cov:1	mult:0.25
[2026-09-24 08:42:14] DEBUG: -253	len:5767	cov:1	mult:0.25
[2026-09-24 08:42:14] DEBUG: 254	len:12526	cov:5	mult:1.25
[2026-09-24 08:42:14] DEBUG: -254	len:12526	cov:5	mult:1.25
[2026-09-24 08:42:14] DEBUG: 255	len:11007	cov:3	mult:0.75
[2026-09-24 08:42:14] DEBUG: -255	len:11007	cov:3	mult:0.75
[2026-09-24 08:42:14] DEBUG: 256	len:22367	cov:5	mult:1.25
[2026-09-24 08:42:14] DEBUG: -256	len:22367	cov:5	mult:1.25
[2026-09-24 08:42:14] DEBUG: 257	len:11046	cov:3	mult:0.75
[2026-09-24 08:42:14] DEBUG: -257	len:11046	cov:3	mult:0.75
[2026-09-24 08:42:14] DEBUG: 258	len:18827	cov:3	mult:0.75
[2026-09-24 08:42:14] DEBUG: -258	len:18827	cov:3	mult:0.75
[2026-09-24 08:42:14] DEBUG: 259	len:16462	cov:5	mult:1.25
[2026-09-24 08:42:14] DEBUG: -259	len:16462	cov:5	mult:1.25
[2026-09-24 08:42:14] DEBUG: 260	len:7649	cov:3	mult:0.75
[2026-09-24 08:42:14] DEBUG: -260	len:7649	cov:3	mult:0.75
[2026-09-24 08:42:14] DEBUG: 261	len:4347	cov:18	mult:4.5
[2026-09-24 08:42:14] DEBUG: -261	len:4347	cov:18	mult:4.5
[2026-09-24 08:42:14] DEBUG: 262	len:15141	cov:4	mult:1
[2026-09-24 08:42:14] DEBUG: -262	len:15141	cov:4	mult:1
[2026-09-24 08:42:14] DEBUG: 263	len:15344	cov:6	mult:1.5
[2026-09-24 08:42:14] DEBUG: -263	len:15344	cov:6	mult:1.5
[2026-09-24 08:42:14] DEBUG: 264	len:7860	cov:4	mult:1
[2026-09-24 08:42:14] DEBUG: -264	len:7860	cov:4	mult:1
[2026-09-24 08:42:14] DEBUG: 265	len:12457	cov:5	mult:1.25
[2026-09-24 08:42:14] DEBUG: -265	len:12457	cov:5	mult:1.25
[2026-09-24 08:42:14] DEBUG: 266	len:11364	cov:6	mult:1.5
[2026-09-24 08:42:14] DEBUG: -266	len:11364	cov:6	mult:1.5
[2026-09-24 08:42:14] DEBUG: 267	len:32156	cov:4	mult:1
[2026-09-24 08:42:14] DEBUG: -267	len:32156	cov:4	mult:1
[2026-09-24 08:42:14] DEBUG: 268	len:48528	cov:4	mult:1
[2026-09-24 08:42:14] DEBUG: -268	len:48528	cov:4	mult:1
[2026-09-24 08:42:14] DEBUG: 269	len:28923	cov:4	mult:1
[2026-09-24 08:42:14] DEBUG: -269	len:28923	cov:4	mult:1
[2026-09-24 08:42:14] DEBUG: 270	len:38192	cov:6	mult:1.5
[2026-09-24 08:42:14] DEBUG: -270	len:38192	cov:6	mult:1.5
[2026-09-24 08:42:14] DEBUG: 271	len:32075	cov:3	mult:0.75
[2026-09-24 08:42:14] DEBUG: -271	len:32075	cov:3	mult:0.75
[2026-09-24 08:42:14] DEBUG: 272	len:23420	cov:6	mult:1.5
[2026-09-24 08:42:14] DEBUG: -272	len:23420	cov:6	mult:1.5
[2026-09-24 08:42:14] DEBUG: 273	len:16256	cov:2	mult:0.5
[2026-09-24 08:42:14] DEBUG: -273	len:16256	cov:2	mult:0.5
[2026-09-24 08:42:14] DEBUG: 274	len:13623	cov:1	mult:0.25
[2026-09-24 08:42:14] DEBUG: -274	len:13623	cov:1	mult:0.25
[2026-09-24 08:42:14] DEBUG: 275	len:26307	cov:4	mult:1
[2026-09-24 08:42:14] DEBUG: -275	len:26307	cov:4	mult:1
[2026-09-24 08:42:14] DEBUG: 276	len:17910	cov:3	mult:0.75
[2026-09-24 08:42:14] DEBUG: -276	len:17910	cov:3	mult:0.75
[2026-09-24 08:42:14] DEBUG: 277	len:5049	cov:2	mult:0.5
[2026-09-24 08:42:14] DEBUG: -277	len:5049	cov:2	mult:0.5
[2026-09-24 08:42:14] DEBUG: 278	len:40667	cov:4	mult:1
[2026-09-24 08:42:14] DEBUG: -278	len:40667	cov:4	mult:1
[2026-09-24 08:42:14] DEBUG: 279	len:19317	cov:1	mult:0.25
[2026-09-24 08:42:14] DEBUG: -279	len:19317	cov:1	mult:0.25
[2026-09-24 08:42:14] DEBUG: 280	len:8283	cov:3	mult:0.75
[2026-09-24 08:42:14] DEBUG: -280	len:8283	cov:3	mult:0.75
[2026-09-24 08:42:14] DEBUG: 281	len:27584	cov:4	mult:1
[2026-09-24 08:42:14] DEBUG: -281	len:27584	cov:4	mult:1
[2026-09-24 08:42:14] DEBUG: 282	len:31742	cov:1	mult:0.25
[2026-09-24 08:42:14] DEBUG: -282	len:31742	cov:1	mult:0.25
[2026-09-24 08:42:14] DEBUG: 283	len:10313	cov:4	mult:1
[2026-09-24 08:42:14] DEBUG: -283	len:10313	cov:4	mult:1
[2026-09-24 08:42:14] DEBUG: 284	len:21282	cov:5	mult:1.25
[2026-09-24 08:42:14] DEBUG: -284	len:21282	cov:5	mult:1.25
[2026-09-24 08:42:14] DEBUG: 285	len:7032	cov:1	mult:0.25
[2026-09-24 08:42:14] DEBUG: -285	len:7032	cov:1	mult:0.25
[2026-09-24 08:42:14] DEBUG: 286	len:25871	cov:3	mult:0.75
[2026-09-24 08:42:14] DEBUG: -286	len:25871	cov:3	mult:0.75
[2026-09-24 08:42:14] DEBUG: 287	len:7161	cov:2	mult:0.5
[2026-09-24 08:42:14] DEBUG: -287	len:7161	cov:2	mult:0.5
[2026-09-24 08:42:14] DEBUG: 288	len:24626	cov:6	mult:1.5
[2026-09-24 08:42:14] DEBUG: -288	len:24626	cov:6	mult:1.5
[2026-09-24 08:42:14] DEBUG: 289	len:56541	cov:5	mult:1.25
[2026-09-24 08:42:14] DEBUG: -289	len:56541	cov:5	mult:1.25
[2026-09-24 08:42:14] DEBUG: 290	len:5311	cov:1	mult:0.25
[2026-09-24 08:42:14] DEBUG: -290	len:5311	cov:1	mult:0.25
[2026-09-24 08:42:14] DEBUG: 291	len:6542	cov:1	mult:0.25
[2026-09-24 08:42:14] DEBUG: -291	len:6542	cov:1	mult:0.25
[2026-09-24 08:42:14] DEBUG: 292	len:20430	cov:4	mult:1
[2026-09-24 08:42:14] DEBUG: -292	len:20430	cov:4	mult:1
[2026-09-24 08:42:14] DEBUG: 293	len:33593	cov:4	mult:1
[2026-09-24 08:42:14] DEBUG: -293	len:33593	cov:4	mult:1
[2026-09-24 08:42:14] DEBUG: 294	len:33309	cov:6	mult:1.5
[2026-09-24 08:42:14] DEBUG: -294	len:33309	cov:6	mult:1.5
[2026-09-24 08:42:14] DEBUG: 295	len:17439	cov:6	mult:1.5
[2026-09-24 08:42:14] DEBUG: -295	len:17439	cov:6	mult:1.5
[2026-09-24 08:42:14] DEBUG: 296	len:14256	cov:4	mult:1
[2026-09-24 08:42:14] DEBUG: -296	len:14256	cov:4	mult:1
[2026-09-24 08:42:14] DEBUG: 297	len:10342	cov:8	mult:2
[2026-09-24 08:42:14] DEBUG: -297	len:10342	cov:8	mult:2
[2026-09-24 08:42:14] DEBUG: 298	len:28630	cov:4	mult:1
[2026-09-24 08:42:14] DEBUG: -298	len:28630	cov:4	mult:1
[2026-09-24 08:42:14] DEBUG: 299	len:10264	cov:6	mult:1.5
[2026-09-24 08:42:14] DEBUG: -299	len:10264	cov:6	mult:1.5
[2026-09-24 08:42:14] DEBUG: 300	len:12104	cov:5	mult:1.25
[2026-09-24 08:42:14] DEBUG: -300	len:12104	cov:5	mult:1.25
[2026-09-24 08:42:14] DEBUG: 301	len:10136	cov:2	mult:0.5
[2026-09-24 08:42:14] DEBUG: -301	len:10136	cov:2	mult:0.5
[2026-09-24 08:42:14] DEBUG: 302	len:4561	cov:1	mult:0.25
[2026-09-24 08:42:14] DEBUG: -302	len:4561	cov:1	mult:0.25
[2026-09-24 08:42:14] DEBUG: 303	len:12776	cov:1	mult:0.25
[2026-09-24 08:42:14] DEBUG: -303	len:12776	cov:1	mult:0.25
[2026-09-24 08:42:14] DEBUG: 304	len:25495	cov:3	mult:0.75
[2026-09-24 08:42:14] DEBUG: -304	len:25495	cov:3	mult:0.75
[2026-09-24 08:42:14] DEBUG: 305	len:8910	cov:1	mult:0.25
[2026-09-24 08:42:14] DEBUG: -305	len:8910	cov:1	mult:0.25
[2026-09-24 08:42:14] DEBUG: 306	len:18922	cov:3	mult:0.75
[2026-09-24 08:42:14] DEBUG: -306	len:18922	cov:3	mult:0.75
[2026-09-24 08:42:14] DEBUG: 307	len:19589	cov:3	mult:0.75
[2026-09-24 08:42:14] DEBUG: -307	len:19589	cov:3	mult:0.75
[2026-09-24 08:42:14] DEBUG: 308	len:38091	cov:1	mult:0.25
[2026-09-24 08:42:14] DEBUG: -308	len:38091	cov:1	mult:0.25
[2026-09-24 08:42:14] DEBUG: 309	len:25261	cov:6	mult:1.5
[2026-09-24 08:42:14] DEBUG: -309	len:25261	cov:6	mult:1.5
[2026-09-24 08:42:14] DEBUG: 310	len:23627	cov:7	mult:1.75
[2026-09-24 08:42:14] DEBUG: -310	len:23627	cov:7	mult:1.75
[2026-09-24 08:42:14] DEBUG: 311	len:7875	cov:1	mult:0.25
[2026-09-24 08:42:14] DEBUG: -311	len:7875	cov:1	mult:0.25
[2026-09-24 08:42:14] DEBUG: 312	len:12614	cov:2	mult:0.5
[2026-09-24 08:42:14] DEBUG: -312	len:12614	cov:2	mult:0.5
[2026-09-24 08:42:14] DEBUG: 313	len:12309	cov:4	mult:1
[2026-09-24 08:42:14] DEBUG: -313	len:12309	cov:4	mult:1
[2026-09-24 08:42:14] DEBUG: 314	len:10645	cov:2	mult:0.5
[2026-09-24 08:42:14] DEBUG: -314	len:10645	cov:2	mult:0.5
[2026-09-24 08:42:14] DEBUG: 315	len:6707	cov:2	mult:0.5
[2026-09-24 08:42:14] DEBUG: -315	len:6707	cov:2	mult:0.5
[2026-09-24 08:42:14] DEBUG: 316	len:21975	cov:4	mult:1
[2026-09-24 08:42:14] DEBUG: -316	len:21975	cov:4	mult:1
[2026-09-24 08:42:14] DEBUG: 317	len:24040	cov:5	mult:1.25
[2026-09-24 08:42:14] DEBUG: -317	len:24040	cov:5	mult:1.25
[2026-09-24 08:42:14] DEBUG: 318	len:7654	cov:3	mult:0.75
[2026-09-24 08:42:14] DEBUG: -318	len:7654	cov:3	mult:0.75
[2026-09-24 08:42:14] DEBUG: 319	len:11550	cov:3	mult:0.75
[2026-09-24 08:42:14] DEBUG: -319	len:11550	cov:3	mult:0.75
[2026-09-24 08:42:14] DEBUG: 320	len:18137	cov:5	mult:1.25
[2026-09-24 08:42:14] DEBUG: -320	len:18137	cov:5	mult:1.25
[2026-09-24 08:42:14] DEBUG: 321	len:8631	cov:2	mult:0.5
[2026-09-24 08:42:14] DEBUG: -321	len:8631	cov:2	mult:0.5
[2026-09-24 08:42:14] DEBUG: 322	len:8679	cov:4	mult:1
[2026-09-24 08:42:14] DEBUG: -322	len:8679	cov:4	mult:1
[2026-09-24 08:42:14] DEBUG: 323	len:8432	cov:3	mult:0.75
[2026-09-24 08:42:14] DEBUG: -323	len:8432	cov:3	mult:0.75
[2026-09-24 08:42:14] DEBUG: 324	len:9955	cov:1	mult:0.25
[2026-09-24 08:42:14] DEBUG: -324	len:9955	cov:1	mult:0.25
[2026-09-24 08:42:14] DEBUG: 325	len:14631	cov:5	mult:1.25
[2026-09-24 08:42:14] DEBUG: -325	len:14631	cov:5	mult:1.25
[2026-09-24 08:42:14] DEBUG: 326	len:38201	cov:5	mult:1.25
[2026-09-24 08:42:14] DEBUG: -326	len:38201	cov:5	mult:1.25
[2026-09-24 08:42:14] DEBUG: 327	len:39252	cov:5	mult:1.25
[2026-09-24 08:42:14] DEBUG: -327	len:39252	cov:5	mult:1.25
[2026-09-24 08:42:14] DEBUG: 328	len:12028	cov:3	mult:0.75
[2026-09-24 08:42:14] DEBUG: -328	len:12028	cov:3	mult:0.75
[2026-09-24 08:42:14] DEBUG: 329	len:24108	cov:3	mult:0.75
[2026-09-24 08:42:14] DEBUG: -329	len:24108	cov:3	mult:0.75
[2026-09-24 08:42:14] DEBUG: 330	len:25301	cov:3	mult:0.75
[2026-09-24 08:42:14] DEBUG: -330	len:25301	cov:3	mult:0.75
[2026-09-24 08:42:14] DEBUG: 331	len:22857	cov:5	mult:1.25
[2026-09-24 08:42:14] DEBUG: -331	len:22857	cov:5	mult:1.25
[2026-09-24 08:42:14] DEBUG: 332	len:6665	cov:2	mult:0.5
[2026-09-24 08:42:14] DEBUG: -332	len:6665	cov:2	mult:0.5
[2026-09-24 08:42:14] DEBUG: 333	len:14302	cov:3	mult:0.75
[2026-09-24 08:42:14] DEBUG: -333	len:14302	cov:3	mult:0.75
[2026-09-24 08:42:14] DEBUG: 334	len:6631	cov:3	mult:0.75
[2026-09-24 08:42:14] DEBUG: -334	len:6631	cov:3	mult:0.75
[2026-09-24 08:42:14] DEBUG: 335	len:7466	cov:1	mult:0.25
[2026-09-24 08:42:14] DEBUG: -335	len:7466	cov:1	mult:0.25
[2026-09-24 08:42:14] DEBUG: 336	len:6402	cov:1	mult:0.25
[2026-09-24 08:42:14] DEBUG: -336	len:6402	cov:1	mult:0.25
[2026-09-24 08:42:14] DEBUG: 337	len:14489	cov:4	mult:1
[2026-09-24 08:42:14] DEBUG: -337	len:14489	cov:4	mult:1
[2026-09-24 08:42:14] DEBUG: 338	len:6493	cov:2	mult:0.5
[2026-09-24 08:42:14] DEBUG: -338	len:6493	cov:2	mult:0.5
[2026-09-24 08:42:14] DEBUG: 339	len:6828	cov:3	mult:0.75
[2026-09-24 08:42:14] DEBUG: -339	len:6828	cov:3	mult:0.75
[2026-09-24 08:42:14] DEBUG: 340	len:24679	cov:1	mult:0.25
[2026-09-24 08:42:14] DEBUG: -340	len:24679	cov:1	mult:0.25
[2026-09-24 08:42:14] DEBUG: 341	len:41066	cov:4	mult:1
[2026-09-24 08:42:14] DEBUG: -341	len:41066	cov:4	mult:1
[2026-09-24 08:42:14] DEBUG: 342	len:6112	cov:2	mult:0.5
[2026-09-24 08:42:14] DEBUG: -342	len:6112	cov:2	mult:0.5
[2026-09-24 08:42:14] DEBUG: 343	len:22685	cov:4	mult:1
[2026-09-24 08:42:14] DEBUG: -343	len:22685	cov:4	mult:1
[2026-09-24 08:42:14] DEBUG: 344	len:18774	cov:6	mult:1.5
[2026-09-24 08:42:14] DEBUG: -344	len:18774	cov:6	mult:1.5
[2026-09-24 08:42:14] DEBUG: 345	len:12813	cov:1	mult:0.25
[2026-09-24 08:42:14] DEBUG: -345	len:12813	cov:1	mult:0.25
[2026-09-24 08:42:14] DEBUG: 346	len:37607	cov:5	mult:1.25
[2026-09-24 08:42:14] DEBUG: -346	len:37607	cov:5	mult:1.25
[2026-09-24 08:42:14] DEBUG: 347	len:6646	cov:2	mult:0.5
[2026-09-24 08:42:14] DEBUG: -347	len:6646	cov:2	mult:0.5
[2026-09-24 08:42:14] DEBUG: 348	len:25460	cov:5	mult:1.25
[2026-09-24 08:42:14] DEBUG: -348	len:25460	cov:5	mult:1.25
[2026-09-24 08:42:14] DEBUG: 349	len:21064	cov:7	mult:1.75
[2026-09-24 08:42:14] DEBUG: -349	len:21064	cov:7	mult:1.75
[2026-09-24 08:42:14] DEBUG: 350	len:23269	cov:6	mult:1.5
[2026-09-24 08:42:14] DEBUG: -350	len:23269	cov:6	mult:1.5
[2026-09-24 08:42:14] DEBUG: 351	len:7424	cov:3	mult:0.75
[2026-09-24 08:42:14] DEBUG: -351	len:7424	cov:3	mult:0.75
[2026-09-24 08:42:14] DEBUG: 352	len:7020	cov:2	mult:0.5
[2026-09-24 08:42:14] DEBUG: -352	len:7020	cov:2	mult:0.5
[2026-09-24 08:42:14] DEBUG: 353	len:7567	cov:1	mult:0.25
[2026-09-24 08:42:14] DEBUG: -353	len:7567	cov:1	mult:0.25
[2026-09-24 08:42:14] DEBUG: 354	len:28145	cov:5	mult:1.25
[2026-09-24 08:42:14] DEBUG: -354	len:28145	cov:5	mult:1.25
[2026-09-24 08:42:14] DEBUG: 355	len:10339	cov:2	mult:0.5
[2026-09-24 08:42:14] DEBUG: -355	len:10339	cov:2	mult:0.5
[2026-09-24 08:42:14] DEBUG: 356	len:11905	cov:1	mult:0.25
[2026-09-24 08:42:14] DEBUG: -356	len:11905	cov:1	mult:0.25
[2026-09-24 08:42:14] DEBUG: 357	len:10074	cov:4	mult:1
[2026-09-24 08:42:14] DEBUG: -357	len:10074	cov:4	mult:1
[2026-09-24 08:42:14] DEBUG: 358	len:12654	cov:5	mult:1.25
[2026-09-24 08:42:14] DEBUG: -358	len:12654	cov:5	mult:1.25
[2026-09-24 08:42:14] DEBUG: 359	len:13481	cov:1	mult:0.25
[2026-09-24 08:42:14] DEBUG: -359	len:13481	cov:1	mult:0.25
[2026-09-24 08:42:14] DEBUG: 360	len:12033	cov:5	mult:1.25
[2026-09-24 08:42:14] DEBUG: -360	len:12033	cov:5	mult:1.25
[2026-09-24 08:42:14] DEBUG: 361	len:17286	cov:5	mult:1.25
[2026-09-24 08:42:14] DEBUG: -361	len:17286	cov:5	mult:1.25
[2026-09-24 08:42:14] DEBUG: 362	len:12100	cov:4	mult:1
[2026-09-24 08:42:14] DEBUG: -362	len:12100	cov:4	mult:1
[2026-09-24 08:42:14] DEBUG: 363	len:37896	cov:4	mult:1
[2026-09-24 08:42:14] DEBUG: -363	len:37896	cov:4	mult:1
[2026-09-24 08:42:14] DEBUG: 364	len:14881	cov:8	mult:2
[2026-09-24 08:42:14] DEBUG: -364	len:14881	cov:8	mult:2
[2026-09-24 08:42:14] DEBUG: 365	len:25355	cov:3	mult:0.75
[2026-09-24 08:42:14] DEBUG: -365	len:25355	cov:3	mult:0.75
[2026-09-24 08:42:14] DEBUG: 366	len:14278	cov:3	mult:0.75
[2026-09-24 08:42:14] DEBUG: -366	len:14278	cov:3	mult:0.75
[2026-09-24 08:42:14] DEBUG: 367	len:24198	cov:4	mult:1
[2026-09-24 08:42:14] DEBUG: -367	len:24198	cov:4	mult:1
[2026-09-24 08:42:14] DEBUG: 368	len:14615	cov:3	mult:0.75
[2026-09-24 08:42:14] DEBUG: -368	len:14615	cov:3	mult:0.75
[2026-09-24 08:42:14] DEBUG: 369	len:24190	cov:5	mult:1.25
[2026-09-24 08:42:14] DEBUG: -369	len:24190	cov:5	mult:1.25
[2026-09-24 08:42:14] DEBUG: 370	len:23226	cov:4	mult:1
[2026-09-24 08:42:14] DEBUG: -370	len:23226	cov:4	mult:1
[2026-09-24 08:42:14] DEBUG: 371	len:9009	cov:1	mult:0.25
[2026-09-24 08:42:14] DEBUG: -371	len:9009	cov:1	mult:0.25
[2026-09-24 08:42:14] DEBUG: 372	len:12332	cov:2	mult:0.5
[2026-09-24 08:42:14] DEBUG: -372	len:12332	cov:2	mult:0.5
[2026-09-24 08:42:14] DEBUG: 373	len:6694	cov:2	mult:0.5
[2026-09-24 08:42:14] DEBUG: -373	len:6694	cov:2	mult:0.5
[2026-09-24 08:42:14] DEBUG: 374	len:36138	cov:5	mult:1.25
[2026-09-24 08:42:14] DEBUG: -374	len:36138	cov:5	mult:1.25
[2026-09-24 08:42:14] DEBUG: 375	len:14932	cov:4	mult:1
[2026-09-24 08:42:14] DEBUG: -375	len:14932	cov:4	mult:1
[2026-09-24 08:42:14] DEBUG: 376	len:16205	cov:3	mult:0.75
[2026-09-24 08:42:14] DEBUG: -376	len:16205	cov:3	mult:0.75
[2026-09-24 08:42:14] DEBUG: 377	len:6565	cov:3	mult:0.75
[2026-09-24 08:42:14] DEBUG: -377	len:6565	cov:3	mult:0.75
[2026-09-24 08:42:14] DEBUG: 378	len:6660	cov:2	mult:0.5
[2026-09-24 08:42:14] DEBUG: -378	len:6660	cov:2	mult:0.5
[2026-09-24 08:42:14] DEBUG: 379	len:8542	cov:3	mult:0.75
[2026-09-24 08:42:14] DEBUG: -379	len:8542	cov:3	mult:0.75
[2026-09-24 08:42:14] DEBUG: 380	len:31915	cov:3	mult:0.75
[2026-09-24 08:42:14] DEBUG: -380	len:31915	cov:3	mult:0.75
[2026-09-24 08:42:14] DEBUG: 381	len:27364	cov:5	mult:1.25
[2026-09-24 08:42:14] DEBUG: -381	len:27364	cov:5	mult:1.25
[2026-09-24 08:42:14] DEBUG: 382	len:7773	cov:2	mult:0.5
[2026-09-24 08:42:14] DEBUG: -382	len:7773	cov:2	mult:0.5
[2026-09-24 08:42:14] DEBUG: 383	len:7560	cov:3	mult:0.75
[2026-09-24 08:42:14] DEBUG: -383	len:7560	cov:3	mult:0.75
[2026-09-24 08:42:14] DEBUG: 384	len:13586	cov:1	mult:0.25
[2026-09-24 08:42:14] DEBUG: -384	len:13586	cov:1	mult:0.25
[2026-09-24 08:42:14] DEBUG: 385	len:11905	cov:5	mult:1.25
[2026-09-24 08:42:14] DEBUG: -385	len:11905	cov:5	mult:1.25
[2026-09-24 08:42:14] DEBUG: 386	len:10793	cov:5	mult:1.25
[2026-09-24 08:42:14] DEBUG: -386	len:10793	cov:5	mult:1.25
[2026-09-24 08:42:14] DEBUG: 387	len:21652	cov:3	mult:0.75
[2026-09-24 08:42:14] DEBUG: -387	len:21652	cov:3	mult:0.75
[2026-09-24 08:42:14] DEBUG: 388	len:6134	cov:1	mult:0.25
[2026-09-24 08:42:14] DEBUG: -388	len:6134	cov:1	mult:0.25
[2026-09-24 08:42:14] DEBUG: 389	len:13543	cov:3	mult:0.75
[2026-09-24 08:42:14] DEBUG: -389	len:13543	cov:3	mult:0.75
[2026-09-24 08:42:14] DEBUG: 390	len:15364	cov:2	mult:0.5
[2026-09-24 08:42:14] DEBUG: -390	len:15364	cov:2	mult:0.5
[2026-09-24 08:42:14] DEBUG: 391	len:33951	cov:5	mult:1.25
[2026-09-24 08:42:14] DEBUG: -391	len:33951	cov:5	mult:1.25
[2026-09-24 08:42:14] DEBUG: 392	len:27889	cov:7	mult:1.75
[2026-09-24 08:42:14] DEBUG: -392	len:27889	cov:7	mult:1.75
[2026-09-24 08:42:14] DEBUG: 393	len:12929	cov:3	mult:0.75
[2026-09-24 08:42:14] DEBUG: -393	len:12929	cov:3	mult:0.75
[2026-09-24 08:42:14] DEBUG: 394	len:11354	cov:3	mult:0.75
[2026-09-24 08:42:14] DEBUG: -394	len:11354	cov:3	mult:0.75
[2026-09-24 08:42:14] DEBUG: 395	len:11870	cov:4	mult:1
[2026-09-24 08:42:14] DEBUG: -395	len:11870	cov:4	mult:1
[2026-09-24 08:42:14] DEBUG: 396	len:13178	cov:4	mult:1
[2026-09-24 08:42:14] DEBUG: -396	len:13178	cov:4	mult:1
[2026-09-24 08:42:14] DEBUG: 397	len:4843	cov:2	mult:0.5
[2026-09-24 08:42:14] DEBUG: -397	len:4843	cov:2	mult:0.5
[2026-09-24 08:42:14] DEBUG: 398	len:11690	cov:3	mult:0.75
[2026-09-24 08:42:14] DEBUG: -398	len:11690	cov:3	mult:0.75
[2026-09-24 08:42:14] DEBUG: 399	len:21751	cov:3	mult:0.75
[2026-09-24 08:42:14] DEBUG: -399	len:21751	cov:3	mult:0.75
[2026-09-24 08:42:14] DEBUG: 400	len:21110	cov:1	mult:0.25
[2026-09-24 08:42:14] DEBUG: -400	len:21110	cov:1	mult:0.25
[2026-09-24 08:42:14] DEBUG: 401	len:7953	cov:2	mult:0.5
[2026-09-24 08:42:14] DEBUG: -401	len:7953	cov:2	mult:0.5
[2026-09-24 08:42:14] DEBUG: 402	len:22195	cov:2	mult:0.5
[2026-09-24 08:42:14] DEBUG: -402	len:22195	cov:2	mult:0.5
[2026-09-24 08:42:14] DEBUG: 403	len:32030	cov:5	mult:1.25
[2026-09-24 08:42:14] DEBUG: -403	len:32030	cov:5	mult:1.25
[2026-09-24 08:42:14] DEBUG: 404	len:15392	cov:2	mult:0.5
[2026-09-24 08:42:14] DEBUG: -404	len:15392	cov:2	mult:0.5
[2026-09-24 08:42:14] DEBUG: 405	len:4270	cov:1	mult:0.25
[2026-09-24 08:42:14] DEBUG: -405	len:4270	cov:1	mult:0.25
[2026-09-24 08:42:14] DEBUG: 406	len:22253	cov:2	mult:0.5
[2026-09-24 08:42:14] DEBUG: -406	len:22253	cov:2	mult:0.5
[2026-09-24 08:42:14] DEBUG: 407	len:5036	cov:1	mult:0.25
[2026-09-24 08:42:14] DEBUG: -407	len:5036	cov:1	mult:0.25
[2026-09-24 08:42:14] DEBUG: 408	len:21263	cov:2	mult:0.5
[2026-09-24 08:42:14] DEBUG: -408	len:21263	cov:2	mult:0.5
[2026-09-24 08:42:14] DEBUG: 409	len:10584	cov:1	mult:0.25
[2026-09-24 08:42:14] DEBUG: -409	len:10584	cov:1	mult:0.25
[2026-09-24 08:42:14] DEBUG: 410	len:10868	cov:1	mult:0.25
[2026-09-24 08:42:14] DEBUG: -410	len:10868	cov:1	mult:0.25
[2026-09-24 08:42:14] DEBUG: 411	len:8333	cov:3	mult:0.75
[2026-09-24 08:42:14] DEBUG: -411	len:8333	cov:3	mult:0.75
[2026-09-24 08:42:14] DEBUG: 412	len:19934	cov:3	mult:0.75
[2026-09-24 08:42:14] DEBUG: -412	len:19934	cov:3	mult:0.75
[2026-09-24 08:42:14] DEBUG: 413	len:40544	cov:4	mult:1
[2026-09-24 08:42:14] DEBUG: -413	len:40544	cov:4	mult:1
[2026-09-24 08:42:14] DEBUG: 414	len:16711	cov:3	mult:0.75
[2026-09-24 08:42:14] DEBUG: -414	len:16711	cov:3	mult:0.75
[2026-09-24 08:42:14] DEBUG: 415	len:13825	cov:3	mult:0.75
[2026-09-24 08:42:14] DEBUG: -415	len:13825	cov:3	mult:0.75
[2026-09-24 08:42:14] DEBUG: 416	len:19799	cov:1	mult:0.25
[2026-09-24 08:42:14] DEBUG: -416	len:19799	cov:1	mult:0.25
[2026-09-24 08:42:14] DEBUG: 417	len:7551	cov:2	mult:0.5
[2026-09-24 08:42:14] DEBUG: -417	len:7551	cov:2	mult:0.5
[2026-09-24 08:42:14] DEBUG: 418	len:7917	cov:1	mult:0.25
[2026-09-24 08:42:14] DEBUG: -418	len:7917	cov:1	mult:0.25
[2026-09-24 08:42:14] DEBUG: 419	len:9673	cov:3	mult:0.75
[2026-09-24 08:42:14] DEBUG: -419	len:9673	cov:3	mult:0.75
[2026-09-24 08:42:14] DEBUG: 420	len:11654	cov:1	mult:0.25
[2026-09-24 08:42:14] DEBUG: -420	len:11654	cov:1	mult:0.25
[2026-09-24 08:42:14] DEBUG: 421	len:5580	cov:2	mult:0.5
[2026-09-24 08:42:14] DEBUG: -421	len:5580	cov:2	mult:0.5
[2026-09-24 08:42:14] DEBUG: 422	len:14653	cov:4	mult:1
[2026-09-24 08:42:14] DEBUG: -422	len:14653	cov:4	mult:1
[2026-09-24 08:42:14] DEBUG: 423	len:7105	cov:1	mult:0.25
[2026-09-24 08:42:14] DEBUG: -423	len:7105	cov:1	mult:0.25
[2026-09-24 08:42:14] DEBUG: 424	len:7764	cov:2	mult:0.5
[2026-09-24 08:42:14] DEBUG: -424	len:7764	cov:2	mult:0.5
[2026-09-24 08:42:14] DEBUG: 425	len:24802	cov:1	mult:0.25
[2026-09-24 08:42:14] DEBUG: -425	len:24802	cov:1	mult:0.25
[2026-09-24 08:42:14] DEBUG: 426	len:17259	cov:3	mult:0.75
[2026-09-24 08:42:14] DEBUG: -426	len:17259	cov:3	mult:0.75
[2026-09-24 08:42:14] DEBUG: 427	len:7996	cov:1	mult:0.25
[2026-09-24 08:42:14] DEBUG: -427	len:7996	cov:1	mult:0.25
[2026-09-24 08:42:14] DEBUG: 428	len:11786	cov:3	mult:0.75
[2026-09-24 08:42:14] DEBUG: -428	len:11786	cov:3	mult:0.75
[2026-09-24 08:42:14] DEBUG: 429	len:17997	cov:4	mult:1
[2026-09-24 08:42:14] DEBUG: -429	len:17997	cov:4	mult:1
[2026-09-24 08:42:14] DEBUG: 430	len:11452	cov:5	mult:1.25
[2026-09-24 08:42:14] DEBUG: -430	len:11452	cov:5	mult:1.25
[2026-09-24 08:42:14] DEBUG: 431	len:9986	cov:2	mult:0.5
[2026-09-24 08:42:14] DEBUG: -431	len:9986	cov:2	mult:0.5
[2026-09-24 08:42:14] DEBUG: 432	len:18477	cov:1	mult:0.25
[2026-09-24 08:42:14] DEBUG: -432	len:18477	cov:1	mult:0.25
[2026-09-24 08:42:14] DEBUG: 433	len:11555	cov:3	mult:0.75
[2026-09-24 08:42:14] DEBUG: -433	len:11555	cov:3	mult:0.75
[2026-09-24 08:42:14] DEBUG: 434	len:18040	cov:4	mult:1
[2026-09-24 08:42:14] DEBUG: -434	len:18040	cov:4	mult:1
[2026-09-24 08:42:14] DEBUG: 435	len:4177	cov:3	mult:0.75
[2026-09-24 08:42:14] DEBUG: -435	len:4177	cov:3	mult:0.75
[2026-09-24 08:42:14] DEBUG: 436	len:15673	cov:2	mult:0.5
[2026-09-24 08:42:14] DEBUG: -436	len:15673	cov:2	mult:0.5
[2026-09-24 08:42:14] DEBUG: 437	len:6892	cov:2	mult:0.5
[2026-09-24 08:42:14] DEBUG: -437	len:6892	cov:2	mult:0.5
[2026-09-24 08:42:14] DEBUG: 438	len:14221	cov:4	mult:1
[2026-09-24 08:42:14] DEBUG: -438	len:14221	cov:4	mult:1
[2026-09-24 08:42:14] DEBUG: 439	len:6360	cov:1	mult:0.25
[2026-09-24 08:42:14] DEBUG: -439	len:6360	cov:1	mult:0.25
[2026-09-24 08:42:14] DEBUG: 440	len:9475	cov:5	mult:1.25
[2026-09-24 08:42:14] DEBUG: -440	len:9475	cov:5	mult:1.25
[2026-09-24 08:42:14] DEBUG: 441	len:4069	cov:1	mult:0.25
[2026-09-24 08:42:14] DEBUG: -441	len:4069	cov:1	mult:0.25
[2026-09-24 08:42:14] DEBUG: 442	len:13267	cov:4	mult:1
[2026-09-24 08:42:14] DEBUG: -442	len:13267	cov:4	mult:1
[2026-09-24 08:42:14] DEBUG: 443	len:29650	cov:4	mult:1
[2026-09-24 08:42:14] DEBUG: -443	len:29650	cov:4	mult:1
[2026-09-24 08:42:14] DEBUG: 444	len:17310	cov:3	mult:0.75
[2026-09-24 08:42:14] DEBUG: -444	len:17310	cov:3	mult:0.75
[2026-09-24 08:42:14] DEBUG: 445	len:27024	cov:3	mult:0.75
[2026-09-24 08:42:14] DEBUG: -445	len:27024	cov:3	mult:0.75
[2026-09-24 08:42:14] DEBUG: 446	len:13645	cov:4	mult:1
[2026-09-24 08:42:14] DEBUG: -446	len:13645	cov:4	mult:1
[2026-09-24 08:42:14] DEBUG: 447	len:30146	cov:4	mult:1
[2026-09-24 08:42:14] DEBUG: -447	len:30146	cov:4	mult:1
[2026-09-24 08:42:14] DEBUG: 448	len:22587	cov:4	mult:1
[2026-09-24 08:42:14] DEBUG: -448	len:22587	cov:4	mult:1
[2026-09-24 08:42:14] DEBUG: 449	len:6658	cov:2	mult:0.5
[2026-09-24 08:42:14] DEBUG: -449	len:6658	cov:2	mult:0.5
[2026-09-24 08:42:14] DEBUG: 450	len:4513	cov:1	mult:0.25
[2026-09-24 08:42:14] DEBUG: -450	len:4513	cov:1	mult:0.25
[2026-09-24 08:42:14] DEBUG: 451	len:21541	cov:4	mult:1
[2026-09-24 08:42:14] DEBUG: -451	len:21541	cov:4	mult:1
[2026-09-24 08:42:14] DEBUG: 452	len:9759	cov:3	mult:0.75
[2026-09-24 08:42:14] DEBUG: -452	len:9759	cov:3	mult:0.75
[2026-09-24 08:42:14] DEBUG: 453	len:8001	cov:5	mult:1.25
[2026-09-24 08:42:14] DEBUG: -453	len:8001	cov:5	mult:1.25
[2026-09-24 08:42:14] DEBUG: 454	len:15097	cov:4	mult:1
[2026-09-24 08:42:14] DEBUG: -454	len:15097	cov:4	mult:1
[2026-09-24 08:42:14] DEBUG: 455	len:9203	cov:2	mult:0.5
[2026-09-24 08:42:14] DEBUG: -455	len:9203	cov:2	mult:0.5
[2026-09-24 08:42:14] DEBUG: 456	len:23423	cov:5	mult:1.25
[2026-09-24 08:42:14] DEBUG: -456	len:23423	cov:5	mult:1.25
[2026-09-24 08:42:14] DEBUG: 457	len:27812	cov:4	mult:1
[2026-09-24 08:42:14] DEBUG: -457	len:27812	cov:4	mult:1
[2026-09-24 08:42:14] DEBUG: 458	len:81658	cov:6	mult:1.5
[2026-09-24 08:42:14] DEBUG: -458	len:81658	cov:6	mult:1.5
[2026-09-24 08:42:14] DEBUG: 459	len:12340	cov:2	mult:0.5
[2026-09-24 08:42:14] DEBUG: -459	len:12340	cov:2	mult:0.5
[2026-09-24 08:42:14] DEBUG: 460	len:16981	cov:3	mult:0.75
[2026-09-24 08:42:14] DEBUG: -460	len:16981	cov:3	mult:0.75
[2026-09-24 08:42:14] DEBUG: 461	len:5617	cov:3	mult:0.75
[2026-09-24 08:42:14] DEBUG: -461	len:5617	cov:3	mult:0.75
[2026-09-24 08:42:14] DEBUG: 462	len:12870	cov:4	mult:1
[2026-09-24 08:42:14] DEBUG: -462	len:12870	cov:4	mult:1
[2026-09-24 08:42:14] DEBUG: 463	len:14415	cov:2	mult:0.5
[2026-09-24 08:42:14] DEBUG: -463	len:14415	cov:2	mult:0.5
[2026-09-24 08:42:14] DEBUG: 464	len:15412	cov:2	mult:0.5
[2026-09-24 08:42:14] DEBUG: -464	len:15412	cov:2	mult:0.5
[2026-09-24 08:42:14] DEBUG: 465	len:7228	cov:6	mult:1.5
[2026-09-24 08:42:14] DEBUG: -465	len:7228	cov:6	mult:1.5
[2026-09-24 08:42:14] DEBUG: 466	len:8827	cov:2	mult:0.5
[2026-09-24 08:42:14] DEBUG: -466	len:8827	cov:2	mult:0.5
[2026-09-24 08:42:14] DEBUG: 467	len:10418	cov:2	mult:0.5
[2026-09-24 08:42:14] DEBUG: -467	len:10418	cov:2	mult:0.5
[2026-09-24 08:42:14] DEBUG: 468	len:26987	cov:3	mult:0.75
[2026-09-24 08:42:14] DEBUG: -468	len:26987	cov:3	mult:0.75
[2026-09-24 08:42:14] DEBUG: 469	len:14458	cov:2	mult:0.5
[2026-09-24 08:42:14] DEBUG: -469	len:14458	cov:2	mult:0.5
[2026-09-24 08:42:14] DEBUG: 470	len:9265	cov:1	mult:0.25
[2026-09-24 08:42:14] DEBUG: -470	len:9265	cov:1	mult:0.25
[2026-09-24 08:42:14] DEBUG: 471	len:7281	cov:2	mult:0.5
[2026-09-24 08:42:14] DEBUG: -471	len:7281	cov:2	mult:0.5
[2026-09-24 08:42:14] DEBUG: 472	len:5736	cov:1	mult:0.25
[2026-09-24 08:42:14] DEBUG: -472	len:5736	cov:1	mult:0.25
[2026-09-24 08:42:14] DEBUG: 473	len:9193	cov:2	mult:0.5
[2026-09-24 08:42:14] DEBUG: -473	len:9193	cov:2	mult:0.5
[2026-09-24 08:42:14] DEBUG: 474	len:15405	cov:2	mult:0.5
[2026-09-24 08:42:14] DEBUG: -474	len:15405	cov:2	mult:0.5
[2026-09-24 08:42:14] DEBUG: 475	len:13965	cov:4	mult:1
[2026-09-24 08:42:14] DEBUG: -475	len:13965	cov:4	mult:1
[2026-09-24 08:42:14] DEBUG: 476	len:7198	cov:4	mult:1
[2026-09-24 08:42:14] DEBUG: -476	len:7198	cov:4	mult:1
[2026-09-24 08:42:14] DEBUG: 477	len:5175	cov:2	mult:0.5
[2026-09-24 08:42:14] DEBUG: -477	len:5175	cov:2	mult:0.5
[2026-09-24 08:42:14] DEBUG: 478	len:16075	cov:5	mult:1.25
[2026-09-24 08:42:14] DEBUG: -478	len:16075	cov:5	mult:1.25
[2026-09-24 08:42:14] DEBUG: 479	len:6408	cov:1	mult:0.25
[2026-09-24 08:42:14] DEBUG: -479	len:6408	cov:1	mult:0.25
[2026-09-24 08:42:14] DEBUG: 480	len:56825	cov:5	mult:1.25
[2026-09-24 08:42:14] DEBUG: -480	len:56825	cov:5	mult:1.25
[2026-09-24 08:42:14] DEBUG: 481	len:17423	cov:4	mult:1
[2026-09-24 08:42:14] DEBUG: -481	len:17423	cov:4	mult:1
[2026-09-24 08:42:14] DEBUG: 482	len:10824	cov:1	mult:0.25
[2026-09-24 08:42:14] DEBUG: -482	len:10824	cov:1	mult:0.25
[2026-09-24 08:42:14] DEBUG: 483	len:26699	cov:6	mult:1.5
[2026-09-24 08:42:14] DEBUG: -483	len:26699	cov:6	mult:1.5
[2026-09-24 08:42:14] DEBUG: 484	len:4422	cov:1	mult:0.25
[2026-09-24 08:42:14] DEBUG: -484	len:4422	cov:1	mult:0.25
[2026-09-24 08:42:14] DEBUG: 485	len:25034	cov:2	mult:0.5
[2026-09-24 08:42:14] DEBUG: -485	len:25034	cov:2	mult:0.5
[2026-09-24 08:42:14] DEBUG: 486	len:14677	cov:8	mult:2
[2026-09-24 08:42:14] DEBUG: -486	len:14677	cov:8	mult:2
[2026-09-24 08:42:14] DEBUG: 487	len:4888	cov:3	mult:0.75
[2026-09-24 08:42:14] DEBUG: -487	len:4888	cov:3	mult:0.75
[2026-09-24 08:42:14] DEBUG: 488	len:11313	cov:11	mult:2.75
[2026-09-24 08:42:14] DEBUG: -488	len:11313	cov:11	mult:2.75
[2026-09-24 08:42:14] DEBUG: 489	len:6721	cov:2	mult:0.5
[2026-09-24 08:42:14] DEBUG: -489	len:6721	cov:2	mult:0.5
[2026-09-24 08:42:14] DEBUG: 490	len:47858	cov:6	mult:1.5
[2026-09-24 08:42:14] DEBUG: -490	len:47858	cov:6	mult:1.5
[2026-09-24 08:42:14] DEBUG: 491	len:11551	cov:1	mult:0.25
[2026-09-24 08:42:14] DEBUG: -491	len:11551	cov:1	mult:0.25
[2026-09-24 08:42:14] DEBUG: 492	len:4241	cov:1	mult:0.25
[2026-09-24 08:42:14] DEBUG: -492	len:4241	cov:1	mult:0.25
[2026-09-24 08:42:14] DEBUG: 493	len:12902	cov:3	mult:0.75
[2026-09-24 08:42:14] DEBUG: -493	len:12902	cov:3	mult:0.75
[2026-09-24 08:42:14] DEBUG: 494	len:7714	cov:3	mult:0.75
[2026-09-24 08:42:14] DEBUG: -494	len:7714	cov:3	mult:0.75
[2026-09-24 08:42:14] DEBUG: 495	len:6495	cov:2	mult:0.5
[2026-09-24 08:42:14] DEBUG: -495	len:6495	cov:2	mult:0.5
[2026-09-24 08:42:14] DEBUG: 496	len:8289	cov:1	mult:0.25
[2026-09-24 08:42:14] DEBUG: -496	len:8289	cov:1	mult:0.25
[2026-09-24 08:42:14] DEBUG: 497	len:19331	cov:7	mult:1.75
[2026-09-24 08:42:14] DEBUG: -497	len:19331	cov:7	mult:1.75
[2026-09-24 08:42:14] DEBUG: 498	len:9279	cov:3	mult:0.75
[2026-09-24 08:42:14] DEBUG: -498	len:9279	cov:3	mult:0.75
[2026-09-24 08:42:14] DEBUG: 499	len:18586	cov:4	mult:1
[2026-09-24 08:42:14] DEBUG: -499	len:18586	cov:4	mult:1
[2026-09-24 08:42:14] DEBUG: 500	len:25572	cov:2	mult:0.5
[2026-09-24 08:42:14] DEBUG: -500	len:25572	cov:2	mult:0.5
[2026-09-24 08:42:14] DEBUG: 501	len:5124	cov:3	mult:0.75
[2026-09-24 08:42:14] DEBUG: -501	len:5124	cov:3	mult:0.75
[2026-09-24 08:42:14] DEBUG: 502	len:28865	cov:6	mult:1.5
[2026-09-24 08:42:14] DEBUG: -502	len:28865	cov:6	mult:1.5
[2026-09-24 08:42:14] DEBUG: 503	len:9344	cov:3	mult:0.75
[2026-09-24 08:42:14] DEBUG: -503	len:9344	cov:3	mult:0.75
[2026-09-24 08:42:14] DEBUG: 504	len:6228	cov:2	mult:0.5
[2026-09-24 08:42:14] DEBUG: -504	len:6228	cov:2	mult:0.5
[2026-09-24 08:42:14] DEBUG: 505	len:10890	cov:2	mult:0.5
[2026-09-24 08:42:14] DEBUG: -505	len:10890	cov:2	mult:0.5
[2026-09-24 08:42:14] DEBUG: 506	len:10388	cov:3	mult:0.75
[2026-09-24 08:42:14] DEBUG: -506	len:10388	cov:3	mult:0.75
[2026-09-24 08:42:14] DEBUG: 507	len:13366	cov:1	mult:0.25
[2026-09-24 08:42:14] DEBUG: -507	len:13366	cov:1	mult:0.25
[2026-09-24 08:42:14] DEBUG: 508	len:10647	cov:2	mult:0.5
[2026-09-24 08:42:14] DEBUG: -508	len:10647	cov:2	mult:0.5
[2026-09-24 08:42:14] DEBUG: 509	len:18175	cov:2	mult:0.5
[2026-09-24 08:42:14] DEBUG: -509	len:18175	cov:2	mult:0.5
[2026-09-24 08:42:14] DEBUG: 510	len:41554	cov:5	mult:1.25
[2026-09-24 08:42:14] DEBUG: -510	len:41554	cov:5	mult:1.25
[2026-09-24 08:42:14] DEBUG: 511	len:11433	cov:4	mult:1
[2026-09-24 08:42:14] DEBUG: -511	len:11433	cov:4	mult:1
[2026-09-24 08:42:14] DEBUG: 512	len:7002	cov:2	mult:0.5
[2026-09-24 08:42:14] DEBUG: -512	len:7002	cov:2	mult:0.5
[2026-09-24 08:42:14] DEBUG: 513	len:10491	cov:4	mult:1
[2026-09-24 08:42:14] DEBUG: -513	len:10491	cov:4	mult:1
[2026-09-24 08:42:14] DEBUG: 514	len:9930	cov:5	mult:1.25
[2026-09-24 08:42:14] DEBUG: -514	len:9930	cov:5	mult:1.25
[2026-09-24 08:42:14] DEBUG: 515	len:12948	cov:5	mult:1.25
[2026-09-24 08:42:14] DEBUG: -515	len:12948	cov:5	mult:1.25
[2026-09-24 08:42:14] DEBUG: 516	len:4819	cov:1	mult:0.25
[2026-09-24 08:42:14] DEBUG: -516	len:4819	cov:1	mult:0.25
[2026-09-24 08:42:14] DEBUG: 517	len:12937	cov:3	mult:0.75
[2026-09-24 08:42:14] DEBUG: -517	len:12937	cov:3	mult:0.75
[2026-09-24 08:42:14] DEBUG: 518	len:9601	cov:1	mult:0.25
[2026-09-24 08:42:14] DEBUG: -518	len:9601	cov:1	mult:0.25
[2026-09-24 08:42:14] DEBUG: 519	len:13016	cov:6	mult:1.5
[2026-09-24 08:42:14] DEBUG: -519	len:13016	cov:6	mult:1.5
[2026-09-24 08:42:14] DEBUG: 520	len:18683	cov:5	mult:1.25
[2026-09-24 08:42:14] DEBUG: -520	len:18683	cov:5	mult:1.25
[2026-09-24 08:42:14] DEBUG: 521	len:7456	cov:2	mult:0.5
[2026-09-24 08:42:14] DEBUG: -521	len:7456	cov:2	mult:0.5
[2026-09-24 08:42:14] DEBUG: 522	len:6006	cov:3	mult:0.75
[2026-09-24 08:42:14] DEBUG: -522	len:6006	cov:3	mult:0.75
[2026-09-24 08:42:14] DEBUG: 523	len:25283	cov:7	mult:1.75
[2026-09-24 08:42:14] DEBUG: -523	len:25283	cov:7	mult:1.75
[2026-09-24 08:42:14] DEBUG: 524	len:16462	cov:4	mult:1
[2026-09-24 08:42:14] DEBUG: -524	len:16462	cov:4	mult:1
[2026-09-24 08:42:14] DEBUG: 525	len:7884	cov:2	mult:0.5
[2026-09-24 08:42:14] DEBUG: -525	len:7884	cov:2	mult:0.5
[2026-09-24 08:42:14] DEBUG: 526	len:7337	cov:2	mult:0.5
[2026-09-24 08:42:14] DEBUG: -526	len:7337	cov:2	mult:0.5
[2026-09-24 08:42:14] DEBUG: 527	len:10575	cov:2	mult:0.5
[2026-09-24 08:42:14] DEBUG: -527	len:10575	cov:2	mult:0.5
[2026-09-24 08:42:14] DEBUG: 528	len:21694	cov:4	mult:1
[2026-09-24 08:42:14] DEBUG: -528	len:21694	cov:4	mult:1
[2026-09-24 08:42:14] DEBUG: 529	len:35486	cov:3	mult:0.75
[2026-09-24 08:42:14] DEBUG: -529	len:35486	cov:3	mult:0.75
[2026-09-24 08:42:14] DEBUG: 530	len:23287	cov:4	mult:1
[2026-09-24 08:42:14] DEBUG: -530	len:23287	cov:4	mult:1
[2026-09-24 08:42:14] DEBUG: 531	len:5923	cov:1	mult:0.25
[2026-09-24 08:42:14] DEBUG: -531	len:5923	cov:1	mult:0.25
[2026-09-24 08:42:14] DEBUG: 532	len:8101	cov:4	mult:1
[2026-09-24 08:42:14] DEBUG: -532	len:8101	cov:4	mult:1
[2026-09-24 08:42:14] DEBUG: 533	len:7125	cov:2	mult:0.5
[2026-09-24 08:42:14] DEBUG: -533	len:7125	cov:2	mult:0.5
[2026-09-24 08:42:14] DEBUG: 534	len:12163	cov:5	mult:1.25
[2026-09-24 08:42:14] DEBUG: -534	len:12163	cov:5	mult:1.25
[2026-09-24 08:42:14] DEBUG: 535	len:5586	cov:2	mult:0.5
[2026-09-24 08:42:14] DEBUG: -535	len:5586	cov:2	mult:0.5
[2026-09-24 08:42:14] DEBUG: 536	len:12421	cov:1	mult:0.25
[2026-09-24 08:42:14] DEBUG: -536	len:12421	cov:1	mult:0.25
[2026-09-24 08:42:14] DEBUG: 537	len:12311	cov:2	mult:0.5
[2026-09-24 08:42:14] DEBUG: -537	len:12311	cov:2	mult:0.5
[2026-09-24 08:42:14] DEBUG: 538	len:4515	cov:2	mult:0.5
[2026-09-24 08:42:14] DEBUG: -538	len:4515	cov:2	mult:0.5
[2026-09-24 08:42:14] DEBUG: 539	len:9565	cov:3	mult:0.75
[2026-09-24 08:42:14] DEBUG: -539	len:9565	cov:3	mult:0.75
[2026-09-24 08:42:14] DEBUG: 540	len:6250	cov:1	mult:0.25
[2026-09-24 08:42:14] DEBUG: -540	len:6250	cov:1	mult:0.25
[2026-09-24 08:42:14] DEBUG: 541	len:16903	cov:8	mult:2
[2026-09-24 08:42:14] DEBUG: -541	len:16903	cov:8	mult:2
[2026-09-24 08:42:14] DEBUG: 542	len:8422	cov:2	mult:0.5
[2026-09-24 08:42:14] DEBUG: -542	len:8422	cov:2	mult:0.5
[2026-09-24 08:42:14] DEBUG: 543	len:10488	cov:4	mult:1
[2026-09-24 08:42:14] DEBUG: -543	len:10488	cov:4	mult:1
[2026-09-24 08:42:14] DEBUG: 544	len:14362	cov:3	mult:0.75
[2026-09-24 08:42:14] DEBUG: -544	len:14362	cov:3	mult:0.75
[2026-09-24 08:42:14] DEBUG: 545	len:5801	cov:2	mult:0.5
[2026-09-24 08:42:14] DEBUG: -545	len:5801	cov:2	mult:0.5
[2026-09-24 08:42:14] DEBUG: 546	len:15544	cov:3	mult:0.75
[2026-09-24 08:42:14] DEBUG: -546	len:15544	cov:3	mult:0.75
[2026-09-24 08:42:14] DEBUG: 547	len:8860	cov:2	mult:0.5
[2026-09-24 08:42:14] DEBUG: -547	len:8860	cov:2	mult:0.5
[2026-09-24 08:42:14] DEBUG: 548	len:9672	cov:2	mult:0.5
[2026-09-24 08:42:14] DEBUG: -548	len:9672	cov:2	mult:0.5
[2026-09-24 08:42:14] DEBUG: 549	len:5820	cov:1	mult:0.25
[2026-09-24 08:42:14] DEBUG: -549	len:5820	cov:1	mult:0.25
[2026-09-24 08:42:14] DEBUG: 550	len:6533	cov:2	mult:0.5
[2026-09-24 08:42:14] DEBUG: -550	len:6533	cov:2	mult:0.5
[2026-09-24 08:42:14] DEBUG: 551	len:8254	cov:2	mult:0.5
[2026-09-24 08:42:14] DEBUG: -551	len:8254	cov:2	mult:0.5
[2026-09-24 08:42:14] DEBUG: 552	len:5155	cov:1	mult:0.25
[2026-09-24 08:42:14] DEBUG: -552	len:5155	cov:1	mult:0.25
[2026-09-24 08:42:14] DEBUG: 553	len:13879	cov:1	mult:0.25
[2026-09-24 08:42:14] DEBUG: -553	len:13879	cov:1	mult:0.25
[2026-09-24 08:42:14] DEBUG: 554	len:8024	cov:2	mult:0.5
[2026-09-24 08:42:14] DEBUG: -554	len:8024	cov:2	mult:0.5
[2026-09-24 08:42:14] DEBUG: 555	len:6303	cov:1	mult:0.25
[2026-09-24 08:42:14] DEBUG: -555	len:6303	cov:1	mult:0.25
[2026-09-24 08:42:14] DEBUG: 556	len:11900	cov:2	mult:0.5
[2026-09-24 08:42:14] DEBUG: -556	len:11900	cov:2	mult:0.5
[2026-09-24 08:42:14] DEBUG: 557	len:7326	cov:4	mult:1
[2026-09-24 08:42:14] DEBUG: -557	len:7326	cov:4	mult:1
[2026-09-24 08:42:14] DEBUG: 558	len:17434	cov:3	mult:0.75
[2026-09-24 08:42:14] DEBUG: -558	len:17434	cov:3	mult:0.75
[2026-09-24 08:42:14] DEBUG: 559	len:7066	cov:2	mult:0.5
[2026-09-24 08:42:14] DEBUG: -559	len:7066	cov:2	mult:0.5
[2026-09-24 08:42:14] DEBUG: 560	len:21769	cov:3	mult:0.75
[2026-09-24 08:42:14] DEBUG: -560	len:21769	cov:3	mult:0.75
[2026-09-24 08:42:14] DEBUG: 561	len:29995	cov:6	mult:1.5
[2026-09-24 08:42:14] DEBUG: -561	len:29995	cov:6	mult:1.5
[2026-09-24 08:42:14] DEBUG: 562	len:23588	cov:4	mult:1
[2026-09-24 08:42:14] DEBUG: -562	len:23588	cov:4	mult:1
[2026-09-24 08:42:14] DEBUG: 563	len:10302	cov:2	mult:0.5
[2026-09-24 08:42:14] DEBUG: -563	len:10302	cov:2	mult:0.5
[2026-09-24 08:42:14] DEBUG: 564	len:7577	cov:3	mult:0.75
[2026-09-24 08:42:14] DEBUG: -564	len:7577	cov:3	mult:0.75
[2026-09-24 08:42:14] DEBUG: 565	len:4799	cov:2	mult:0.5
[2026-09-24 08:42:14] DEBUG: -565	len:4799	cov:2	mult:0.5
[2026-09-24 08:42:14] DEBUG: 566	len:4232	cov:2	mult:0.5
[2026-09-24 08:42:14] DEBUG: -566	len:4232	cov:2	mult:0.5
[2026-09-24 08:42:14] DEBUG: 567	len:8248	cov:2	mult:0.5
[2026-09-24 08:42:14] DEBUG: -567	len:8248	cov:2	mult:0.5
[2026-09-24 08:42:14] DEBUG: 568	len:10142	cov:2	mult:0.5
[2026-09-24 08:42:14] DEBUG: -568	len:10142	cov:2	mult:0.5
[2026-09-24 08:42:14] DEBUG: 569	len:16438	cov:1	mult:0.25
[2026-09-24 08:42:14] DEBUG: -569	len:16438	cov:1	mult:0.25
[2026-09-24 08:42:14] DEBUG: 570	len:8272	cov:3	mult:0.75
[2026-09-24 08:42:14] DEBUG: -570	len:8272	cov:3	mult:0.75
[2026-09-24 08:42:14] DEBUG: 571	len:6478	cov:1	mult:0.25
[2026-09-24 08:42:14] DEBUG: -571	len:6478	cov:1	mult:0.25
[2026-09-24 08:42:14] DEBUG: 572	len:24111	cov:4	mult:1
[2026-09-24 08:42:14] DEBUG: -572	len:24111	cov:4	mult:1
[2026-09-24 08:42:14] DEBUG: 573	len:7177	cov:3	mult:0.75
[2026-09-24 08:42:14] DEBUG: -573	len:7177	cov:3	mult:0.75
[2026-09-24 08:42:14] DEBUG: 574	len:7337	cov:1	mult:0.25
[2026-09-24 08:42:14] DEBUG: -574	len:7337	cov:1	mult:0.25
[2026-09-24 08:42:14] DEBUG: 575	len:21594	cov:4	mult:1
[2026-09-24 08:42:14] DEBUG: -575	len:21594	cov:4	mult:1
[2026-09-24 08:42:14] DEBUG: 576	len:19394	cov:4	mult:1
[2026-09-24 08:42:14] DEBUG: -576	len:19394	cov:4	mult:1
[2026-09-24 08:42:14] DEBUG: 577	len:17081	cov:2	mult:0.5
[2026-09-24 08:42:14] DEBUG: -577	len:17081	cov:2	mult:0.5
[2026-09-24 08:42:14] DEBUG: 578	len:6997	cov:2	mult:0.5
[2026-09-24 08:42:14] DEBUG: -578	len:6997	cov:2	mult:0.5
[2026-09-24 08:42:14] DEBUG: 579	len:13418	cov:2	mult:0.5
[2026-09-24 08:42:14] DEBUG: -579	len:13418	cov:2	mult:0.5
[2026-09-24 08:42:14] DEBUG: 580	len:6125	cov:4	mult:1
[2026-09-24 08:42:14] DEBUG: -580	len:6125	cov:4	mult:1
[2026-09-24 08:42:14] DEBUG: 581	len:5363	cov:1	mult:0.25
[2026-09-24 08:42:14] DEBUG: -581	len:5363	cov:1	mult:0.25
[2026-09-24 08:42:14] DEBUG: 582	len:11009	cov:2	mult:0.5
[2026-09-24 08:42:14] DEBUG: -582	len:11009	cov:2	mult:0.5
[2026-09-24 08:42:14] DEBUG: 583	len:6934	cov:5	mult:1.25
[2026-09-24 08:42:14] DEBUG: -583	len:6934	cov:5	mult:1.25
[2026-09-24 08:42:14] DEBUG: 584	len:5760	cov:2	mult:0.5
[2026-09-24 08:42:14] DEBUG: -584	len:5760	cov:2	mult:0.5
[2026-09-24 08:42:14] DEBUG: 585	len:5268	cov:2	mult:0.5
[2026-09-24 08:42:14] DEBUG: -585	len:5268	cov:2	mult:0.5
[2026-09-24 08:42:14] DEBUG: 586	len:8633	cov:1	mult:0.25
[2026-09-24 08:42:14] DEBUG: -586	len:8633	cov:1	mult:0.25
[2026-09-24 08:42:14] DEBUG: 587	len:5246	cov:1	mult:0.25
[2026-09-24 08:42:14] DEBUG: -587	len:5246	cov:1	mult:0.25
[2026-09-24 08:42:14] DEBUG: 588	len:14258	cov:3	mult:0.75
[2026-09-24 08:42:14] DEBUG: -588	len:14258	cov:3	mult:0.75
[2026-09-24 08:42:14] DEBUG: 589	len:6756	cov:2	mult:0.5
[2026-09-24 08:42:14] DEBUG: -589	len:6756	cov:2	mult:0.5
[2026-09-24 08:42:14] DEBUG: 590	len:9957	cov:2	mult:0.5
[2026-09-24 08:42:14] DEBUG: -590	len:9957	cov:2	mult:0.5
[2026-09-24 08:42:14] DEBUG: 591	len:35488	cov:7	mult:1.75
[2026-09-24 08:42:14] DEBUG: -591	len:35488	cov:7	mult:1.75
[2026-09-24 08:42:14] DEBUG: 592	len:5810	cov:3	mult:0.75
[2026-09-24 08:42:14] DEBUG: -592	len:5810	cov:3	mult:0.75
[2026-09-24 08:42:14] DEBUG: 593	len:12550	cov:3	mult:0.75
[2026-09-24 08:42:14] DEBUG: -593	len:12550	cov:3	mult:0.75
[2026-09-24 08:42:14] DEBUG: 594	len:11362	cov:4	mult:1
[2026-09-24 08:42:14] DEBUG: -594	len:11362	cov:4	mult:1
[2026-09-24 08:42:14] DEBUG: 595	len:9066	cov:3	mult:0.75
[2026-09-24 08:42:14] DEBUG: -595	len:9066	cov:3	mult:0.75
[2026-09-24 08:42:14] DEBUG: 596	len:17741	cov:2	mult:0.5
[2026-09-24 08:42:14] DEBUG: -596	len:17741	cov:2	mult:0.5
[2026-09-24 08:42:14] DEBUG: 597	len:6379	cov:2	mult:0.5
[2026-09-24 08:42:14] DEBUG: -597	len:6379	cov:2	mult:0.5
[2026-09-24 08:42:14] DEBUG: 598	len:14052	cov:2	mult:0.5
[2026-09-24 08:42:14] DEBUG: -598	len:14052	cov:2	mult:0.5
[2026-09-24 08:42:14] DEBUG: 599	len:6733	cov:3	mult:0.75
[2026-09-24 08:42:14] DEBUG: -599	len:6733	cov:3	mult:0.75
[2026-09-24 08:42:14] DEBUG: 600	len:10176	cov:3	mult:0.75
[2026-09-24 08:42:14] DEBUG: -600	len:10176	cov:3	mult:0.75
[2026-09-24 08:42:14] DEBUG: 601	len:6172	cov:2	mult:0.5
[2026-09-24 08:42:14] DEBUG: -601	len:6172	cov:2	mult:0.5
[2026-09-24 08:42:14] DEBUG: 602	len:8344	cov:10	mult:2.5
[2026-09-24 08:42:14] DEBUG: -602	len:8344	cov:10	mult:2.5
[2026-09-24 08:42:14] DEBUG: 603	len:6269	cov:1	mult:0.25
[2026-09-24 08:42:14] DEBUG: -603	len:6269	cov:1	mult:0.25
[2026-09-24 08:42:14] DEBUG: 604	len:6048	cov:2	mult:0.5
[2026-09-24 08:42:14] DEBUG: -604	len:6048	cov:2	mult:0.5
[2026-09-24 08:42:14] DEBUG: 605	len:6576	cov:3	mult:0.75
[2026-09-24 08:42:14] DEBUG: -605	len:6576	cov:3	mult:0.75
[2026-09-24 08:42:14] DEBUG: 606	len:10088	cov:3	mult:0.75
[2026-09-24 08:42:14] DEBUG: -606	len:10088	cov:3	mult:0.75
[2026-09-24 08:42:14] DEBUG: 607	len:8600	cov:2	mult:0.5
[2026-09-24 08:42:14] DEBUG: -607	len:8600	cov:2	mult:0.5
[2026-09-24 08:42:14] DEBUG: 608	len:7537	cov:2	mult:0.5
[2026-09-24 08:42:14] DEBUG: -608	len:7537	cov:2	mult:0.5
[2026-09-24 08:42:14] DEBUG: 609	len:4775	cov:2	mult:0.5
[2026-09-24 08:42:14] DEBUG: -609	len:4775	cov:2	mult:0.5
[2026-09-24 08:42:14] DEBUG: 610	len:43262	cov:7	mult:1.75
[2026-09-24 08:42:14] DEBUG: -610	len:43262	cov:7	mult:1.75
[2026-09-24 08:42:14] DEBUG: 611	len:6381	cov:1	mult:0.25
[2026-09-24 08:42:14] DEBUG: -611	len:6381	cov:1	mult:0.25
[2026-09-24 08:42:14] DEBUG: 612	len:13719	cov:2	mult:0.5
[2026-09-24 08:42:14] DEBUG: -612	len:13719	cov:2	mult:0.5
[2026-09-24 08:42:14] DEBUG: 613	len:12206	cov:1	mult:0.25
[2026-09-24 08:42:14] DEBUG: -613	len:12206	cov:1	mult:0.25
[2026-09-24 08:42:14] DEBUG: 614	len:11838	cov:1	mult:0.25
[2026-09-24 08:42:14] DEBUG: -614	len:11838	cov:1	mult:0.25
[2026-09-24 08:42:14] DEBUG: 615	len:8614	cov:2	mult:0.5
[2026-09-24 08:42:14] DEBUG: -615	len:8614	cov:2	mult:0.5
[2026-09-24 08:42:14] DEBUG: 616	len:9550	cov:2	mult:0.5
[2026-09-24 08:42:14] DEBUG: -616	len:9550	cov:2	mult:0.5
[2026-09-24 08:42:14] DEBUG: 617	len:7077	cov:3	mult:0.75
[2026-09-24 08:42:14] DEBUG: -617	len:7077	cov:3	mult:0.75
[2026-09-24 08:42:14] DEBUG: 618	len:19491	cov:3	mult:0.75
[2026-09-24 08:42:14] DEBUG: -618	len:19491	cov:3	mult:0.75
[2026-09-24 08:42:14] DEBUG: 619	len:12038	cov:1	mult:0.25
[2026-09-24 08:42:14] DEBUG: -619	len:12038	cov:1	mult:0.25
[2026-09-24 08:42:14] DEBUG: 620	len:11690	cov:2	mult:0.5
[2026-09-24 08:42:14] DEBUG: -620	len:11690	cov:2	mult:0.5
[2026-09-24 08:42:14] DEBUG: 621	len:35038	cov:3	mult:0.75
[2026-09-24 08:42:14] DEBUG: -621	len:35038	cov:3	mult:0.75
[2026-09-24 08:42:14] DEBUG: 622	len:7084	cov:2	mult:0.5
[2026-09-24 08:42:14] DEBUG: -622	len:7084	cov:2	mult:0.5
[2026-09-24 08:42:14] DEBUG: 623	len:8022	cov:2	mult:0.5
[2026-09-24 08:42:14] DEBUG: -623	len:8022	cov:2	mult:0.5
[2026-09-24 08:42:14] DEBUG: 624	len:10598	cov:1	mult:0.25
[2026-09-24 08:42:14] DEBUG: -624	len:10598	cov:1	mult:0.25
[2026-09-24 08:42:14] DEBUG: 625	len:15320	cov:2	mult:0.5
[2026-09-24 08:42:14] DEBUG: -625	len:15320	cov:2	mult:0.5
[2026-09-24 08:42:14] DEBUG: 626	len:11019	cov:3	mult:0.75
[2026-09-24 08:42:14] DEBUG: -626	len:11019	cov:3	mult:0.75
[2026-09-24 08:42:14] DEBUG: 627	len:19694	cov:3	mult:0.75
[2026-09-24 08:42:14] DEBUG: -627	len:19694	cov:3	mult:0.75
[2026-09-24 08:42:14] DEBUG: 628	len:17065	cov:1	mult:0.25
[2026-09-24 08:42:14] DEBUG: -628	len:17065	cov:1	mult:0.25
[2026-09-24 08:42:14] DEBUG: 629	len:6856	cov:2	mult:0.5
[2026-09-24 08:42:14] DEBUG: -629	len:6856	cov:2	mult:0.5
[2026-09-24 08:42:14] DEBUG: 630	len:12893	cov:4	mult:1
[2026-09-24 08:42:14] DEBUG: -630	len:12893	cov:4	mult:1
[2026-09-24 08:42:14] DEBUG: 631	len:36834	cov:6	mult:1.5
[2026-09-24 08:42:14] DEBUG: -631	len:36834	cov:6	mult:1.5
[2026-09-24 08:42:14] DEBUG: 632	len:11878	cov:5	mult:1.25
[2026-09-24 08:42:14] DEBUG: -632	len:11878	cov:5	mult:1.25
[2026-09-24 08:42:14] DEBUG: 633	len:10562	cov:1	mult:0.25
[2026-09-24 08:42:14] DEBUG: -633	len:10562	cov:1	mult:0.25
[2026-09-24 08:42:14] DEBUG: 634	len:11531	cov:2	mult:0.5
[2026-09-24 08:42:14] DEBUG: -634	len:11531	cov:2	mult:0.5
[2026-09-24 08:42:14] DEBUG: 635	len:5210	cov:1	mult:0.25
[2026-09-24 08:42:14] DEBUG: -635	len:5210	cov:1	mult:0.25
[2026-09-24 08:42:14] DEBUG: 636	len:6205	cov:3	mult:0.75
[2026-09-24 08:42:14] DEBUG: -636	len:6205	cov:3	mult:0.75
[2026-09-24 08:42:14] DEBUG: 637	len:13449	cov:5	mult:1.25
[2026-09-24 08:42:14] DEBUG: -637	len:13449	cov:5	mult:1.25
[2026-09-24 08:42:14] DEBUG: 638	len:7535	cov:1	mult:0.25
[2026-09-24 08:42:14] DEBUG: -638	len:7535	cov:1	mult:0.25
[2026-09-24 08:42:14] DEBUG: 639	len:12115	cov:3	mult:0.75
[2026-09-24 08:42:14] DEBUG: -639	len:12115	cov:3	mult:0.75
[2026-09-24 08:42:14] DEBUG: 640	len:4582	cov:1	mult:0.25
[2026-09-24 08:42:14] DEBUG: -640	len:4582	cov:1	mult:0.25
[2026-09-24 08:42:14] DEBUG: 641	len:8222	cov:2	mult:0.5
[2026-09-24 08:42:14] DEBUG: -641	len:8222	cov:2	mult:0.5
[2026-09-24 08:42:14] DEBUG: 642	len:4086	cov:1	mult:0.25
[2026-09-24 08:42:14] DEBUG: -642	len:4086	cov:1	mult:0.25
[2026-09-24 08:42:14] DEBUG: 643	len:21459	cov:1	mult:0.25
[2026-09-24 08:42:14] DEBUG: -643	len:21459	cov:1	mult:0.25
[2026-09-24 08:42:14] DEBUG: 644	len:4950	cov:2	mult:0.5
[2026-09-24 08:42:14] DEBUG: -644	len:4950	cov:2	mult:0.5
[2026-09-24 08:42:14] DEBUG: 645	len:15593	cov:3	mult:0.75
[2026-09-24 08:42:14] DEBUG: -645	len:15593	cov:3	mult:0.75
[2026-09-24 08:42:14] DEBUG: 646	len:4891	cov:2	mult:0.5
[2026-09-24 08:42:14] DEBUG: -646	len:4891	cov:2	mult:0.5
[2026-09-24 08:42:14] DEBUG: 647	len:10178	cov:3	mult:0.75
[2026-09-24 08:42:14] DEBUG: -647	len:10178	cov:3	mult:0.75
[2026-09-24 08:42:14] DEBUG: 648	len:4566	cov:1	mult:0.25
[2026-09-24 08:42:14] DEBUG: -648	len:4566	cov:1	mult:0.25
[2026-09-24 08:42:14] DEBUG: 649	len:19061	cov:2	mult:0.5
[2026-09-24 08:42:14] DEBUG: -649	len:19061	cov:2	mult:0.5
[2026-09-24 08:42:14] DEBUG: 650	len:10334	cov:1	mult:0.25
[2026-09-24 08:42:14] DEBUG: -650	len:10334	cov:1	mult:0.25
[2026-09-24 08:42:14] DEBUG: 651	len:8616	cov:2	mult:0.5
[2026-09-24 08:42:14] DEBUG: -651	len:8616	cov:2	mult:0.5
[2026-09-24 08:42:14] DEBUG: 652	len:6672	cov:2	mult:0.5
[2026-09-24 08:42:14] DEBUG: -652	len:6672	cov:2	mult:0.5
[2026-09-24 08:42:14] DEBUG: 653	len:13083	cov:9	mult:2.25
[2026-09-24 08:42:14] DEBUG: -653	len:13083	cov:9	mult:2.25
[2026-09-24 08:42:14] DEBUG: 654	len:26157	cov:8	mult:2
[2026-09-24 08:42:14] DEBUG: -654	len:26157	cov:8	mult:2
[2026-09-24 08:42:14] DEBUG: 655	len:9377	cov:1	mult:0.25
[2026-09-24 08:42:14] DEBUG: -655	len:9377	cov:1	mult:0.25
[2026-09-24 08:42:14] DEBUG: 656	len:9993	cov:4	mult:1
[2026-09-24 08:42:14] DEBUG: -656	len:9993	cov:4	mult:1
[2026-09-24 08:42:14] DEBUG: 657	len:6723	cov:3	mult:0.75
[2026-09-24 08:42:14] DEBUG: -657	len:6723	cov:3	mult:0.75
[2026-09-24 08:42:14] DEBUG: 658	len:4826	cov:2	mult:0.5
[2026-09-24 08:42:14] DEBUG: -658	len:4826	cov:2	mult:0.5
[2026-09-24 08:42:14] DEBUG: 659	len:16981	cov:4	mult:1
[2026-09-24 08:42:14] DEBUG: -659	len:16981	cov:4	mult:1
[2026-09-24 08:42:14] DEBUG: 660	len:5643	cov:2	mult:0.5
[2026-09-24 08:42:14] DEBUG: -660	len:5643	cov:2	mult:0.5
[2026-09-24 08:42:14] DEBUG: 661	len:6742	cov:3	mult:0.75
[2026-09-24 08:42:14] DEBUG: -661	len:6742	cov:3	mult:0.75
[2026-09-24 08:42:14] DEBUG: 662	len:4142	cov:2	mult:0.5
[2026-09-24 08:42:14] DEBUG: -662	len:4142	cov:2	mult:0.5
[2026-09-24 08:42:14] DEBUG: 663	len:5310	cov:2	mult:0.5
[2026-09-24 08:42:14] DEBUG: -663	len:5310	cov:2	mult:0.5
[2026-09-24 08:42:14] DEBUG: 664	len:15943	cov:5	mult:1.25
[2026-09-24 08:42:14] DEBUG: -664	len:15943	cov:5	mult:1.25
[2026-09-24 08:42:14] DEBUG: 665	len:6714	cov:2	mult:0.5
[2026-09-24 08:42:14] DEBUG: -665	len:6714	cov:2	mult:0.5
[2026-09-24 08:42:14] DEBUG: 666	len:18708	cov:4	mult:1
[2026-09-24 08:42:14] DEBUG: -666	len:18708	cov:4	mult:1
[2026-09-24 08:42:14] DEBUG: 667	len:10417	cov:3	mult:0.75
[2026-09-24 08:42:14] DEBUG: -667	len:10417	cov:3	mult:0.75
[2026-09-24 08:42:14] DEBUG: 668	len:8591	cov:2	mult:0.5
[2026-09-24 08:42:14] DEBUG: -668	len:8591	cov:2	mult:0.5
[2026-09-24 08:42:14] DEBUG: 669	len:7037	cov:1	mult:0.25
[2026-09-24 08:42:14] DEBUG: -669	len:7037	cov:1	mult:0.25
[2026-09-24 08:42:14] DEBUG: 670	len:14037	cov:2	mult:0.5
[2026-09-24 08:42:14] DEBUG: -670	len:14037	cov:2	mult:0.5
[2026-09-24 08:42:14] DEBUG: 671	len:8957	cov:2	mult:0.5
[2026-09-24 08:42:14] DEBUG: -671	len:8957	cov:2	mult:0.5
[2026-09-24 08:42:14] DEBUG: 672	len:17947	cov:2	mult:0.5
[2026-09-24 08:42:14] DEBUG: -672	len:17947	cov:2	mult:0.5
[2026-09-24 08:42:14] DEBUG: 673	len:21053	cov:2	mult:0.5
[2026-09-24 08:42:14] DEBUG: -673	len:21053	cov:2	mult:0.5
[2026-09-24 08:42:14] DEBUG: 674	len:7545	cov:2	mult:0.5
[2026-09-24 08:42:14] DEBUG: -674	len:7545	cov:2	mult:0.5
[2026-09-24 08:42:14] DEBUG: 675	len:39380	cov:2	mult:0.5
[2026-09-24 08:42:14] DEBUG: -675	len:39380	cov:2	mult:0.5
[2026-09-24 08:42:14] DEBUG: 676	len:10411	cov:3	mult:0.75
[2026-09-24 08:42:14] DEBUG: -676	len:10411	cov:3	mult:0.75
[2026-09-24 08:42:14] DEBUG: 677	len:10426	cov:1	mult:0.25
[2026-09-24 08:42:14] DEBUG: -677	len:10426	cov:1	mult:0.25
[2026-09-24 08:42:14] DEBUG: 678	len:4465	cov:2	mult:0.5
[2026-09-24 08:42:14] DEBUG: -678	len:4465	cov:2	mult:0.5
[2026-09-24 08:42:14] DEBUG: 679	len:10016	cov:3	mult:0.75
[2026-09-24 08:42:14] DEBUG: -679	len:10016	cov:3	mult:0.75
[2026-09-24 08:42:14] DEBUG: 680	len:10887	cov:2	mult:0.5
[2026-09-24 08:42:14] DEBUG: -680	len:10887	cov:2	mult:0.5
[2026-09-24 08:42:14] DEBUG: 681	len:11664	cov:2	mult:0.5
[2026-09-24 08:42:14] DEBUG: -681	len:11664	cov:2	mult:0.5
[2026-09-24 08:42:14] DEBUG: 682	len:6902	cov:3	mult:0.75
[2026-09-24 08:42:14] DEBUG: -682	len:6902	cov:3	mult:0.75
[2026-09-24 08:42:14] DEBUG: 683	len:6135	cov:3	mult:0.75
[2026-09-24 08:42:14] DEBUG: -683	len:6135	cov:3	mult:0.75
[2026-09-24 08:42:14] DEBUG: 684	len:11098	cov:1	mult:0.25
[2026-09-24 08:42:14] DEBUG: -684	len:11098	cov:1	mult:0.25
[2026-09-24 08:42:14] DEBUG: 685	len:4201	cov:1	mult:0.25
[2026-09-24 08:42:14] DEBUG: -685	len:4201	cov:1	mult:0.25
[2026-09-24 08:42:14] DEBUG: 686	len:16017	cov:2	mult:0.5
[2026-09-24 08:42:14] DEBUG: -686	len:16017	cov:2	mult:0.5
[2026-09-24 08:42:14] DEBUG: 687	len:8766	cov:1	mult:0.25
[2026-09-24 08:42:14] DEBUG: -687	len:8766	cov:1	mult:0.25
[2026-09-24 08:42:14] DEBUG: 688	len:6056	cov:2	mult:0.5
[2026-09-24 08:42:14] DEBUG: -688	len:6056	cov:2	mult:0.5
[2026-09-24 08:42:14] DEBUG: 689	len:8093	cov:1	mult:0.25
[2026-09-24 08:42:14] DEBUG: -689	len:8093	cov:1	mult:0.25
[2026-09-24 08:42:14] DEBUG: 690	len:6376	cov:2	mult:0.5
[2026-09-24 08:42:14] DEBUG: -690	len:6376	cov:2	mult:0.5
[2026-09-24 08:42:14] DEBUG: 691	len:15408	cov:4	mult:1
[2026-09-24 08:42:14] DEBUG: -691	len:15408	cov:4	mult:1
[2026-09-24 08:42:14] DEBUG: 692	len:10142	cov:2	mult:0.5
[2026-09-24 08:42:14] DEBUG: -692	len:10142	cov:2	mult:0.5
[2026-09-24 08:42:14] DEBUG: 693	len:7664	cov:1	mult:0.25
[2026-09-24 08:42:14] DEBUG: -693	len:7664	cov:1	mult:0.25
[2026-09-24 08:42:14] DEBUG: 694	len:9081	cov:2	mult:0.5
[2026-09-24 08:42:14] DEBUG: -694	len:9081	cov:2	mult:0.5
[2026-09-24 08:42:14] DEBUG: 695	len:8331	cov:2	mult:0.5
[2026-09-24 08:42:14] DEBUG: -695	len:8331	cov:2	mult:0.5
[2026-09-24 08:42:14] DEBUG: 696	len:7926	cov:3	mult:0.75
[2026-09-24 08:42:14] DEBUG: -696	len:7926	cov:3	mult:0.75
[2026-09-24 08:42:14] DEBUG: 697	len:8019	cov:1	mult:0.25
[2026-09-24 08:42:14] DEBUG: -697	len:8019	cov:1	mult:0.25
[2026-09-24 08:42:14] DEBUG: 698	len:9385	cov:4	mult:1
[2026-09-24 08:42:14] DEBUG: -698	len:9385	cov:4	mult:1
[2026-09-24 08:42:14] DEBUG: 699	len:13047	cov:1	mult:0.25
[2026-09-24 08:42:14] DEBUG: -699	len:13047	cov:1	mult:0.25
[2026-09-24 08:42:14] DEBUG: 700	len:4016	cov:1	mult:0.25
[2026-09-24 08:42:14] DEBUG: -700	len:4016	cov:1	mult:0.25
[2026-09-24 08:42:14] DEBUG: 701	len:15829	cov:4	mult:1
[2026-09-24 08:42:14] DEBUG: -701	len:15829	cov:4	mult:1
[2026-09-24 08:42:14] DEBUG: 702	len:14835	cov:1	mult:0.25
[2026-09-24 08:42:14] DEBUG: -702	len:14835	cov:1	mult:0.25
[2026-09-24 08:42:14] DEBUG: 703	len:15112	cov:8	mult:2
[2026-09-24 08:42:14] DEBUG: -703	len:15112	cov:8	mult:2
[2026-09-24 08:42:14] DEBUG: 704	len:15171	cov:2	mult:0.5
[2026-09-24 08:42:14] DEBUG: -704	len:15171	cov:2	mult:0.5
[2026-09-24 08:42:14] DEBUG: 705	len:22054	cov:5	mult:1.25
[2026-09-24 08:42:14] DEBUG: -705	len:22054	cov:5	mult:1.25
[2026-09-24 08:42:14] DEBUG: 706	len:11875	cov:1	mult:0.25
[2026-09-24 08:42:14] DEBUG: -706	len:11875	cov:1	mult:0.25
[2026-09-24 08:42:14] DEBUG: 707	len:26186	cov:3	mult:0.75
[2026-09-24 08:42:14] DEBUG: -707	len:26186	cov:3	mult:0.75
[2026-09-24 08:42:14] DEBUG: 708	len:11717	cov:2	mult:0.5
[2026-09-24 08:42:14] DEBUG: -708	len:11717	cov:2	mult:0.5
[2026-09-24 08:42:14] DEBUG: 709	len:9268	cov:2	mult:0.5
[2026-09-24 08:42:14] DEBUG: -709	len:9268	cov:2	mult:0.5
[2026-09-24 08:42:14] DEBUG: 710	len:13289	cov:2	mult:0.5
[2026-09-24 08:42:14] DEBUG: -710	len:13289	cov:2	mult:0.5
[2026-09-24 08:42:14] DEBUG: 711	len:7199	cov:2	mult:0.5
[2026-09-24 08:42:14] DEBUG: -711	len:7199	cov:2	mult:0.5
[2026-09-24 08:42:14] DEBUG: 712	len:18388	cov:1	mult:0.25
[2026-09-24 08:42:14] DEBUG: -712	len:18388	cov:1	mult:0.25
[2026-09-24 08:42:14] DEBUG: 713	len:6371	cov:1	mult:0.25
[2026-09-24 08:42:14] DEBUG: -713	len:6371	cov:1	mult:0.25
[2026-09-24 08:42:14] DEBUG: 714	len:6887	cov:2	mult:0.5
[2026-09-24 08:42:14] DEBUG: -714	len:6887	cov:2	mult:0.5
[2026-09-24 08:42:14] DEBUG: 715	len:7578	cov:0	mult:0
[2026-09-24 08:42:14] DEBUG: -715	len:7578	cov:0	mult:0
[2026-09-24 08:42:14] DEBUG: 716	len:9043	cov:2	mult:0.5
[2026-09-24 08:42:14] DEBUG: -716	len:9043	cov:2	mult:0.5
[2026-09-24 08:42:14] DEBUG: 717	len:40796	cov:6	mult:1.5
[2026-09-24 08:42:14] DEBUG: -717	len:40796	cov:6	mult:1.5
[2026-09-24 08:42:14] DEBUG: 718	len:26026	cov:6	mult:1.5
[2026-09-24 08:42:14] DEBUG: -718	len:26026	cov:6	mult:1.5
[2026-09-24 08:42:14] DEBUG: 719	len:26431	cov:7	mult:1.75
[2026-09-24 08:42:14] DEBUG: -719	len:26431	cov:7	mult:1.75
[2026-09-24 08:42:14] DEBUG: 720	len:39494	cov:3	mult:0.75
[2026-09-24 08:42:14] DEBUG: -720	len:39494	cov:3	mult:0.75
[2026-09-24 08:42:14] DEBUG: 721	len:18035	cov:4	mult:1
[2026-09-24 08:42:14] DEBUG: -721	len:18035	cov:4	mult:1
[2026-09-24 08:42:14] DEBUG: 722	len:13175	cov:2	mult:0.5
[2026-09-24 08:42:14] DEBUG: -722	len:13175	cov:2	mult:0.5
[2026-09-24 08:42:14] DEBUG: 723	len:21515	cov:5	mult:1.25
[2026-09-24 08:42:14] DEBUG: -723	len:21515	cov:5	mult:1.25
[2026-09-24 08:42:14] DEBUG: 724	len:23888	cov:3	mult:0.75
[2026-09-24 08:42:14] DEBUG: -724	len:23888	cov:3	mult:0.75
[2026-09-24 08:42:14] DEBUG: 725	len:12890	cov:1	mult:0.25
[2026-09-24 08:42:14] DEBUG: -725	len:12890	cov:1	mult:0.25
[2026-09-24 08:42:14] DEBUG: 726	len:13513	cov:3	mult:0.75
[2026-09-24 08:42:14] DEBUG: -726	len:13513	cov:3	mult:0.75
[2026-09-24 08:42:14] DEBUG: 727	len:38272	cov:4	mult:1
[2026-09-24 08:42:14] DEBUG: -727	len:38272	cov:4	mult:1
[2026-09-24 08:42:14] DEBUG: 728	len:12082	cov:6	mult:1.5
[2026-09-24 08:42:14] DEBUG: -728	len:12082	cov:6	mult:1.5
[2026-09-24 08:42:14] DEBUG: 729	len:21794	cov:5	mult:1.25
[2026-09-24 08:42:14] DEBUG: -729	len:21794	cov:5	mult:1.25
[2026-09-24 08:42:14] DEBUG: 730	len:78400	cov:6	mult:1.5
[2026-09-24 08:42:14] DEBUG: -730	len:78400	cov:6	mult:1.5
[2026-09-24 08:42:14] DEBUG: 731	len:49360	cov:3	mult:0.75
[2026-09-24 08:42:14] DEBUG: -731	len:49360	cov:3	mult:0.75
[2026-09-24 08:42:14] DEBUG: 732	len:12853	cov:6	mult:1.5
[2026-09-24 08:42:14] DEBUG: -732	len:12853	cov:6	mult:1.5
[2026-09-24 08:42:14] DEBUG: 733	len:19414	cov:3	mult:0.75
[2026-09-24 08:42:14] DEBUG: -733	len:19414	cov:3	mult:0.75
[2026-09-24 08:42:14] DEBUG: 734	len:40065	cov:5	mult:1.25
[2026-09-24 08:42:14] DEBUG: -734	len:40065	cov:5	mult:1.25
[2026-09-24 08:42:14] DEBUG: 737	len:21018	cov:2	mult:0.5
[2026-09-24 08:42:14] DEBUG: -737	len:21018	cov:2	mult:0.5
[2026-09-24 08:42:14] DEBUG: 738	len:63364	cov:5	mult:1.25
[2026-09-24 08:42:14] DEBUG: -738	len:63364	cov:5	mult:1.25
[2026-09-24 08:42:14] DEBUG: 739	len:40201	cov:4	mult:1
[2026-09-24 08:42:14] DEBUG: -739	len:40201	cov:4	mult:1
[2026-09-24 08:42:14] DEBUG: 740	len:4350	cov:1	mult:0.25
[2026-09-24 08:42:14] DEBUG: -740	len:4350	cov:1	mult:0.25
[2026-09-24 08:42:14] DEBUG: 741	len:17797	cov:185	mult:46.25
[2026-09-24 08:42:14] DEBUG: -741	len:17797	cov:185	mult:46.25
[2026-09-24 08:42:14] DEBUG: Unique coverage threshold 7
[2026-09-24 08:42:14] INFO: Simplifying the graph
[2026-09-24 08:42:14] DEBUG: Read coverage cutoff: 3
[2026-09-24 08:42:14] DEBUG: [SIMPL] Removed 307 paths with low coverage
[2026-09-24 08:42:14] DEBUG: [SIMPL] Masked 0 heterozygous loops
[2026-09-24 08:42:14] DEBUG: [SIMPL] Masked 0 simple bubbles
[2026-09-24 08:42:14] DEBUG: Finding repeats
[2026-09-24 08:42:14] DEBUG: Read coverage cutoff: 3
[2026-09-24 08:42:14] DEBUG: High-cov: 24	17626	8
[2026-09-24 08:42:14] DEBUG: High-cov: 25	38771	12
[2026-09-24 08:42:14] DEBUG: High-cov: 47	44416	9
[2026-09-24 08:42:14] DEBUG: High-cov: 71	20443	8
[2026-09-24 08:42:14] DEBUG: High-cov: 80	12203	8
[2026-09-24 08:42:14] DEBUG: High-cov: 99	41252	8
[2026-09-24 08:42:14] DEBUG: High-cov: 103	33023	8
[2026-09-24 08:42:14] DEBUG: High-cov: 109	11741	9
[2026-09-24 08:42:14] DEBUG: High-cov: 114	30509	8
[2026-09-24 08:42:14] DEBUG: High-cov: 155	23287	9
[2026-09-24 08:42:14] DEBUG: High-cov: 181	46423	8
[2026-09-24 08:42:14] DEBUG: High-cov: 217	28154	9
[2026-09-24 08:42:14] DEBUG: High-cov: 242	15538	8
[2026-09-24 08:42:14] DEBUG: High-cov: 261	4347	18
[2026-09-24 08:42:14] DEBUG: High-cov: 297	10342	8
[2026-09-24 08:42:14] DEBUG: High-cov: 364	14881	8
[2026-09-24 08:42:14] DEBUG: High-cov: 486	14677	8
[2026-09-24 08:42:14] DEBUG: High-cov: 488	11313	11
[2026-09-24 08:42:14] DEBUG: High-cov: 541	16903	8
[2026-09-24 08:42:14] DEBUG: High-cov: 602	8344	10
[2026-09-24 08:42:14] DEBUG: High-cov: 653	13083	9
[2026-09-24 08:42:14] DEBUG: High-cov: 654	26157	8
[2026-09-24 08:42:14] DEBUG: High-cov: 703	15112	8
[2026-09-24 08:42:14] DEBUG: High-cov: 741	17797	185
[2026-09-24 08:42:14] DEBUG: Repeat detection iteration 1
[2026-09-24 08:42:14] DEBUG: Writing Dot
[2026-09-24 08:42:14] DEBUG: Writing FASTA
[2026-09-24 08:42:14] DEBUG: Writing Gfa
[2026-09-24 08:42:14] DEBUG: [SIMPL] == Iteration 1 ==
[2026-09-24 08:42:14] DEBUG: Splitting nodes
[2026-09-24 08:42:14] DEBUG: [SIMPL] Split 0 nodes
[2026-09-24 08:42:14] DEBUG: Tip 262 len:15141 cov:4
[2026-09-24 08:42:14] DEBUG: Tip 263 len:15344 cov:6
[2026-09-24 08:42:14] DEBUG: Tip -734 len:40065 cov:5
[2026-09-24 08:42:14] DEBUG: [SIMPL] Clipped 2 short and 1 long tips
[2026-09-24 08:42:14] DEBUG: [SIMPL] Masked 0 heterozygous loops
[2026-09-24 08:42:14] DEBUG: [SIMPL] Masked 0 simple bubbles
[2026-09-24 08:42:14] DEBUG: Finding repeats
[2026-09-24 08:42:14] DEBUG: Read coverage cutoff: 3
[2026-09-24 08:42:14] DEBUG: High-cov: 24	17626	8
[2026-09-24 08:42:14] DEBUG: High-cov: 25	38771	12
[2026-09-24 08:42:14] DEBUG: High-cov: 47	44416	9
[2026-09-24 08:42:14] DEBUG: High-cov: 71	20443	8
[2026-09-24 08:42:14] DEBUG: High-cov: 80	12203	8
[2026-09-24 08:42:14] DEBUG: High-cov: 99	41252	8
[2026-09-24 08:42:14] DEBUG: High-cov: 103	33023	8
[2026-09-24 08:42:14] DEBUG: High-cov: 109	11741	9
[2026-09-24 08:42:14] DEBUG: High-cov: 114	30509	8
[2026-09-24 08:42:14] DEBUG: High-cov: 155	23287	9
[2026-09-24 08:42:14] DEBUG: High-cov: 181	46423	8
[2026-09-24 08:42:14] DEBUG: High-cov: 217	28154	9
[2026-09-24 08:42:14] DEBUG: High-cov: 242	15538	8
[2026-09-24 08:42:14] DEBUG: High-cov: 261	4347	18
[2026-09-24 08:42:14] DEBUG: High-cov: 297	10342	8
[2026-09-24 08:42:14] DEBUG: High-cov: 364	14881	8
[2026-09-24 08:42:14] DEBUG: High-cov: 486	14677	8
[2026-09-24 08:42:14] DEBUG: High-cov: 488	11313	11
[2026-09-24 08:42:14] DEBUG: High-cov: 541	16903	8
[2026-09-24 08:42:14] DEBUG: High-cov: 602	8344	10
[2026-09-24 08:42:14] DEBUG: High-cov: 653	13083	9
[2026-09-24 08:42:14] DEBUG: High-cov: 654	26157	8
[2026-09-24 08:42:14] DEBUG: High-cov: 703	15112	8
[2026-09-24 08:42:14] DEBUG: High-cov: 741	17797	185
[2026-09-24 08:42:14] DEBUG: Repeat detection iteration 1
[2026-09-24 08:42:14] DEBUG: Total unique edges: 408
[2026-09-24 08:42:14] DEBUG: [SIMPL] Resolved repeats: 0
[2026-09-24 08:42:14] DEBUG: RR links: 0
[2026-09-24 08:42:14] DEBUG: Unresolved: 0
[2026-09-24 08:42:14] DEBUG: Removed 0 simple and 0 double chimeric junctions
[2026-09-24 08:42:14] DEBUG: [SIMPL] == Iteration 2 ==
[2026-09-24 08:42:14] DEBUG: Splitting nodes
[2026-09-24 08:42:14] DEBUG: [SIMPL] Split 0 nodes
[2026-09-24 08:42:14] DEBUG: [SIMPL] Clipped 0 short and 0 long tips
[2026-09-24 08:42:14] DEBUG: [SIMPL] Masked 0 heterozygous loops
[2026-09-24 08:42:14] DEBUG: [SIMPL] Masked 0 simple bubbles
[2026-09-24 08:42:14] DEBUG: Finding repeats
[2026-09-24 08:42:14] DEBUG: Read coverage cutoff: 3
[2026-09-24 08:42:14] DEBUG: High-cov: 24	17626	8
[2026-09-24 08:42:14] DEBUG: High-cov: 25	38771	12
[2026-09-24 08:42:14] DEBUG: High-cov: 47	44416	9
[2026-09-24 08:42:14] DEBUG: High-cov: 71	20443	8
[2026-09-24 08:42:14] DEBUG: High-cov: 80	12203	8
[2026-09-24 08:42:14] DEBUG: High-cov: 99	41252	8
[2026-09-24 08:42:14] DEBUG: High-cov: 103	33023	8
[2026-09-24 08:42:14] DEBUG: High-cov: 109	11741	9
[2026-09-24 08:42:14] DEBUG: High-cov: 114	30509	8
[2026-09-24 08:42:14] DEBUG: High-cov: 155	23287	9
[2026-09-24 08:42:14] DEBUG: High-cov: 181	46423	8
[2026-09-24 08:42:14] DEBUG: High-cov: 217	28154	9
[2026-09-24 08:42:14] DEBUG: High-cov: 242	15538	8
[2026-09-24 08:42:14] DEBUG: High-cov: 261	4347	18
[2026-09-24 08:42:14] DEBUG: High-cov: 297	10342	8
[2026-09-24 08:42:14] DEBUG: High-cov: 364	14881	8
[2026-09-24 08:42:14] DEBUG: High-cov: 486	14677	8
[2026-09-24 08:42:14] DEBUG: High-cov: 488	11313	11
[2026-09-24 08:42:14] DEBUG: High-cov: 541	16903	8
[2026-09-24 08:42:14] DEBUG: High-cov: 602	8344	10
[2026-09-24 08:42:14] DEBUG: High-cov: 653	13083	9
[2026-09-24 08:42:14] DEBUG: High-cov: 654	26157	8
[2026-09-24 08:42:14] DEBUG: High-cov: 703	15112	8
[2026-09-24 08:42:14] DEBUG: High-cov: 741	17797	185
[2026-09-24 08:42:14] DEBUG: Repeat detection iteration 1
[2026-09-24 08:42:14] DEBUG: Total unique edges: 408
[2026-09-24 08:42:14] DEBUG: [SIMPL] Resolved repeats: 0
[2026-09-24 08:42:14] DEBUG: RR links: 0
[2026-09-24 08:42:14] DEBUG: Unresolved: 0
[2026-09-24 08:42:14] DEBUG: Removed 0 simple and 0 double chimeric junctions
[2026-09-24 08:42:14] DEBUG: [SIMPL] Collapsed 0 haplotypes
[2026-09-24 08:42:14] DEBUG: [SIMPL] Resolved 0 simple repeats
[2026-09-24 08:42:14] DEBUG: Read coverage cutoff: 3
[2026-09-24 08:42:14] DEBUG: [SIMPL] Removed 0 paths with low coverage
[2026-09-24 08:42:14] DEBUG: Finding repeats
[2026-09-24 08:42:14] DEBUG: Read coverage cutoff: 3
[2026-09-24 08:42:14] DEBUG: High-cov: 24	17626	8
[2026-09-24 08:42:14] DEBUG: High-cov: 25	38771	12
[2026-09-24 08:42:14] DEBUG: High-cov: 47	44416	9
[2026-09-24 08:42:14] DEBUG: High-cov: 71	20443	8
[2026-09-24 08:42:14] DEBUG: High-cov: 80	12203	8
[2026-09-24 08:42:14] DEBUG: High-cov: 99	41252	8
[2026-09-24 08:42:14] DEBUG: High-cov: 103	33023	8
[2026-09-24 08:42:14] DEBUG: High-cov: 109	11741	9
[2026-09-24 08:42:14] DEBUG: High-cov: 114	30509	8
[2026-09-24 08:42:14] DEBUG: High-cov: 155	23287	9
[2026-09-24 08:42:14] DEBUG: High-cov: 181	46423	8
[2026-09-24 08:42:14] DEBUG: High-cov: 217	28154	9
[2026-09-24 08:42:14] DEBUG: High-cov: 242	15538	8
[2026-09-24 08:42:14] DEBUG: High-cov: 261	4347	18
[2026-09-24 08:42:14] DEBUG: High-cov: 297	10342	8
[2026-09-24 08:42:14] DEBUG: High-cov: 364	14881	8
[2026-09-24 08:42:14] DEBUG: High-cov: 486	14677	8
[2026-09-24 08:42:14] DEBUG: High-cov: 488	11313	11
[2026-09-24 08:42:14] DEBUG: High-cov: 541	16903	8
[2026-09-24 08:42:14] DEBUG: High-cov: 602	8344	10
[2026-09-24 08:42:14] DEBUG: High-cov: 653	13083	9
[2026-09-24 08:42:14] DEBUG: High-cov: 654	26157	8
[2026-09-24 08:42:14] DEBUG: High-cov: 703	15112	8
[2026-09-24 08:42:14] DEBUG: High-cov: 741	17797	185
[2026-09-24 08:42:14] DEBUG: Repeat detection iteration 1
[2026-09-24 08:42:14] DEBUG: Writing Dot
[2026-09-24 08:42:14] DEBUG: Writing FASTA
[2026-09-24 08:42:14] DEBUG: Peak RAM usage: 1 Gb
-----------End assembly log------------
[2026-09-24 08:42:14] root: INFO: >>>STAGE: contigger
[2026-09-24 08:42:14] root: INFO: Generating contigs
[2026-09-24 08:42:14] root: DEBUG: -----Begin contigger analyser log------
[2026-09-24 08:42:14] root: DEBUG: Running: flye-modules contigger --graph-edges /Users/alee083/outputs/flye_output/20-repeat/repeat_graph_edges.fasta --reads /Users/alee083/data/ERR1539006.fastq.gz --out-dir /Users/alee083/outputs/flye_output/30-contigger --config /Users/alee083/miniconda3/envs/flye-env/lib/python3.10/site-packages/flye/config/bin_cfg/asm_raw_reads.cfg --repeat-graph /Users/alee083/outputs/flye_output/20-repeat/repeat_graph_dump --graph-aln /Users/alee083/outputs/flye_output/20-repeat/read_alignment_dump --log /Users/alee083/outputs/flye_output/flye.log --threads 8 --min-ovlp 4000
[2026-09-24 08:42:14] DEBUG: Build date: Apr 13 2026 04:09:11
[2026-09-24 08:42:14] DEBUG: Total RAM: 16 Gb
[2026-09-24 08:42:14] DEBUG: Available RAM: 0 Gb
[2026-09-24 08:42:14] DEBUG: Total CPUs: 8
[2026-09-24 08:42:14] DEBUG: Loading /Users/alee083/miniconda3/envs/flye-env/lib/python3.10/site-packages/flye/config/bin_cfg/asm_raw_reads.cfg
[2026-09-24 08:42:14] DEBUG: Loading /Users/alee083/miniconda3/envs/flye-env/lib/python3.10/site-packages/flye/config/bin_cfg/asm_defaults.cfg
[2026-09-24 08:42:14] DEBUG: 	big_genome_threshold=29000000
[2026-09-24 08:42:14] DEBUG: 	meta_read_filter_kmer_freq=100
[2026-09-24 08:42:14] DEBUG: 	chain_large_gap_penalty=2
[2026-09-24 08:42:14] DEBUG: 	chain_small_gap_penalty=0.5
[2026-09-24 08:42:14] DEBUG: 	chain_gap_jump_threshold=100
[2026-09-24 08:42:14] DEBUG: 	max_jump_gap=500
[2026-09-24 08:42:14] DEBUG: 	max_coverage_drop_rate=5
[2026-09-24 08:42:14] DEBUG: 	max_extensions_drop_rate=5
[2026-09-24 08:42:14] DEBUG: 	chimera_window=100
[2026-09-24 08:42:14] DEBUG: 	chimera_overhang=1000
[2026-09-24 08:42:14] DEBUG: 	min_reads_in_disjointig=4
[2026-09-24 08:42:14] DEBUG: 	max_inner_reads=10
[2026-09-24 08:42:14] DEBUG: 	max_inner_fraction=0.25
[2026-09-24 08:42:14] DEBUG: 	aggressive_dup_filter=1
[2026-09-24 08:42:14] DEBUG: 	max_separation=500
[2026-09-24 08:42:14] DEBUG: 	unique_edge_length=50000
[2026-09-24 08:42:14] DEBUG: 	min_repeat_res_support=0.51
[2026-09-24 08:42:14] DEBUG: 	out_paths_ratio=5
[2026-09-24 08:42:14] DEBUG: 	graph_cov_drop_rate=5
[2026-09-24 08:42:14] DEBUG: 	coverage_estimate_window=100
[2026-09-24 08:42:14] DEBUG: 	max_bubble_length=50000
[2026-09-24 08:42:14] DEBUG: 	loop_coverage_rate=1.5
[2026-09-24 08:42:14] DEBUG: 	repeat_edge_cov_mult=1.75
[2026-09-24 08:42:14] DEBUG: 	weak_detach_rate=5
[2026-09-24 08:42:14] DEBUG: 	tip_coverage_rate=2
[2026-09-24 08:42:14] DEBUG: 	tip_length_rate=2
[2026-09-24 08:42:14] DEBUG: 	output_gfa_before_rr=1
[2026-09-24 08:42:14] DEBUG: 	remove_alt_edges=0
[2026-09-24 08:42:14] DEBUG: 	low_cutoff_warning=1
[2026-09-24 08:42:14] DEBUG: 	kmer_size=17
[2026-09-24 08:42:14] DEBUG: 	use_minimizers=0
[2026-09-24 08:42:14] DEBUG: 	reads_base_alignment=0
[2026-09-24 08:42:14] DEBUG: 	meta_read_top_kmer_rate=0.40
[2026-09-24 08:42:14] DEBUG: 	maximum_jump=1500
[2026-09-24 08:42:14] DEBUG: 	maximum_overhang=1500
[2026-09-24 08:42:14] DEBUG: 	repeat_kmer_rate=100
[2026-09-24 08:42:14] DEBUG: 	assemble_ovlp_divergence=0.10
[2026-09-24 08:42:14] DEBUG: 	assemble_divergence_relative=1
[2026-09-24 08:42:14] DEBUG: 	repeat_graph_ovlp_divergence=0.08
[2026-09-24 08:42:14] DEBUG: 	read_align_ovlp_divergence=0.25
[2026-09-24 08:42:14] DEBUG: 	hpc_scoring_on=0
[2026-09-24 08:42:14] DEBUG: 	add_unassembled_reads=0
[2026-09-24 08:42:14] DEBUG: 	extend_contigs_with_repeats=0
[2026-09-24 08:42:14] DEBUG: 	min_read_cov_cutoff=3
[2026-09-24 08:42:14] DEBUG: 	short_tip_length=20000
[2026-09-24 08:42:14] DEBUG: 	long_tip_length=100000
[2026-09-24 08:42:14] DEBUG: Running with k-mer size: 17
[2026-09-24 08:42:14] DEBUG: Selected minimum overlap 4000
[2026-09-24 08:42:14] INFO: Reading sequences
[2026-09-24 08:42:15] DEBUG: Building positional index
[2026-09-24 08:42:15] DEBUG: Total sequence: 122584622 bp
[2026-09-24 08:42:15] DEBUG: Flipped 0
[2026-09-24 08:42:15] DEBUG: UPath 1: 4
[2026-09-24 08:42:15] DEBUG: UPath 2: 5
[2026-09-24 08:42:15] DEBUG: UPath 3: 6
[2026-09-24 08:42:15] DEBUG: UPath 4: 7
[2026-09-24 08:42:15] DEBUG: UPath 5: 8
[2026-09-24 08:42:15] DEBUG: UPath 6: 11
[2026-09-24 08:42:15] DEBUG: UPath 7: 13
[2026-09-24 08:42:15] DEBUG: UPath 8: 18
[2026-09-24 08:42:15] DEBUG: UPath 9: 19
[2026-09-24 08:42:15] DEBUG: UPath 10: 21
[2026-09-24 08:42:15] DEBUG: UPath 11: 22
[2026-09-24 08:42:15] DEBUG: UPath 12: 23
[2026-09-24 08:42:15] DEBUG: UPath 13: 24
[2026-09-24 08:42:15] DEBUG: UPath 14: 25
[2026-09-24 08:42:15] DEBUG: UPath 15: 28
[2026-09-24 08:42:15] DEBUG: UPath 16: 30
[2026-09-24 08:42:15] DEBUG: UPath 17: 33
[2026-09-24 08:42:15] DEBUG: UPath 18: 34
[2026-09-24 08:42:15] DEBUG: UPath 19: 37
[2026-09-24 08:42:15] DEBUG: UPath 20: 38
[2026-09-24 08:42:15] DEBUG: UPath 21: 39
[2026-09-24 08:42:15] DEBUG: UPath 22: 40
[2026-09-24 08:42:15] DEBUG: UPath 23: 41
[2026-09-24 08:42:15] DEBUG: UPath 24: 42
[2026-09-24 08:42:15] DEBUG: UPath 25: 43
[2026-09-24 08:42:15] DEBUG: UPath 26: 44
[2026-09-24 08:42:15] DEBUG: UPath 27: 45
[2026-09-24 08:42:15] DEBUG: UPath 28: 46
[2026-09-24 08:42:15] DEBUG: UPath 29: 47
[2026-09-24 08:42:15] DEBUG: UPath 30: 49
[2026-09-24 08:42:15] DEBUG: UPath 31: 51
[2026-09-24 08:42:15] DEBUG: UPath 32: 53
[2026-09-24 08:42:15] DEBUG: UPath 33: 54
[2026-09-24 08:42:15] DEBUG: UPath 34: 56
[2026-09-24 08:42:15] DEBUG: UPath 35: 57
[2026-09-24 08:42:15] DEBUG: UPath 36: 58
[2026-09-24 08:42:15] DEBUG: UPath 37: 59
[2026-09-24 08:42:15] DEBUG: UPath 38: 61
[2026-09-24 08:42:15] DEBUG: UPath 39: 62
[2026-09-24 08:42:15] DEBUG: UPath 40: 64
[2026-09-24 08:42:15] DEBUG: UPath 41: 66
[2026-09-24 08:42:15] DEBUG: UPath 42: 71
[2026-09-24 08:42:15] DEBUG: UPath 43: 73
[2026-09-24 08:42:15] DEBUG: UPath 44: 74
[2026-09-24 08:42:15] DEBUG: UPath 45: 75
[2026-09-24 08:42:15] DEBUG: UPath 46: 76
[2026-09-24 08:42:15] DEBUG: UPath 47: 78
[2026-09-24 08:42:15] DEBUG: UPath 48: 79
[2026-09-24 08:42:15] DEBUG: UPath 49: 80
[2026-09-24 08:42:15] DEBUG: UPath 50: 81
[2026-09-24 08:42:15] DEBUG: UPath 51: 82
[2026-09-24 08:42:15] DEBUG: UPath 52: 84
[2026-09-24 08:42:15] DEBUG: UPath 53: 85
[2026-09-24 08:42:15] DEBUG: UPath 54: 86
[2026-09-24 08:42:15] DEBUG: UPath 55: 87
[2026-09-24 08:42:15] DEBUG: UPath 56: 89
[2026-09-24 08:42:15] DEBUG: UPath 57: 90
[2026-09-24 08:42:15] DEBUG: UPath 58: 91
[2026-09-24 08:42:15] DEBUG: UPath 59: 92
[2026-09-24 08:42:15] DEBUG: UPath 60: 93
[2026-09-24 08:42:15] DEBUG: UPath 61: 94
[2026-09-24 08:42:15] DEBUG: UPath 62: 95
[2026-09-24 08:42:15] DEBUG: UPath 63: 96
[2026-09-24 08:42:15] DEBUG: UPath 64: 98
[2026-09-24 08:42:15] DEBUG: UPath 65: 99
[2026-09-24 08:42:15] DEBUG: UPath 66: 100
[2026-09-24 08:42:15] DEBUG: UPath 67: 101
[2026-09-24 08:42:15] DEBUG: UPath 68: 102
[2026-09-24 08:42:15] DEBUG: UPath 69: 103
[2026-09-24 08:42:15] DEBUG: UPath 70: 105
[2026-09-24 08:42:15] DEBUG: UPath 71: 107
[2026-09-24 08:42:15] DEBUG: UPath 72: 108
[2026-09-24 08:42:15] DEBUG: UPath 73: 109
[2026-09-24 08:42:15] DEBUG: UPath 74: 110
[2026-09-24 08:42:15] DEBUG: UPath 75: 111
[2026-09-24 08:42:15] DEBUG: UPath 76: 112
[2026-09-24 08:42:15] DEBUG: UPath 77: 113
[2026-09-24 08:42:15] DEBUG: UPath 78: 114
[2026-09-24 08:42:15] DEBUG: UPath 79: 116
[2026-09-24 08:42:15] DEBUG: UPath 80: 117
[2026-09-24 08:42:15] DEBUG: UPath 81: 118
[2026-09-24 08:42:15] DEBUG: UPath 82: 119
[2026-09-24 08:42:15] DEBUG: UPath 83: 120
[2026-09-24 08:42:15] DEBUG: UPath 84: 121
[2026-09-24 08:42:15] DEBUG: UPath 85: 122
[2026-09-24 08:42:15] DEBUG: UPath 86: 123
[2026-09-24 08:42:15] DEBUG: UPath 87: 125
[2026-09-24 08:42:15] DEBUG: UPath 88: 126
[2026-09-24 08:42:15] DEBUG: UPath 89: 127
[2026-09-24 08:42:15] DEBUG: UPath 90: 128
[2026-09-24 08:42:15] DEBUG: UPath 91: 129
[2026-09-24 08:42:15] DEBUG: UPath 92: 133
[2026-09-24 08:42:15] DEBUG: UPath 93: 134
[2026-09-24 08:42:15] DEBUG: UPath 94: 135
[2026-09-24 08:42:15] DEBUG: UPath 95: 136
[2026-09-24 08:42:15] DEBUG: UPath 96: 137
[2026-09-24 08:42:15] DEBUG: UPath 97: 138
[2026-09-24 08:42:15] DEBUG: UPath 98: 139
[2026-09-24 08:42:15] DEBUG: UPath 99: 140
[2026-09-24 08:42:15] DEBUG: UPath 100: 141
[2026-09-24 08:42:15] DEBUG: UPath 101: 142
[2026-09-24 08:42:15] DEBUG: UPath 102: 143
[2026-09-24 08:42:15] DEBUG: UPath 103: 145
[2026-09-24 08:42:15] DEBUG: UPath 104: 146
[2026-09-24 08:42:15] DEBUG: UPath 105: 147
[2026-09-24 08:42:15] DEBUG: UPath 106: 148
[2026-09-24 08:42:15] DEBUG: UPath 107: 149
[2026-09-24 08:42:15] DEBUG: UPath 108: 150
[2026-09-24 08:42:15] DEBUG: UPath 109: 151
[2026-09-24 08:42:15] DEBUG: UPath 110: 152
[2026-09-24 08:42:15] DEBUG: UPath 111: 153
[2026-09-24 08:42:15] DEBUG: UPath 112: 155
[2026-09-24 08:42:15] DEBUG: UPath 113: 156
[2026-09-24 08:42:15] DEBUG: UPath 114: 157
[2026-09-24 08:42:15] DEBUG: UPath 115: 158
[2026-09-24 08:42:15] DEBUG: UPath 116: 159
[2026-09-24 08:42:15] DEBUG: UPath 117: 160
[2026-09-24 08:42:15] DEBUG: UPath 118: 162
[2026-09-24 08:42:15] DEBUG: UPath 119: 163
[2026-09-24 08:42:15] DEBUG: UPath 120: 164
[2026-09-24 08:42:15] DEBUG: UPath 121: 165
[2026-09-24 08:42:15] DEBUG: UPath 122: 166
[2026-09-24 08:42:15] DEBUG: UPath 123: 168
[2026-09-24 08:42:15] DEBUG: UPath 124: 170
[2026-09-24 08:42:15] DEBUG: UPath 125: 172
[2026-09-24 08:42:15] DEBUG: UPath 126: 173
[2026-09-24 08:42:15] DEBUG: UPath 127: 174
[2026-09-24 08:42:15] DEBUG: UPath 128: 175
[2026-09-24 08:42:15] DEBUG: UPath 129: 176
[2026-09-24 08:42:15] DEBUG: UPath 130: 177
[2026-09-24 08:42:15] DEBUG: UPath 131: 181
[2026-09-24 08:42:15] DEBUG: UPath 132: 182
[2026-09-24 08:42:15] DEBUG: UPath 133: 184
[2026-09-24 08:42:15] DEBUG: UPath 134: 185
[2026-09-24 08:42:15] DEBUG: UPath 135: 186
[2026-09-24 08:42:15] DEBUG: UPath 136: 188
[2026-09-24 08:42:15] DEBUG: UPath 137: 190
[2026-09-24 08:42:15] DEBUG: UPath 138: 191
[2026-09-24 08:42:15] DEBUG: UPath 139: 192
[2026-09-24 08:42:15] DEBUG: UPath 140: 195
[2026-09-24 08:42:15] DEBUG: UPath 141: 196
[2026-09-24 08:42:15] DEBUG: UPath 142: 199
[2026-09-24 08:42:15] DEBUG: UPath 143: 202
[2026-09-24 08:42:15] DEBUG: UPath 144: 203
[2026-09-24 08:42:15] DEBUG: UPath 145: 204
[2026-09-24 08:42:15] DEBUG: UPath 146: 205
[2026-09-24 08:42:15] DEBUG: UPath 147: 209
[2026-09-24 08:42:15] DEBUG: UPath 148: 210
[2026-09-24 08:42:15] DEBUG: UPath 149: 211
[2026-09-24 08:42:15] DEBUG: UPath 150: 212
[2026-09-24 08:42:15] DEBUG: UPath 151: 213
[2026-09-24 08:42:15] DEBUG: UPath 152: 214
[2026-09-24 08:42:15] DEBUG: UPath 153: 215
[2026-09-24 08:42:15] DEBUG: UPath 154: 217
[2026-09-24 08:42:15] DEBUG: UPath 155: 218
[2026-09-24 08:42:15] DEBUG: UPath 156: 220
[2026-09-24 08:42:15] DEBUG: UPath 157: 221
[2026-09-24 08:42:15] DEBUG: UPath 158: 222
[2026-09-24 08:42:15] DEBUG: UPath 159: 225
[2026-09-24 08:42:15] DEBUG: UPath 160: 227
[2026-09-24 08:42:15] DEBUG: UPath 161: 228
[2026-09-24 08:42:15] DEBUG: UPath 162: 229
[2026-09-24 08:42:15] DEBUG: UPath 163: 230
[2026-09-24 08:42:15] DEBUG: UPath 164: 232
[2026-09-24 08:42:15] DEBUG: UPath 165: 233
[2026-09-24 08:42:15] DEBUG: UPath 166: 235
[2026-09-24 08:42:15] DEBUG: UPath 167: 236
[2026-09-24 08:42:15] DEBUG: UPath 168: 241
[2026-09-24 08:42:15] DEBUG: UPath 169: 242
[2026-09-24 08:42:15] DEBUG: UPath 170: 243
[2026-09-24 08:42:15] DEBUG: UPath 171: 244
[2026-09-24 08:42:15] DEBUG: UPath 172: 245
[2026-09-24 08:42:15] DEBUG: UPath 173: 248
[2026-09-24 08:42:15] DEBUG: UPath 174: 250
[2026-09-24 08:42:15] DEBUG: UPath 175: 252
[2026-09-24 08:42:15] DEBUG: UPath 176: 254
[2026-09-24 08:42:15] DEBUG: UPath 177: 255
[2026-09-24 08:42:15] DEBUG: UPath 178: 256
[2026-09-24 08:42:15] DEBUG: UPath 179: 257
[2026-09-24 08:42:15] DEBUG: UPath 180: 258
[2026-09-24 08:42:15] DEBUG: UPath 181: 259
[2026-09-24 08:42:15] DEBUG: UPath 182: 260
[2026-09-24 08:42:15] DEBUG: UPath 183: 261
[2026-09-24 08:42:15] DEBUG: UPath 184: 262
[2026-09-24 08:42:15] DEBUG: UPath 185: 263
[2026-09-24 08:42:15] DEBUG: UPath 186: 264
[2026-09-24 08:42:15] DEBUG: UPath 187: 265
[2026-09-24 08:42:15] DEBUG: UPath 188: 266
[2026-09-24 08:42:15] DEBUG: UPath 189: 267
[2026-09-24 08:42:15] DEBUG: UPath 190: 268
[2026-09-24 08:42:15] DEBUG: UPath 191: 269
[2026-09-24 08:42:15] DEBUG: UPath 192: 270
[2026-09-24 08:42:15] DEBUG: UPath 193: 271
[2026-09-24 08:42:15] DEBUG: UPath 194: 272
[2026-09-24 08:42:15] DEBUG: UPath 195: 275
[2026-09-24 08:42:15] DEBUG: UPath 196: 276
[2026-09-24 08:42:15] DEBUG: UPath 197: 278
[2026-09-24 08:42:15] DEBUG: UPath 198: 280
[2026-09-24 08:42:15] DEBUG: UPath 199: 281
[2026-09-24 08:42:15] DEBUG: UPath 200: 283
[2026-09-24 08:42:15] DEBUG: UPath 201: 284
[2026-09-24 08:42:15] DEBUG: UPath 202: 286
[2026-09-24 08:42:15] DEBUG: UPath 203: 288
[2026-09-24 08:42:15] DEBUG: UPath 204: 289
[2026-09-24 08:42:15] DEBUG: UPath 205: 292
[2026-09-24 08:42:15] DEBUG: UPath 206: 293
[2026-09-24 08:42:15] DEBUG: UPath 207: 294
[2026-09-24 08:42:15] DEBUG: UPath 208: 295
[2026-09-24 08:42:15] DEBUG: UPath 209: 296
[2026-09-24 08:42:15] DEBUG: UPath 210: 297
[2026-09-24 08:42:15] DEBUG: UPath 211: 298
[2026-09-24 08:42:15] DEBUG: UPath 212: 299
[2026-09-24 08:42:15] DEBUG: UPath 213: 300
[2026-09-24 08:42:15] DEBUG: UPath 214: 304
[2026-09-24 08:42:15] DEBUG: UPath 215: 306
[2026-09-24 08:42:15] DEBUG: UPath 216: 307
[2026-09-24 08:42:15] DEBUG: UPath 217: 309
[2026-09-24 08:42:15] DEBUG: UPath 218: 310
[2026-09-24 08:42:15] DEBUG: UPath 219: 313
[2026-09-24 08:42:15] DEBUG: UPath 220: 316
[2026-09-24 08:42:15] DEBUG: UPath 221: 317
[2026-09-24 08:42:15] DEBUG: UPath 222: 318
[2026-09-24 08:42:15] DEBUG: UPath 223: 319
[2026-09-24 08:42:15] DEBUG: UPath 224: 320
[2026-09-24 08:42:15] DEBUG: UPath 225: 322
[2026-09-24 08:42:15] DEBUG: UPath 226: 323
[2026-09-24 08:42:15] DEBUG: UPath 227: 325
[2026-09-24 08:42:15] DEBUG: UPath 228: 326
[2026-09-24 08:42:15] DEBUG: UPath 229: 327
[2026-09-24 08:42:15] DEBUG: UPath 230: 328
[2026-09-24 08:42:15] DEBUG: UPath 231: 329
[2026-09-24 08:42:15] DEBUG: UPath 232: 330
[2026-09-24 08:42:15] DEBUG: UPath 233: 331
[2026-09-24 08:42:15] DEBUG: UPath 234: 333
[2026-09-24 08:42:15] DEBUG: UPath 235: 334
[2026-09-24 08:42:15] DEBUG: UPath 236: 337
[2026-09-24 08:42:15] DEBUG: UPath 237: 339
[2026-09-24 08:42:15] DEBUG: UPath 238: 341
[2026-09-24 08:42:15] DEBUG: UPath 239: 343
[2026-09-24 08:42:15] DEBUG: UPath 240: 344
[2026-09-24 08:42:15] DEBUG: UPath 241: 346
[2026-09-24 08:42:15] DEBUG: UPath 242: 348
[2026-09-24 08:42:15] DEBUG: UPath 243: 349
[2026-09-24 08:42:15] DEBUG: UPath 244: 350
[2026-09-24 08:42:15] DEBUG: UPath 245: 351
[2026-09-24 08:42:15] DEBUG: UPath 246: 354
[2026-09-24 08:42:15] DEBUG: UPath 247: 357
[2026-09-24 08:42:15] DEBUG: UPath 248: 358
[2026-09-24 08:42:15] DEBUG: UPath 249: 360
[2026-09-24 08:42:15] DEBUG: UPath 250: 361
[2026-09-24 08:42:15] DEBUG: UPath 251: 362
[2026-09-24 08:42:15] DEBUG: UPath 252: 363
[2026-09-24 08:42:15] DEBUG: UPath 253: 364
[2026-09-24 08:42:15] DEBUG: UPath 254: 365
[2026-09-24 08:42:15] DEBUG: UPath 255: 366
[2026-09-24 08:42:15] DEBUG: UPath 256: 367
[2026-09-24 08:42:15] DEBUG: UPath 257: 368
[2026-09-24 08:42:15] DEBUG: UPath 258: 369
[2026-09-24 08:42:15] DEBUG: UPath 259: 370
[2026-09-24 08:42:15] DEBUG: UPath 260: 374
[2026-09-24 08:42:15] DEBUG: UPath 261: 375
[2026-09-24 08:42:15] DEBUG: UPath 262: 376
[2026-09-24 08:42:15] DEBUG: UPath 263: 377
[2026-09-24 08:42:15] DEBUG: UPath 264: 379
[2026-09-24 08:42:15] DEBUG: UPath 265: 380
[2026-09-24 08:42:15] DEBUG: UPath 266: 381
[2026-09-24 08:42:15] DEBUG: UPath 267: 383
[2026-09-24 08:42:15] DEBUG: UPath 268: 385
[2026-09-24 08:42:15] DEBUG: UPath 269: 386
[2026-09-24 08:42:15] DEBUG: UPath 270: 387
[2026-09-24 08:42:15] DEBUG: UPath 271: 389
[2026-09-24 08:42:15] DEBUG: UPath 272: 391
[2026-09-24 08:42:15] DEBUG: UPath 273: 392
[2026-09-24 08:42:15] DEBUG: UPath 274: 393
[2026-09-24 08:42:15] DEBUG: UPath 275: 394
[2026-09-24 08:42:15] DEBUG: UPath 276: 395
[2026-09-24 08:42:15] DEBUG: UPath 277: 396
[2026-09-24 08:42:15] DEBUG: UPath 278: 398
[2026-09-24 08:42:15] DEBUG: UPath 279: 399
[2026-09-24 08:42:15] DEBUG: UPath 280: 403
[2026-09-24 08:42:15] DEBUG: UPath 281: 411
[2026-09-24 08:42:15] DEBUG: UPath 282: 412
[2026-09-24 08:42:15] DEBUG: UPath 283: 413
[2026-09-24 08:42:15] DEBUG: UPath 284: 414
[2026-09-24 08:42:15] DEBUG: UPath 285: 415
[2026-09-24 08:42:15] DEBUG: UPath 286: 419
[2026-09-24 08:42:15] DEBUG: UPath 287: 422
[2026-09-24 08:42:15] DEBUG: UPath 288: 426
[2026-09-24 08:42:15] DEBUG: UPath 289: 428
[2026-09-24 08:42:15] DEBUG: UPath 290: 429
[2026-09-24 08:42:15] DEBUG: UPath 291: 430
[2026-09-24 08:42:15] DEBUG: UPath 292: 433
[2026-09-24 08:42:15] DEBUG: UPath 293: 434
[2026-09-24 08:42:15] DEBUG: UPath 294: 435
[2026-09-24 08:42:15] DEBUG: UPath 295: 438
[2026-09-24 08:42:15] DEBUG: UPath 296: 440
[2026-09-24 08:42:15] DEBUG: UPath 297: 442
[2026-09-24 08:42:15] DEBUG: UPath 298: 443
[2026-09-24 08:42:15] DEBUG: UPath 299: 444
[2026-09-24 08:42:15] DEBUG: UPath 300: 445
[2026-09-24 08:42:15] DEBUG: UPath 301: 446
[2026-09-24 08:42:15] DEBUG: UPath 302: 447
[2026-09-24 08:42:15] DEBUG: UPath 303: 448
[2026-09-24 08:42:15] DEBUG: UPath 304: 451
[2026-09-24 08:42:15] DEBUG: UPath 305: 452
[2026-09-24 08:42:15] DEBUG: UPath 306: 453
[2026-09-24 08:42:15] DEBUG: UPath 307: 454
[2026-09-24 08:42:15] DEBUG: UPath 308: 456
[2026-09-24 08:42:15] DEBUG: UPath 309: 457
[2026-09-24 08:42:15] DEBUG: UPath 310: 458
[2026-09-24 08:42:15] DEBUG: UPath 311: 460
[2026-09-24 08:42:15] DEBUG: UPath 312: 461
[2026-09-24 08:42:15] DEBUG: UPath 313: 462
[2026-09-24 08:42:15] DEBUG: UPath 314: 465
[2026-09-24 08:42:15] DEBUG: UPath 315: 468
[2026-09-24 08:42:15] DEBUG: UPath 316: 475
[2026-09-24 08:42:15] DEBUG: UPath 317: 476
[2026-09-24 08:42:15] DEBUG: UPath 318: 478
[2026-09-24 08:42:15] DEBUG: UPath 319: 480
[2026-09-24 08:42:15] DEBUG: UPath 320: 481
[2026-09-24 08:42:15] DEBUG: UPath 321: 483
[2026-09-24 08:42:15] DEBUG: UPath 322: 486
[2026-09-24 08:42:15] DEBUG: UPath 323: 487
[2026-09-24 08:42:15] DEBUG: UPath 324: 488
[2026-09-24 08:42:15] DEBUG: UPath 325: 490
[2026-09-24 08:42:15] DEBUG: UPath 326: 493
[2026-09-24 08:42:15] DEBUG: UPath 327: 494
[2026-09-24 08:42:15] DEBUG: UPath 328: 497
[2026-09-24 08:42:15] DEBUG: UPath 329: 498
[2026-09-24 08:42:15] DEBUG: UPath 330: 499
[2026-09-24 08:42:15] DEBUG: UPath 331: 501
[2026-09-24 08:42:15] DEBUG: UPath 332: 502
[2026-09-24 08:42:15] DEBUG: UPath 333: 503
[2026-09-24 08:42:15] DEBUG: UPath 334: 506
[2026-09-24 08:42:15] DEBUG: UPath 335: 510
[2026-09-24 08:42:15] DEBUG: UPath 336: 511
[2026-09-24 08:42:15] DEBUG: UPath 337: 513
[2026-09-24 08:42:15] DEBUG: UPath 338: 514
[2026-09-24 08:42:15] DEBUG: UPath 339: 515
[2026-09-24 08:42:15] DEBUG: UPath 340: 517
[2026-09-24 08:42:15] DEBUG: UPath 341: 519
[2026-09-24 08:42:15] DEBUG: UPath 342: 520
[2026-09-24 08:42:15] DEBUG: UPath 343: 522
[2026-09-24 08:42:15] DEBUG: UPath 344: 523
[2026-09-24 08:42:15] DEBUG: UPath 345: 524
[2026-09-24 08:42:15] DEBUG: UPath 346: 528
[2026-09-24 08:42:15] DEBUG: UPath 347: 529
[2026-09-24 08:42:15] DEBUG: UPath 348: 530
[2026-09-24 08:42:15] DEBUG: UPath 349: 532
[2026-09-24 08:42:15] DEBUG: UPath 350: 534
[2026-09-24 08:42:15] DEBUG: UPath 351: 539
[2026-09-24 08:42:15] DEBUG: UPath 352: 541
[2026-09-24 08:42:15] DEBUG: UPath 353: 543
[2026-09-24 08:42:15] DEBUG: UPath 354: 544
[2026-09-24 08:42:15] DEBUG: UPath 355: 546
[2026-09-24 08:42:15] DEBUG: UPath 356: 557
[2026-09-24 08:42:15] DEBUG: UPath 357: 558
[2026-09-24 08:42:15] DEBUG: UPath 358: 560
[2026-09-24 08:42:15] DEBUG: UPath 359: 561
[2026-09-24 08:42:15] DEBUG: UPath 360: 562
[2026-09-24 08:42:15] DEBUG: UPath 361: 564
[2026-09-24 08:42:15] DEBUG: UPath 362: 570
[2026-09-24 08:42:15] DEBUG: UPath 363: 572
[2026-09-24 08:42:15] DEBUG: UPath 364: 573
[2026-09-24 08:42:15] DEBUG: UPath 365: 575
[2026-09-24 08:42:15] DEBUG: UPath 366: 576
[2026-09-24 08:42:15] DEBUG: UPath 367: 580
[2026-09-24 08:42:15] DEBUG: UPath 368: 583
[2026-09-24 08:42:15] DEBUG: UPath 369: 588
[2026-09-24 08:42:15] DEBUG: UPath 370: 591
[2026-09-24 08:42:15] DEBUG: UPath 371: 592
[2026-09-24 08:42:15] DEBUG: UPath 372: 593
[2026-09-24 08:42:15] DEBUG: UPath 373: 594
[2026-09-24 08:42:15] DEBUG: UPath 374: 595
[2026-09-24 08:42:15] DEBUG: UPath 375: 599
[2026-09-24 08:42:15] DEBUG: UPath 376: 600
[2026-09-24 08:42:15] DEBUG: UPath 377: 602
[2026-09-24 08:42:15] DEBUG: UPath 378: 605
[2026-09-24 08:42:15] DEBUG: UPath 379: 606
[2026-09-24 08:42:15] DEBUG: UPath 380: 610
[2026-09-24 08:42:15] DEBUG: UPath 381: 617
[2026-09-24 08:42:15] DEBUG: UPath 382: 618
[2026-09-24 08:42:15] DEBUG: UPath 383: 621
[2026-09-24 08:42:15] DEBUG: UPath 384: 626
[2026-09-24 08:42:15] DEBUG: UPath 385: 627
[2026-09-24 08:42:15] DEBUG: UPath 386: 630
[2026-09-24 08:42:15] DEBUG: UPath 387: 631
[2026-09-24 08:42:15] DEBUG: UPath 388: 632
[2026-09-24 08:42:15] DEBUG: UPath 389: 636
[2026-09-24 08:42:15] DEBUG: UPath 390: 637
[2026-09-24 08:42:15] DEBUG: UPath 391: 639
[2026-09-24 08:42:15] DEBUG: UPath 392: 645
[2026-09-24 08:42:15] DEBUG: UPath 393: 647
[2026-09-24 08:42:15] DEBUG: UPath 394: 653
[2026-09-24 08:42:15] DEBUG: UPath 395: 654
[2026-09-24 08:42:15] DEBUG: UPath 396: 656
[2026-09-24 08:42:15] DEBUG: UPath 397: 657
[2026-09-24 08:42:15] DEBUG: UPath 398: 659
[2026-09-24 08:42:15] DEBUG: UPath 399: 661
[2026-09-24 08:42:15] DEBUG: UPath 400: 664
[2026-09-24 08:42:15] DEBUG: UPath 401: 666
[2026-09-24 08:42:15] DEBUG: UPath 402: 667
[2026-09-24 08:42:15] DEBUG: UPath 403: 676
[2026-09-24 08:42:15] DEBUG: UPath 404: 679
[2026-09-24 08:42:15] DEBUG: UPath 405: 682
[2026-09-24 08:42:15] DEBUG: UPath 406: 683
[2026-09-24 08:42:15] DEBUG: UPath 407: 691
[2026-09-24 08:42:15] DEBUG: UPath 408: 696
[2026-09-24 08:42:15] DEBUG: UPath 409: 698
[2026-09-24 08:42:15] DEBUG: UPath 410: 701
[2026-09-24 08:42:15] DEBUG: UPath 411: 703
[2026-09-24 08:42:15] DEBUG: UPath 412: 705
[2026-09-24 08:42:15] DEBUG: UPath 413: 707
[2026-09-24 08:42:15] DEBUG: UPath 414: 717
[2026-09-24 08:42:15] DEBUG: UPath 415: 718
[2026-09-24 08:42:15] DEBUG: UPath 416: 719
[2026-09-24 08:42:15] DEBUG: UPath 417: 720
[2026-09-24 08:42:15] DEBUG: UPath 418: 721
[2026-09-24 08:42:15] DEBUG: UPath 419: 723
[2026-09-24 08:42:15] DEBUG: UPath 420: 724
[2026-09-24 08:42:15] DEBUG: UPath 421: 726
[2026-09-24 08:42:15] DEBUG: UPath 422: 727
[2026-09-24 08:42:15] DEBUG: UPath 423: 728
[2026-09-24 08:42:15] DEBUG: UPath 424: 729
[2026-09-24 08:42:15] DEBUG: UPath 425: 730
[2026-09-24 08:42:15] DEBUG: UPath 426: 731
[2026-09-24 08:42:15] DEBUG: UPath 427: 732
[2026-09-24 08:42:15] DEBUG: UPath 428: 733
[2026-09-24 08:42:15] DEBUG: UPath 429: 734
[2026-09-24 08:42:15] DEBUG: UPath 430: 738
[2026-09-24 08:42:15] DEBUG: UPath 431: 739
[2026-09-24 08:42:15] DEBUG: UPath 432: 741
[2026-09-24 08:42:15] DEBUG: Final graph contains 432 egdes
[2026-09-24 08:42:15] DEBUG: Extending contigs into repeats
[2026-09-24 08:42:16] DEBUG: Covered 0 repetitive contigs
[2026-09-24 08:42:16] INFO: Generated 432 contigs
[2026-09-24 08:42:16] DEBUG: Writing FASTA
[2026-09-24 08:42:16] DEBUG: Generating scaffold connections
[2026-09-24 08:42:16] INFO: Added 0 scaffold connections
[2026-09-24 08:42:16] DEBUG: Writing Dot
[2026-09-24 08:42:16] DEBUG: Writing FASTA
[2026-09-24 08:42:16] DEBUG: Writing Gfa
[2026-09-24 08:42:16] DEBUG: Peak RAM usage: 0 Gb
-----------End assembly log------------
[2026-09-24 08:42:16] root: INFO: >>>STAGE: polishing
[2026-09-24 08:42:16] root: INFO: Polishing genome (1/1)
[2026-09-24 08:42:16] root: INFO: Running minimap2
[2026-09-24 08:42:25] root: INFO: Separating alignment into bubbles
[2026-09-24 08:42:36] root: DEBUG: Generated 146514 bubbles
[2026-09-24 08:42:36] root: DEBUG: Split 2310 long bubbles
[2026-09-24 08:42:36] root: DEBUG: Skipped 22 empty bubbles
[2026-09-24 08:42:36] root: DEBUG: Skipped 0 bubbles with long branches
[2026-09-24 08:42:36] root: INFO: Alignment error rate: 0.245161
[2026-09-24 08:42:36] root: INFO: Correcting bubbles
[2026-09-24 09:02:23] root: DEBUG: Mean contig coverage: 6, selected threshold: 3
[2026-09-24 09:02:23] root: DEBUG: Filtered 1 contigs of total length 8474
[2026-09-24 09:02:23] root: DEBUG: Generating polished GFA
[2026-09-24 09:02:26] root: DEBUG: 1 sequences remained unpolished
[2026-09-24 09:02:26] root: INFO: >>>STAGE: finalize
[2026-09-24 09:02:26] root: DEBUG: ---Output dir contents:----
[2026-09-24 09:02:26] root: DEBUG: flye_output/
[2026-09-24 09:02:26] root: DEBUG:     6.0 K       .DS_Store
[2026-09-24 09:02:26] root: DEBUG:     9.0 M       assembly_graph.gfa
[2026-09-24 09:02:26] root: DEBUG:     92.0 B      params.json
[2026-09-24 09:02:26] root: DEBUG:     131.0 K     assembly_graph.gv
[2026-09-24 09:02:26] root: DEBUG:     436.0 K     flye.log
[2026-09-24 09:02:26] root: DEBUG:     9.0 M       assembly.fasta
[2026-09-24 09:02:26] root: DEBUG:     00-assembly/
[2026-09-24 09:02:26] root: DEBUG:         25.0 K      draft_assembly.fasta.fai
[2026-09-24 09:02:26] root: DEBUG:         13.0 M      draft_assembly.fasta
[2026-09-24 09:02:26] root: DEBUG:     40-polishing/
[2026-09-24 09:02:26] root: DEBUG:         9.0 M       filtered_contigs.fasta
[2026-09-24 09:02:26] root: DEBUG:         752.0 K     base_coverage.bed.gz
[2026-09-24 09:02:26] root: DEBUG:         7.0 K       contigs_stats.txt
[2026-09-24 09:02:26] root: DEBUG:         945.0 B     minimap.stderr
[2026-09-24 09:02:26] root: DEBUG:         13.0 K      minimap_1.bam.csi
[2026-09-24 09:02:26] root: DEBUG:         7.0 K       filtered_stats.txt
[2026-09-24 09:02:26] root: DEBUG:         12.0 K      filtered_contigs.fasta.fai
[2026-09-24 09:02:26] root: DEBUG:         9.0 M       polished_edges.gfa
[2026-09-24 09:02:26] root: DEBUG:         4.0 K       edges_aln.bam.csi
[2026-09-24 09:02:26] root: DEBUG:     20-repeat/
[2026-09-24 09:02:26] root: DEBUG:         9.0 M       graph_before_rr.gfa
[2026-09-24 09:02:26] root: DEBUG:         1.0 M       read_alignment_dump
[2026-09-24 09:02:26] root: DEBUG:         83.0 K      repeat_graph_dump
[2026-09-24 09:02:26] root: DEBUG:         9.0 M       graph_before_rr.fasta
[2026-09-24 09:02:26] root: DEBUG:         131.0 K     graph_before_rr.gv
[2026-09-24 09:02:26] root: DEBUG:         12.0 M      repeat_graph_edges.fasta
[2026-09-24 09:02:26] root: DEBUG:         131.0 K     graph_after_rr.gv
[2026-09-24 09:02:26] root: DEBUG:     30-contigger/
[2026-09-24 09:02:26] root: DEBUG:         9.0 M       graph_final.fasta
[2026-09-24 09:02:26] root: DEBUG:         9.0 M       contigs.fasta
[2026-09-24 09:02:26] root: DEBUG:         14.0 K      contigs_stats.txt
[2026-09-24 09:02:26] root: DEBUG:         0.0 B       scaffolds_links.txt
[2026-09-24 09:02:26] root: DEBUG:         12.0 K      contigs.fasta.fai
[2026-09-24 09:02:26] root: DEBUG:         131.0 K     graph_final.gv
[2026-09-24 09:02:26] root: DEBUG:         9.0 M       graph_final.gfa
[2026-09-24 09:02:26] root: DEBUG:     10-consensus/
[2026-09-24 09:02:26] root: DEBUG:         12.0 M      consensus.fasta
[2026-09-24 09:02:26] root: DEBUG:         921.0 B     minimap.stderr
[2026-09-24 09:02:26] root: DEBUG:         17.0 K      minimap.bam.csi
[2026-09-24 09:02:26] root: DEBUG: --------------------------
[2026-09-24 09:02:26] root: INFO: Assembly statistics:

	Total length:	10226846
	Fragments:	431
	Fragments N50:	28892
	Largest frg:	85173
	Scaffolds:	0
	Mean coverage:	6

[2026-09-24 09:02:26] root: INFO: Final assembly: /Users/alee083/outputs/flye_output/assembly.fasta
